scenario,edge_index,a,b,length_mm,radius_mm,effective_radius_mm_for_wss,terminal_sites_below,root_flow_ml_min,mean_flow_ml_min,pulsatile_amplitude_ml_min,mean_wss_pa,peak_wss_pa,mean_wss_dyn_cm2,peak_wss_dyn_cm2
intact_pre_hepatectomy,0,0,1,14.879061388551216,1.6176033385480426,1.6176033385480426,667,250.0,250.0,62.5,4.386830128589047,5.483537660736308,43.86830128589047,54.83537660736309
intact_pre_hepatectomy,1,1,2,12.744757483720921,1.4185149712131324,1.6176033385480426,667,250.0,250.0,62.5,4.386830128589047,5.483537660736308,43.86830128589047,54.83537660736309
intact_pre_hepatectomy,2,2,3,12.629562157356032,1.2443124118612137,1.6176033385480426,667,250.0,250.0,62.5,4.386830128589047,5.483537660736308,43.86830128589047,54.83537660736309
intact_pre_hepatectomy,3,3,4,0.159881441258806,1.119879219943347,1.6176033385480426,667,250.0,250.0,62.5,4.386830128589047,5.483537660736308,43.86830128589047,54.83537660736309
intact_pre_hepatectomy,4,4,5,4.516570406967119,1.119879219943347,1.6176033385480426,667,250.0,250.0,62.5,4.386830128589047,5.483537660736308,43.86830128589047,54.83537660736309
intact_pre_hepatectomy,5,5,6,0.1615385257231706,0.9083450705494114,1.6176033385480426,667,250.0,250.0,62.5,4.386830128589047,5.483537660736308,43.86830128589047,54.83537660736309
intact_pre_hepatectomy,6,6,7,12.096337243613128,0.7406745840950653,1.319011594663227,312,250.0,135.54070632986696,33.88517658246674,4.386830128589048,5.483537660736309,43.868301285890475,54.835376607363095
intact_pre_hepatectomy,7,7,160,0.8632794259246684,0.725861092413164,1.319011594663227,312,250.0,135.54070632986696,33.88517658246674,4.386830128589048,5.483537660736309,43.868301285890475,54.835376607363095
intact_pre_hepatectomy,8,160,8,6.330715790114281,0.7166307230618508,1.3022384622765197,309,250.0,130.43539564384955,32.60884891096239,4.386830128589043,5.483537660736305,43.86830128589043,54.835376607363045
intact_pre_hepatectomy,9,8,276,3.043112179342615,0.7092577864515041,1.3022384622765197,309,250.0,130.43539564384955,32.60884891096239,4.386830128589043,5.483537660736305,43.86830128589043,54.835376607363045
intact_pre_hepatectomy,10,276,342,5.932028860331278,0.6569273083524391,1.206156667149719,297,250.0,103.6418294212189,25.910457355304725,4.386830128589046,5.4835376607363076,43.86830128589046,54.835376607363074
intact_pre_hepatectomy,11,342,9,1.4039110269684425,0.632634416321947,1.1615535073870158,291,250.0,92.56388338320471,23.140970845801178,4.3868301285890485,5.48353766073631,43.86830128589048,54.8353766073631
intact_pre_hepatectomy,12,9,68,8.930141145969223,0.5723837052939299,1.1615535073870158,291,250.0,92.56388338320471,23.140970845801178,4.3868301285890485,5.48353766073631,43.86830128589048,54.8353766073631
intact_pre_hepatectomy,13,68,82,3.220879984479059,0.553578469431686,1.1233915410853852,288,250.0,83.73699142550697,20.934247856376743,4.386830128589047,5.483537660736308,43.86830128589047,54.83537660736309
intact_pre_hepatectomy,14,82,10,0.46621347915529465,0.465933910128335,0.9455321011316947,272,250.0,49.928985129046666,12.482246282261666,4.386830128589045,5.483537660736307,43.86830128589045,54.83537660736307
intact_pre_hepatectomy,15,10,106,5.664179974150869,0.38399159959006757,0.7792443865639928,97,250.0,27.94762789321549,6.9869069733038724,4.386830128589045,5.483537660736306,43.86830128589045,54.83537660736306
intact_pre_hepatectomy,16,106,11,0.7723881782933019,0.3243631941423702,0.6582388742702756,87,250.0,16.845134647620778,4.2112836619051945,4.386830128589044,5.483537660736306,43.86830128589044,54.83537660736306
intact_pre_hepatectomy,17,11,432,3.502198328660833,0.31787593025952277,0.6582388742702756,87,250.0,16.845134647620778,4.2112836619051945,4.386830128589044,5.483537660736306,43.86830128589044,54.83537660736306
intact_pre_hepatectomy,18,432,12,5.611358224310183,0.3101106231105473,0.6351309588975917,86,250.0,15.132606971387018,3.7831517428467545,4.386830128589045,5.483537660736306,43.86830128589045,54.83537660736306
intact_pre_hepatectomy,19,12,13,3.609122712248635,0.2609333156950017,0.5344119635225029,15,250.0,9.014723704888945,2.2536809262222364,4.386830128589047,5.483537660736308,43.86830128589047,54.83537660736309
intact_pre_hepatectomy,20,13,14,6.181451559077022,0.25571464938110167,0.5344119635225029,15,250.0,9.014723704888945,2.2536809262222364,4.386830128589047,5.483537660736308,43.86830128589047,54.83537660736309
intact_pre_hepatectomy,21,14,56,5.005975968200014,0.2506003563934796,0.5344119635225029,15,250.0,9.014723704888945,2.2536809262222364,4.386830128589047,5.483537660736308,43.86830128589047,54.83537660736309
intact_pre_hepatectomy,22,56,192,5.330587657631198,0.16993137010235973,0.3623831923761545,7,250.0,2.810787701050539,0.7026969252626347,4.386830128589044,5.483537660736306,43.86830128589044,54.83537660736306
intact_pre_hepatectomy,23,192,258,7.406806623268444,0.15907720170950437,0.2958159432051282,6,250.0,1.528933637823396,0.382233409455849,4.386830128589043,5.483537660736305,43.86830128589043,54.835376607363045
intact_pre_hepatectomy,24,258,426,0.3500787179498308,0.12580443581320366,0.2347892697163928,2,250.0,0.764466818911698,0.1911167047279245,4.386830128589046,5.4835376607363076,43.86830128589046,54.835376607363074
intact_pre_hepatectomy,25,426,15,0.6599403670413233,0.11776882396553744,0.18635236686932363,1,250.0,0.382233409455849,0.09555835236396225,4.386830128589046,5.483537660736307,43.86830128589046,54.83537660736307
intact_pre_hepatectomy,26,426,427,4.183069780780877,0.07098484747368712,0.18635236686932363,1,250.0,0.382233409455849,0.09555835236396225,4.386830128589046,5.483537660736307,43.86830128589046,54.83537660736307
intact_pre_hepatectomy,27,258,1020,11.336423318335687,0.12671162241738348,0.2347892697163928,4,250.0,0.764466818911698,0.1911167047279245,4.386830128589046,5.4835376607363076,43.86830128589046,54.835376607363074
intact_pre_hepatectomy,28,1020,588,2.2554424050479605,0.11624918338761239,0.18635236686932363,3,250.0,0.382233409455849,0.09555835236396225,4.386830128589046,5.483537660736307,43.86830128589046,54.83537660736307
intact_pre_hepatectomy,29,588,259,1.853436235006848,0.07921767219594417,0.15,1,250.0,0.1911167047279245,0.047779176181981124,4.20583067366289,5.2572883420786125,42.05830673662889,52.57288342078613
intact_pre_hepatectomy,30,588,658,12.615630269361239,0.10240346866384593,0.15,2,250.0,0.1911167047279245,0.047779176181981124,4.20583067366289,5.2572883420786125,42.05830673662889,52.57288342078613
intact_pre_hepatectomy,31,658,589,1.7203132185492418,0.0812776869410908,0.15,1,250.0,0.09555835236396225,0.023889588090990562,2.102915336831445,2.6286441710393063,21.029153368314446,26.286441710393063
intact_pre_hepatectomy,32,658,659,7.658015683539712,0.0812776869410908,0.15,1,250.0,0.09555835236396225,0.023889588090990562,2.102915336831445,2.6286441710393063,21.029153368314446,26.286441710393063
intact_pre_hepatectomy,33,1020,1021,3.612808369540739,0.07738883964550443,0.18635236686932363,1,250.0,0.382233409455849,0.09555835236396225,4.386830128589046,5.483537660736307,43.86830128589046,54.83537660736307
intact_pre_hepatectomy,34,192,193,3.250405336815793,0.09588336301290157,0.27893620835623556,1,250.0,1.281854063227143,0.3204635158067857,4.386830128589045,5.483537660736306,43.86830128589045,54.83537660736306
intact_pre_hepatectomy,35,56,172,10.933262454272299,0.2212517157521758,0.4718252022841873,8,250.0,6.203936003838406,1.5509840009596014,4.386830128589047,5.483537660736308,43.86830128589047,54.83537660736309
intact_pre_hepatectomy,36,172,804,1.3119914945126805,0.1756076031673865,0.3744879112255137,4,250.0,3.101968001919203,0.7754920004798007,4.386830128589046,5.4835376607363076,43.86830128589046,54.835376607363074
intact_pre_hepatectomy,37,804,57,0.17890793106990843,0.10725195039557664,0.28625437862601966,1,250.0,1.3854163874104632,0.3463540968526158,4.386830128589043,5.483537660736305,43.86830128589043,54.835376607363045
intact_pre_hepatectomy,38,804,842,3.480264097505396,0.1611078768893102,0.3074522346047117,3,250.0,1.7165516145087398,0.42913790362718496,4.386830128589045,5.483537660736306,43.86830128589045,54.83537660736306
intact_pre_hepatectomy,39,842,906,9.902301551814432,0.14191932314503694,0.24402500032074653,2,250.0,0.8582758072543699,0.21456895181359248,4.386830128589046,5.483537660736307,43.86830128589046,54.83537660736307
intact_pre_hepatectomy,40,906,805,2.4861423850480397,0.11264144142752328,0.19368277110784662,1,250.0,0.42913790362718496,0.10728447590679624,4.386830128589045,5.483537660736306,43.86830128589045,54.83537660736306
intact_pre_hepatectomy,41,906,907,2.8886028254871077,0.11264144142752328,0.19368277110784662,1,250.0,0.42913790362718496,0.10728447590679624,4.386830128589045,5.483537660736306,43.86830128589045,54.83537660736306
intact_pre_hepatectomy,42,842,843,9.06167045951366,0.10978650006552988,0.24402500032074653,1,250.0,0.8582758072543699,0.21456895181359248,4.386830128589046,5.483537660736307,43.86830128589046,54.83537660736307
intact_pre_hepatectomy,43,172,180,14.74435364636,0.1756076031673865,0.3744879112255137,4,250.0,3.101968001919203,0.7754920004798007,4.386830128589046,5.4835376607363076,43.86830128589046,54.835376607363074
intact_pre_hepatectomy,44,180,610,1.7693224375632077,0.13937984700076175,0.2972312521143771,2,250.0,1.5509840009596014,0.38774600023990036,4.386830128589044,5.483537660736306,43.86830128589044,54.83537660736306
intact_pre_hepatectomy,45,610,173,0.24127124148588872,0.11062585787608796,0.2359126011420937,1,250.0,0.7754920004798007,0.19387300011995018,4.386830128589044,5.483537660736306,43.86830128589044,54.83537660736306
intact_pre_hepatectomy,46,610,611,4.452477566390373,0.11062585787608796,0.2359126011420937,1,250.0,0.7754920004798007,0.19387300011995018,4.386830128589044,5.483537660736306,43.86830128589044,54.83537660736306
intact_pre_hepatectomy,47,180,240,6.897638066401447,0.13937984700076175,0.2972312521143771,2,250.0,1.5509840009596014,0.38774600023990036,4.386830128589044,5.483537660736306,43.86830128589044,54.83537660736306
intact_pre_hepatectomy,48,240,181,10.320254880615154,0.11062585787608796,0.2359126011420937,1,250.0,0.7754920004798007,0.19387300011995018,4.386830128589044,5.483537660736306,43.86830128589044,54.83537660736306
intact_pre_hepatectomy,49,240,241,4.205566875974491,0.11062585787608796,0.2359126011420937,1,250.0,0.7754920004798007,0.19387300011995018,4.386830128589044,5.483537660736306,43.86830128589044,54.83537660736306
intact_pre_hepatectomy,50,12,16,11.825979074192642,0.22930443513129875,0.4696335272348785,71,250.0,6.117883266498073,1.5294708166245183,4.386830128589047,5.483537660736308,43.86830128589047,54.83537660736309
intact_pre_hepatectomy,51,16,212,7.908825007833531,0.1476728383587099,0.3059093523877468,3,250.0,1.6908386585695663,0.42270966464239157,4.386830128589045,5.483537660736307,43.86830128589045,54.83537660736307
intact_pre_hepatectomy,52,212,17,1.0784761374318426,0.12100931897786137,0.24280041389360998,1,250.0,0.8454193292847831,0.21135483232119578,4.386830128589042,5.483537660736304,43.868301285890425,54.83537660736304
intact_pre_hepatectomy,53,212,854,12.903274960297171,0.1131427098605708,0.24280041389360998,2,250.0,0.8454193292847831,0.21135483232119578,4.386830128589042,5.483537660736304,43.868301285890425,54.83537660736304
intact_pre_hepatectomy,54,854,213,1.759537494585979,0.08980142832760145,0.19271081621651534,1,250.0,0.42270966464239157,0.10567741616059789,4.386830128589045,5.483537660736306,43.86830128589045,54.83537660736306
intact_pre_hepatectomy,55,854,855,5.109874641406693,0.08980142832760145,0.19271081621651534,1,250.0,0.42270966464239157,0.10567741616059789,4.386830128589045,5.483537660736306,43.86830128589045,54.83537660736306
intact_pre_hepatectomy,56,16,1170,5.912566017636421,0.2067418994932154,0.42162853723588106,68,250.0,4.427044607928507,1.1067611519821268,4.386830128589046,5.4835376607363076,43.86830128589046,54.835376607363074
intact_pre_hepatectomy,57,1170,18,2.669201163290166,0.19802828817538345,0.3738403297034297,67,250.0,3.085903620932447,0.7714759052331117,4.386830128589047,5.483537660736308,43.86830128589047,54.83537660736309
intact_pre_hepatectomy,58,18,130,11.281960983685394,0.19406772241187578,0.3738403297034297,67,250.0,3.085903620932447,0.7714759052331117,4.386830128589047,5.483537660736308,43.86830128589047,54.83537660736309
intact_pre_hepatectomy,59,130,236,3.689637293102002,0.18053345687677,0.32140729517731126,65,250.0,1.9610609639242365,0.4902652409810591,4.386830128589045,5.483537660736307,43.86830128589045,54.83537660736307
intact_pre_hepatectomy,60,236,128,1.995268164507612,0.17425055783217,0.2726633576444619,64,250.0,1.1973034672760987,0.2993258668190247,4.386830128589046,5.4835376607363076,43.86830128589046,54.835376607363074
intact_pre_hepatectomy,61,128,19,2.3136636056311484,0.11541854488556796,0.21251516467499798,48,250.0,0.5668833254694852,0.1417208313673713,4.386830128589047,5.483537660736308,43.86830128589047,54.83537660736309
intact_pre_hepatectomy,62,19,20,10.36765446977808,0.1131101739878566,0.21251516467499798,48,250.0,0.5668833254694852,0.1417208313673713,4.386830128589047,5.483537660736308,43.86830128589047,54.83537660736309
intact_pre_hepatectomy,63,20,1106,6.22157512416166,0.08977559691502225,0.1686733979821435,2,250.0,0.2834416627347426,0.07086041568368565,4.386830128589043,5.483537660736304,43.86830128589043,54.83537660736304
intact_pre_hepatectomy,64,1106,21,0.8483966078402229,0.08259193801695909,0.15,1,250.0,0.1417208313673713,0.03543020784184282,3.1187949818957152,3.898493727369644,31.18794981895715,38.98493727369644
intact_pre_hepatectomy,65,1106,1107,6.95608759596636,0.0543070768108566,0.15,1,250.0,0.1417208313673713,0.03543020784184282,3.1187949818957152,3.898493727369644,31.18794981895715,38.98493727369644
intact_pre_hepatectomy,66,20,66,8.85051588726593,0.08977561226160609,0.1686733979821435,46,250.0,0.2834416627347426,0.07086041568368565,4.386830128589043,5.483537660736304,43.86830128589043,54.83537660736304
intact_pre_hepatectomy,67,66,76,1.0620619064719032,0.04747670828026064,0.15,31,250.0,0.1417208313673713,0.03543020784184282,3.1187949818957152,3.898493727369644,31.18794981895715,38.98493727369644
intact_pre_hepatectomy,68,76,22,0.14482662360981066,0.019966019802511992,0.15,1,250.0,0.07086041568368565,0.01771510392092141,1.5593974909478576,1.949246863684822,15.593974909478575,19.49246863684822
intact_pre_hepatectomy,69,76,84,9.635773360335735,0.046269215832159476,0.15,30,250.0,0.07086041568368565,0.01771510392092141,1.5593974909478576,1.949246863684822,15.593974909478575,19.49246863684822
intact_pre_hepatectomy,70,84,856,4.1425748036049335,0.03269037573669993,0.15,11,250.0,0.03543020784184282,0.008857551960460706,0.7796987454739288,0.974623431842411,7.796987454739288,9.74623431842411
intact_pre_hepatectomy,71,856,102,1.0119785499702125,0.031887762418851245,0.15,10,250.0,0.01771510392092141,0.004428775980230353,0.3898493727369644,0.4873117159212055,3.898493727369644,4.873117159212055
intact_pre_hepatectomy,72,102,132,2.0628950463450217,0.02857233171201198,0.15,7,250.0,0.008857551960460706,0.0022143879901151764,0.1949246863684822,0.24365585796060274,1.949246863684822,2.4365585796060274
intact_pre_hepatectomy,73,132,77,0.2813038699561417,0.014099644554117642,0.15,1,250.0,0.004428775980230353,0.0011071939950575882,0.0974623431842411,0.12182792898030137,0.974623431842411,1.2182792898030137
intact_pre_hepatectomy,74,132,788,9.681581307321734,0.027378668995019884,0.15,6,250.0,0.004428775980230353,0.0011071939950575882,0.0974623431842411,0.12182792898030137,0.974623431842411,1.2182792898030137
intact_pre_hepatectomy,75,788,133,1.3202156328166033,0.014326713146320709,0.15,1,250.0,0.0022143879901151764,0.0005535969975287941,0.04873117159212055,0.060913964490150685,0.4873117159212055,0.6091396449015068
intact_pre_hepatectomy,76,788,928,3.78346413392126,0.026003053216553332,0.15,5,250.0,0.0022143879901151764,0.0005535969975287941,0.04873117159212055,0.060913964490150685,0.4873117159212055,0.6091396449015068
intact_pre_hepatectomy,77,928,1040,5.271331587038652,0.022062177318235114,0.15,3,250.0,0.0011071939950575882,0.00027679849876439705,0.024365585796060275,0.030456982245075342,0.24365585796060274,0.3045698224507534
intact_pre_hepatectomy,78,1040,1350,0.632559790444639,0.019434489067601046,0.15,2,250.0,0.0005535969975287941,0.00013839924938219853,0.012182792898030138,0.015228491122537671,0.12182792898030137,0.1522849112253767
intact_pre_hepatectomy,79,1350,789,0.08625815324244843,0.015425164195187191,0.15,1,250.0,0.00027679849876439705,6.919962469109926e-05,0.006091396449015069,0.007614245561268836,0.060913964490150685,0.07614245561268836
intact_pre_hepatectomy,80,1350,1351,7.249681012394219,0.015425164195187191,0.15,1,250.0,0.00027679849876439705,6.919962469109926e-05,0.006091396449015069,0.007614245561268836,0.060913964490150685,0.07614245561268836
intact_pre_hepatectomy,81,1040,1041,14.402257570834934,0.015034207379309486,0.15,1,250.0,0.0005535969975287941,0.00013839924938219853,0.012182792898030138,0.015228491122537671,0.12182792898030137,0.1522849112253767
intact_pre_hepatectomy,82,928,1222,1.258190942821189,0.018985821172890882,0.15,2,250.0,0.0011071939950575882,0.00027679849876439705,0.024365585796060275,0.030456982245075342,0.24365585796060274,0.3045698224507534
intact_pre_hepatectomy,83,1222,929,0.17157149220289483,0.015069056251163556,0.15,1,250.0,0.0005535969975287941,0.00013839924938219853,0.012182792898030138,0.015228491122537671,0.12182792898030137,0.1522849112253767
intact_pre_hepatectomy,84,1222,1223,9.494811963569939,0.015069056251163556,0.15,1,250.0,0.0005535969975287941,0.00013839924938219853,0.012182792898030138,0.015228491122537671,0.12182792898030137,0.1522849112253767
intact_pre_hepatectomy,85,102,704,7.125212287827421,0.020876514198219447,0.15,3,250.0,0.008857551960460706,0.0022143879901151764,0.1949246863684822,0.24365585796060274,1.949246863684822,2.4365585796060274
intact_pre_hepatectomy,86,704,103,1.9846237885044002,0.014226240650949394,0.15,1,250.0,0.004428775980230353,0.0011071939950575882,0.0974623431842411,0.12182792898030137,0.974623431842411,1.2182792898030137
intact_pre_hepatectomy,87,704,1142,5.843992290191028,0.01839004288210345,0.15,2,250.0,0.004428775980230353,0.0011071939950575882,0.0974623431842411,0.12182792898030137,0.974623431842411,1.2182792898030137
intact_pre_hepatectomy,88,1142,705,2.5185336456831524,0.014596186708395664,0.15,1,250.0,0.0022143879901151764,0.0005535969975287941,0.04873117159212055,0.060913964490150685,0.4873117159212055,0.6091396449015068
intact_pre_hepatectomy,89,1142,1143,4.515964396248216,0.014596186708395664,0.15,1,250.0,0.0022143879901151764,0.0005535969975287941,0.04873117159212055,0.060913964490150685,0.4873117159212055,0.6091396449015068
intact_pre_hepatectomy,90,856,857,8.173900636691263,0.013591070813104988,0.15,1,250.0,0.01771510392092141,0.004428775980230353,0.3898493727369644,0.4873117159212055,3.898493727369644,4.873117159212055
intact_pre_hepatectomy,91,84,144,7.941346501112656,0.040025002028160686,0.15,19,250.0,0.03543020784184282,0.008857551960460706,0.7796987454739288,0.974623431842411,7.796987454739288,9.74623431842411
intact_pre_hepatectomy,92,144,85,1.0829108865153645,0.013542435073012074,0.15,1,250.0,0.01771510392092141,0.004428775980230353,0.3898493727369644,0.4873117159212055,3.898493727369644,4.873117159212055
intact_pre_hepatectomy,93,144,200,5.2089677564442445,0.03950140151638843,0.15,18,250.0,0.01771510392092141,0.004428775980230353,0.3898493727369644,0.4873117159212055,3.898493727369644,4.873117159212055
intact_pre_hepatectomy,94,200,360,2.0946579518206576,0.03751669030901124,0.15,15,250.0,0.008857551960460706,0.0022143879901151764,0.1949246863684822,0.24365585796060274,1.949246863684822,2.4365585796060274
intact_pre_hepatectomy,95,360,582,0.6589233408969909,0.03687317860122994,0.15,14,250.0,0.004428775980230353,0.0011071939950575882,0.0974623431842411,0.12182792898030137,0.974623431842411,1.2182792898030137
intact_pre_hepatectomy,96,582,346,2.22422338666908,0.036188413599658055,0.15,13,250.0,0.0022143879901151764,0.0005535969975287941,0.04873117159212055,0.060913964490150685,0.4873117159212055,0.6091396449015068
intact_pre_hepatectomy,97,346,364,0.5973365615263925,0.035456353713500026,0.15,12,250.0,0.0011071939950575882,0.00027679849876439705,0.024365585796060275,0.030456982245075342,0.24365585796060274,0.3045698224507534
intact_pre_hepatectomy,98,364,145,0.08145498566270043,0.01426416546709364,0.15,1,250.0,0.0005535969975287941,0.00013839924938219853,0.012182792898030138,0.015228491122537671,0.12182792898030137,0.1522849112253767
intact_pre_hepatectomy,99,364,382,9.198262703555026,0.03466948277673707,0.15,11,250.0,0.0005535969975287941,0.00013839924938219853,0.012182792898030138,0.015228491122537671,0.12182792898030137,0.1522849112253767
intact_pre_hepatectomy,100,382,688,5.992207738526455,0.03381827847050159,0.15,10,250.0,0.00027679849876439705,6.919962469109926e-05,0.006091396449015069,0.007614245561268836,0.060913964490150685,0.07614245561268836
intact_pre_hepatectomy,101,688,654,0.9163994642571981,0.0316987049920067,0.15,8,250.0,0.00013839924938219853,3.459981234554963e-05,0.0030456982245075344,0.003807122780634418,0.030456982245075342,0.03807122780634418
intact_pre_hepatectomy,102,654,365,0.9420828003795898,0.014868716830471999,0.15,1,250.0,6.919962469109926e-05,1.7299906172774816e-05,0.0015228491122537672,0.001903561390317209,0.015228491122537671,0.01903561390317209
intact_pre_hepatectomy,103,654,706,4.210458916966537,0.030568404011170162,0.15,7,250.0,6.919962469109926e-05,1.7299906172774816e-05,0.0015228491122537672,0.001903561390317209,0.015228491122537671,0.01903561390317209
intact_pre_hepatectomy,104,706,752,6.906579899549469,0.029291351632181245,0.15,6,250.0,3.459981234554963e-05,8.649953086387408e-06,0.0007614245561268836,0.0009517806951586045,0.007614245561268836,0.009517806951586045
intact_pre_hepatectomy,105,752,712,4.874345836009666,0.02781963489221957,0.15,5,250.0,1.7299906172774816e-05,4.324976543193704e-06,0.0003807122780634418,0.0004758903475793022,0.003807122780634418,0.004758903475793022
intact_pre_hepatectomy,106,712,740,1.155683054441753,0.020312176757095665,0.15,2,250.0,8.649953086387408e-06,2.162488271596852e-06,0.0001903561390317209,0.0002379451737896511,0.001903561390317209,0.002379451737896511
intact_pre_hepatectomy,107,740,655,0.45080681858903315,0.01612178537598884,0.15,1,250.0,4.324976543193704e-06,1.081244135798426e-06,9.517806951586045e-05,0.00011897258689482556,0.0009517806951586045,0.0011897258689482556
intact_pre_hepatectomy,108,740,741,6.456528187504968,0.01612178537598884,0.15,1,250.0,4.324976543193704e-06,1.081244135798426e-06,9.517806951586045e-05,0.00011897258689482556,0.0009517806951586045,0.0011897258689482556
intact_pre_hepatectomy,109,712,1132,4.067344608644761,0.023603448133928867,0.15,3,250.0,8.649953086387408e-06,2.162488271596852e-06,0.0001903561390317209,0.0002379451737896511,0.001903561390317209,0.002379451737896511
intact_pre_hepatectomy,110,1132,974,5.0240534175317455,0.02079218873548718,0.15,2,250.0,4.324976543193704e-06,1.081244135798426e-06,9.517806951586045e-05,0.00011897258689482556,0.0009517806951586045,0.0011897258689482556
intact_pre_hepatectomy,111,974,713,1.239736094478604,0.016502771135716854,0.15,1,250.0,2.162488271596852e-06,5.40622067899213e-07,4.7589034757930225e-05,5.948629344741278e-05,0.0004758903475793022,0.0005948629344741278
intact_pre_hepatectomy,112,974,975,3.753944219259341,0.016502771135716854,0.15,1,250.0,2.162488271596852e-06,5.40622067899213e-07,4.7589034757930225e-05,5.948629344741278e-05,0.0004758903475793022,0.0005948629344741278
intact_pre_hepatectomy,113,1132,1133,5.273525288698484,0.016084501950719043,0.15,1,250.0,4.324976543193704e-06,1.081244135798426e-06,9.517806951586045e-05,0.00011897258689482556,0.0009517806951586045,0.0011897258689482556
intact_pre_hepatectomy,114,752,753,3.233613595004352,0.015327581942665171,0.15,1,250.0,1.7299906172774816e-05,4.324976543193704e-06,0.0003807122780634418,0.0004758903475793022,0.003807122780634418,0.004758903475793022
intact_pre_hepatectomy,115,706,707,5.058880304034301,0.015084650265451272,0.15,1,250.0,3.459981234554963e-05,8.649953086387408e-06,0.0007614245561268836,0.0009517806951586045,0.007614245561268836,0.009517806951586045
intact_pre_hepatectomy,116,688,1018,7.375924761579544,0.018969519840175156,0.15,2,250.0,0.00013839924938219853,3.459981234554963e-05,0.0030456982245075344,0.003807122780634418,0.030456982245075342,0.03807122780634418
intact_pre_hepatectomy,117,1018,689,2.7375814977300323,0.015056117874812841,0.15,1,250.0,6.919962469109926e-05,1.7299906172774816e-05,0.0015228491122537672,0.001903561390317209,0.015228491122537671,0.01903561390317209
intact_pre_hepatectomy,118,1018,1019,2.558485988618944,0.015056117874812841,0.15,1,250.0,6.919962469109926e-05,1.7299906172774816e-05,0.0015228491122537672,0.001903561390317209,0.015228491122537671,0.01903561390317209
intact_pre_hepatectomy,119,382,383,11.064217853954823,0.014413887416514719,0.15,1,250.0,0.00027679849876439705,6.919962469109926e-05,0.006091396449015069,0.007614245561268836,0.060913964490150685,0.07614245561268836
intact_pre_hepatectomy,120,346,347,10.793650730891166,0.01412528806748277,0.15,1,250.0,0.0011071939950575882,0.00027679849876439705,0.024365585796060275,0.030456982245075342,0.24365585796060274,0.3045698224507534
intact_pre_hepatectomy,121,582,583,4.065810092633975,0.013995806622551774,0.15,1,250.0,0.0022143879901151764,0.0005535969975287941,0.04873117159212055,0.060913964490150685,0.4873117159212055,0.6091396449015068
intact_pre_hepatectomy,122,360,361,3.9333543923958603,0.013874543788403497,0.15,1,250.0,0.004428775980230353,0.0011071939950575882,0.0974623431842411,0.12182792898030137,0.974623431842411,1.2182792898030137
intact_pre_hepatectomy,123,200,580,9.716406097149891,0.020670298052322237,0.15,3,250.0,0.008857551960460706,0.0022143879901151764,0.1949246863684822,0.24365585796060274,1.949246863684822,2.4365585796060274
intact_pre_hepatectomy,124,580,1282,4.346798470973838,0.01820838785435197,0.15,2,250.0,0.004428775980230353,0.0011071939950575882,0.0974623431842411,0.12182792898030137,0.974623431842411,1.2182792898030137
intact_pre_hepatectomy,125,1282,201,0.5927452460418863,0.014452007017321657,0.15,1,250.0,0.0022143879901151764,0.0005535969975287941,0.04873117159212055,0.060913964490150685,0.4873117159212055,0.6091396449015068
intact_pre_hepatectomy,126,1282,1283,9.796716332403062,0.014452007017321657,0.15,1,250.0,0.0022143879901151764,0.0005535969975287941,0.04873117159212055,0.060913964490150685,0.4873117159212055,0.6091396449015068
intact_pre_hepatectomy,127,580,581,6.080892428190592,0.014085715250502265,0.15,1,250.0,0.004428775980230353,0.0011071939950575882,0.0974623431842411,0.12182792898030137,0.974623431842411,1.2182792898030137
intact_pre_hepatectomy,128,66,870,4.864873854262549,0.08511157963144456,0.15,15,250.0,0.1417208313673713,0.03543020784184282,3.1187949818957152,3.898493727369644,31.18794981895715,38.98493727369644
intact_pre_hepatectomy,129,870,138,7.494062562931993,0.08365168811357686,0.15,14,250.0,0.07086041568368565,0.01771510392092141,1.5593974909478576,1.949246863684822,15.593974909478575,19.49246863684822
intact_pre_hepatectomy,130,138,372,1.4830723700633481,0.05851587218235648,0.15,5,250.0,0.03543020784184282,0.008857551960460706,0.7796987454739288,0.974623431842411,7.796987454739288,9.74623431842411
intact_pre_hepatectomy,131,372,67,0.2022371413722854,0.03282301904564988,0.15,1,250.0,0.01771510392092141,0.004428775980230353,0.3898493727369644,0.4873117159212055,3.898493727369644,4.873117159212055
intact_pre_hepatectomy,132,372,730,5.861816447278734,0.054848367615058506,0.15,4,250.0,0.01771510392092141,0.004428775980230353,0.3898493727369644,0.4873117159212055,3.898493727369644,4.873117159212055
intact_pre_hepatectomy,133,730,838,5.925391234982901,0.050319598342696205,0.15,3,250.0,0.008857551960460706,0.0022143879901151764,0.1949246863684822,0.24365585796060274,1.949246863684822,2.4365585796060274
intact_pre_hepatectomy,134,838,373,0.8080078956794852,0.034290145791837506,0.15,1,250.0,0.004428775980230353,0.0011071939950575882,0.0974623431842411,0.12182792898030137,0.974623431842411,1.2182792898030137
intact_pre_hepatectomy,135,838,926,5.626309879176384,0.04432634502800905,0.15,2,250.0,0.004428775980230353,0.0011071939950575882,0.0974623431842411,0.12182792898030137,0.974623431842411,1.2182792898030137
intact_pre_hepatectomy,136,926,839,2.976602112506388,0.03518184336368348,0.15,1,250.0,0.0022143879901151764,0.0005535969975287941,0.04873117159212055,0.060913964490150685,0.4873117159212055,0.6091396449015068
intact_pre_hepatectomy,137,926,927,1.7247928876876717,0.03518184336368348,0.15,1,250.0,0.0022143879901151764,0.0005535969975287941,0.04873117159212055,0.060913964490150685,0.4873117159212055,0.6091396449015068
intact_pre_hepatectomy,138,730,731,4.043386309334638,0.03349851769869786,0.15,1,250.0,0.008857551960460706,0.0022143879901151764,0.1949246863684822,0.24365585796060274,1.949246863684822,2.4365585796060274
intact_pre_hepatectomy,139,138,520,6.103367784834926,0.07274766443663322,0.15,9,250.0,0.03543020784184282,0.008857551960460706,0.7796987454739288,0.974623431842411,7.796987454739288,9.74623431842411
intact_pre_hepatectomy,140,520,178,2.441870848380496,0.07048961849078132,0.15,8,250.0,0.01771510392092141,0.004428775980230353,0.3898493727369644,0.4873117159212055,3.898493727369644,4.873117159212055
intact_pre_hepatectomy,141,178,700,1.4712563950024657,0.060689283611595056,0.15,5,250.0,0.008857551960460706,0.0022143879901151764,0.1949246863684822,0.24365585796060274,1.949246863684822,2.4365585796060274
intact_pre_hepatectomy,142,700,139,0.20062587204579088,0.034042139979430314,0.15,1,250.0,0.004428775980230353,0.0011071939950575882,0.0974623431842411,0.12182792898030137,0.974623431842411,1.2182792898030137
intact_pre_hepatectomy,143,700,1302,5.245200150580356,0.05688555965550442,0.15,4,250.0,0.004428775980230353,0.0011071939950575882,0.0974623431842411,0.12182792898030137,0.974623431842411,1.2182792898030137
intact_pre_hepatectomy,144,1302,1172,9.765334798057143,0.05218858168130029,0.15,3,250.0,0.0022143879901151764,0.0005535969975287941,0.04873117159212055,0.060913964490150685,0.4873117159212055,0.6091396449015068
intact_pre_hepatectomy,145,1172,1270,1.8012641938365013,0.04597272542545095,0.15,2,250.0,0.0011071939950575882,0.00027679849876439705,0.024365585796060275,0.030456982245075342,0.24365585796060274,0.3045698224507534
intact_pre_hepatectomy,146,1270,701,0.2456269355231507,0.03648857635110302,0.15,1,250.0,0.0005535969975287941,0.00013839924938219853,0.012182792898030138,0.015228491122537671,0.12182792898030137,0.1522849112253767
intact_pre_hepatectomy,147,1270,1271,3.537058960461442,0.03648857635110302,0.15,1,250.0,0.0005535969975287941,0.00013839924938219853,0.012182792898030138,0.015228491122537671,0.12182792898030137,0.1522849112253767
intact_pre_hepatectomy,148,1172,1173,14.5324980235624,0.03556375912091829,0.15,1,250.0,0.0011071939950575882,0.00027679849876439705,0.024365585796060275,0.030456982245075342,0.24365585796060274,0.3045698224507534
intact_pre_hepatectomy,149,1302,1303,3.976176683334428,0.0347427281755068,0.15,1,250.0,0.0022143879901151764,0.0005535969975287941,0.04873117159212055,0.060913964490150685,0.4873117159212055,0.6091396449015068
intact_pre_hepatectomy,150,178,394,4.059053071444936,0.050227990965110436,0.15,3,250.0,0.008857551960460706,0.0022143879901151764,0.1949246863684822,0.24365585796060274,1.949246863684822,2.4365585796060274
intact_pre_hepatectomy,151,394,179,1.490433576770541,0.034227720207443316,0.15,1,250.0,0.004428775980230353,0.0011071939950575882,0.0974623431842411,0.12182792898030137,0.974623431842411,1.2182792898030137
intact_pre_hepatectomy,152,394,1134,12.60529089243109,0.04424564843344716,0.15,2,250.0,0.004428775980230353,0.0011071939950575882,0.0974623431842411,0.12182792898030137,0.974623431842411,1.2182792898030137
intact_pre_hepatectomy,153,1134,395,1.7189033035133348,0.035117794434134576,0.15,1,250.0,0.0022143879901151764,0.0005535969975287941,0.04873117159212055,0.060913964490150685,0.4873117159212055,0.6091396449015068
intact_pre_hepatectomy,154,1134,1135,7.891887098696668,0.035117794434134576,0.15,1,250.0,0.0022143879901151764,0.0005535969975287941,0.04873117159212055,0.060913964490150685,0.4873117159212055,0.6091396449015068
intact_pre_hepatectomy,155,520,521,9.647601576267727,0.03263227761969652,0.15,1,250.0,0.01771510392092141,0.004428775980230353,0.3898493727369644,0.4873117159212055,3.898493727369644,4.873117159212055
intact_pre_hepatectomy,156,870,871,10.225220878274738,0.031476239742102965,0.15,1,250.0,0.07086041568368565,0.01771510392092141,1.5593974909478576,1.949246863684822,15.593974909478575,19.49246863684822
intact_pre_hepatectomy,157,128,1290,1.439879510542723,0.15540681443887203,0.220175365080625,16,250.0,0.6304201418066135,0.15760503545165339,4.386830128589045,5.483537660736307,43.86830128589045,54.83537660736307
intact_pre_hepatectomy,158,1290,758,6.621119381148017,0.15293168312949904,0.1764279914577886,15,250.0,0.32435931510137905,0.08108982877534476,4.386830128589047,5.4835376607363076,43.86830128589047,54.835376607363074
intact_pre_hepatectomy,159,758,214,1.0992271215942016,0.14704561359058696,0.15,13,250.0,0.16217965755068953,0.04054491438767238,3.5690243788049685,4.461280473506211,35.690243788049685,44.612804735062106
intact_pre_hepatectomy,160,214,129,1.2491217290843104,0.057395764125079705,0.15,1,250.0,0.08108982877534476,0.02027245719383619,1.7845121894024842,2.2306402367531053,17.845121894024842,22.306402367531053
intact_pre_hepatectomy,161,214,506,5.3182866403672335,0.144071009720519,0.15,12,250.0,0.08108982877534476,0.02027245719383619,1.7845121894024842,2.2306402367531053,17.845121894024842,22.306402367531053
intact_pre_hepatectomy,162,506,424,1.2414065309640754,0.1408736902416126,0.15,11,250.0,0.04054491438767238,0.010136228596918095,0.8922560947012421,1.1153201183765526,8.922560947012421,11.153201183765526
intact_pre_hepatectomy,163,424,430,2.4621383223698463,0.10791505002447942,0.15,5,250.0,0.02027245719383619,0.005068114298459048,0.44612804735062106,0.5576600591882763,4.461280473506211,5.576600591882763
intact_pre_hepatectomy,164,430,215,0.33574613486860494,0.06053225578228242,0.15,1,250.0,0.010136228596918095,0.002534057149229524,0.22306402367531053,0.27883002959413816,2.2306402367531053,2.7883002959413816
intact_pre_hepatectomy,165,430,878,3.002561317073827,0.10115143317858197,0.15,4,250.0,0.010136228596918095,0.002534057149229524,0.22306402367531053,0.27883002959413816,2.2306402367531053,2.7883002959413816
intact_pre_hepatectomy,166,878,1032,4.270191363779294,0.08028394571788604,0.15,2,250.0,0.005068114298459048,0.001267028574614762,0.11153201183765526,0.13941501479706908,1.1153201183765526,1.3941501479706908
intact_pre_hepatectomy,167,1032,431,2.5328079934849335,0.06372140994436507,0.15,1,250.0,0.002534057149229524,0.000633514287307381,0.05576600591882763,0.06970750739853454,0.5576600591882763,0.6970750739853454
intact_pre_hepatectomy,168,1032,1033,4.832405045751577,0.06372140994436507,0.15,1,250.0,0.002534057149229524,0.000633514287307381,0.05576600591882763,0.06970750739853454,0.5576600591882763,0.6970750739853454
intact_pre_hepatectomy,169,878,914,2.791790310652463,0.08028394571788604,0.15,2,250.0,0.005068114298459048,0.001267028574614762,0.11153201183765526,0.13941501479706908,1.1153201183765526,1.3941501479706908
intact_pre_hepatectomy,170,914,879,0.38069867872533114,0.06372140994436507,0.15,1,250.0,0.002534057149229524,0.000633514287307381,0.05576600591882763,0.06970750739853454,0.5576600591882763,0.6970750739853454
intact_pre_hepatectomy,171,914,915,6.448804023011069,0.06372140994436507,0.15,1,250.0,0.002534057149229524,0.000633514287307381,0.05576600591882763,0.06970750739853454,0.5576600591882763,0.6970750739853454
intact_pre_hepatectomy,172,424,606,11.253914696192055,0.11545384575909011,0.15,6,250.0,0.02027245719383619,0.005068114298459048,0.44612804735062106,0.5576600591882763,4.461280473506211,5.576600591882763
intact_pre_hepatectomy,173,606,922,1.3504697635430476,0.07867569165289556,0.15,2,250.0,0.010136228596918095,0.002534057149229524,0.22306402367531053,0.27883002959413816,2.2306402367531053,2.7883002959413816
intact_pre_hepatectomy,174,922,425,0.18415496775587006,0.06244493784706606,0.15,1,250.0,0.005068114298459048,0.001267028574614762,0.11153201183765526,0.13941501479706908,1.1153201183765526,1.3941501479706908
intact_pre_hepatectomy,175,922,923,16.935455141711337,0.06244493784706606,0.15,1,250.0,0.005068114298459048,0.001267028574614762,0.11153201183765526,0.13941501479706908,1.1153201183765526,1.3941501479706908
intact_pre_hepatectomy,176,606,830,5.863481905090408,0.10170285873656588,0.15,4,250.0,0.010136228596918095,0.002534057149229524,0.22306402367531053,0.27883002959413816,2.2306402367531053,2.7883002959413816
intact_pre_hepatectomy,177,830,607,0.7995657143305097,0.06211479322968337,0.15,1,250.0,0.005068114298459048,0.001267028574614762,0.11153201183765526,0.13941501479706908,1.1153201183765526,1.3941501479706908
intact_pre_hepatectomy,178,830,1042,4.500994026585348,0.09330536576484963,0.15,3,250.0,0.005068114298459048,0.001267028574614762,0.11153201183765526,0.13941501479706908,1.1153201183765526,1.3941501479706908
intact_pre_hepatectomy,179,1042,1166,6.425909043553254,0.08219234596608468,0.15,2,250.0,0.002534057149229524,0.000633514287307381,0.05576600591882763,0.06970750739853454,0.5576600591882763,0.6970750739853454
intact_pre_hepatectomy,180,1166,831,4.483727143817121,0.06523610822514853,0.15,1,250.0,0.001267028574614762,0.0003167571436536905,0.027883002959413816,0.03485375369926727,0.27883002959413816,0.3485375369926727
intact_pre_hepatectomy,181,1166,1167,3.485947837224506,0.06523610822514853,0.15,1,250.0,0.001267028574614762,0.0003167571436536905,0.027883002959413816,0.03485375369926727,0.27883002959413816,0.3485375369926727
intact_pre_hepatectomy,182,1042,1043,2.9731207973347775,0.06358267356285073,0.15,1,250.0,0.002534057149229524,0.000633514287307381,0.05576600591882763,0.06970750739853454,0.5576600591882763,0.6970750739853454
intact_pre_hepatectomy,183,506,507,4.392582321571678,0.057960069393212216,0.15,1,250.0,0.04054491438767238,0.010136228596918095,0.8922560947012421,1.1153201183765526,8.922560947012421,11.153201183765526
intact_pre_hepatectomy,184,758,832,8.62849987429083,0.07351450764468435,0.15,2,250.0,0.16217965755068953,0.04054491438767238,3.5690243788049685,4.461280473506211,35.690243788049685,44.612804735062106
intact_pre_hepatectomy,185,832,759,2.2749722666417993,0.05834850338504811,0.15,1,250.0,0.08108982877534476,0.02027245719383619,1.7845121894024842,2.2306402367531053,17.845121894024842,22.306402367531053
intact_pre_hepatectomy,186,832,833,2.201789723540235,0.05834850338504811,0.15,1,250.0,0.08108982877534476,0.02027245719383619,1.7845121894024842,2.2306402367531053,17.845121894024842,22.306402367531053
intact_pre_hepatectomy,187,1290,1291,4.695982235319774,0.056092928350085614,0.17304588674577662,1,250.0,0.3060608267052345,0.07651520667630862,4.386830128589047,5.483537660736308,43.86830128589047,54.83537660736309
intact_pre_hepatectomy,188,236,237,7.946724948278862,0.08402301798020406,0.2347166296366281,1,250.0,0.7637574966481377,0.19093937416203444,4.386830128589045,5.483537660736306,43.86830128589045,54.83537660736306
intact_pre_hepatectomy,189,130,936,2.469104871403501,0.11253157277409472,0.2670479760962258,2,250.0,1.1248426570082108,0.2812106642520527,4.386830128589044,5.483537660736305,43.86830128589044,54.835376607363045
intact_pre_hepatectomy,190,936,131,10.007509774721253,0.08931636850061699,0.21195611909056372,1,250.0,0.5624213285041054,0.14060533212602636,4.386830128589044,5.483537660736305,43.86830128589044,54.835376607363045
intact_pre_hepatectomy,191,936,937,2.5405721718826313,0.08931636850061699,0.21195611909056372,1,250.0,0.5624213285041054,0.14060533212602636,4.386830128589044,5.483537660736305,43.86830128589044,54.835376607363045
intact_pre_hepatectomy,192,1170,1171,3.785560392432784,0.10230916070886467,0.2831719143370607,1,250.0,1.34114098699606,0.335285246749015,4.386830128589045,5.483537660736307,43.86830128589045,54.83537660736307
intact_pre_hepatectomy,193,432,433,4.371313409030369,0.13194134547824407,0.30721180357848404,1,250.0,1.7125276762337576,0.4281319190584394,4.386830128589047,5.483537660736309,43.86830128589047,54.835376607363095
intact_pre_hepatectomy,194,106,604,9.985871176758508,0.28228008881600386,0.5728385071014089,10,250.0,11.102493245594708,2.775623311398677,4.386830128589046,5.4835376607363076,43.86830128589046,54.835376607363074
intact_pre_hepatectomy,195,604,480,3.328153684280319,0.25293089641746086,0.5132794088003876,7,250.0,7.987032121831079,1.9967580304577697,4.386830128589046,5.4835376607363076,43.86830128589046,54.835376607363074
intact_pre_hepatectomy,196,480,107,1.8155488446871213,0.12481430539815826,0.29592320093979635,1,250.0,1.5305973354298563,0.3826493338574641,4.386830128589046,5.4835376607363076,43.86830128589046,54.835376607363074
intact_pre_hepatectomy,197,480,942,1.571347511383256,0.24236423409280408,0.4781413329737647,6,250.0,6.456434786401222,1.6141086966003055,4.386830128589047,5.4835376607363076,43.86830128589047,54.835376607363074
intact_pre_hepatectomy,198,942,1070,5.0192918648704365,0.2134977427618146,0.4211929028766494,4,250.0,4.413336469458003,1.1033341173645008,4.386830128589045,5.483537660736306,43.86830128589045,54.83537660736306
intact_pre_hepatectomy,199,1070,844,1.036297370892738,0.1694532707264703,0.33430102855396643,2,250.0,2.2066682347290016,0.5516670586822504,4.386830128589046,5.4835376607363076,43.86830128589046,54.835376607363074
intact_pre_hepatectomy,200,844,481,1.0400368291563242,0.13449515010532553,0.26533490220030875,1,250.0,1.1033341173645008,0.2758335293411252,4.386830128589043,5.483537660736305,43.86830128589043,54.835376607363045
intact_pre_hepatectomy,201,844,845,14.35835726515354,0.13449515010532553,0.26533490220030875,1,250.0,1.1033341173645008,0.2758335293411252,4.386830128589043,5.483537660736305,43.86830128589043,54.835376607363045
intact_pre_hepatectomy,202,1070,1186,6.759983899608892,0.1694532707264703,0.33430102855396643,2,250.0,2.2066682347290016,0.5516670586822504,4.386830128589046,5.4835376607363076,43.86830128589046,54.835376607363074
intact_pre_hepatectomy,203,1186,1071,0.9218159863102927,0.13449515010532553,0.26533490220030875,1,250.0,1.1033341173645008,0.2758335293411252,4.386830128589043,5.483537660736305,43.86830128589043,54.835376607363045
intact_pre_hepatectomy,204,1186,1187,12.619977953579498,0.13449515010532553,0.26533490220030875,1,250.0,1.1033341173645008,0.2758335293411252,4.386830128589043,5.483537660736305,43.86830128589043,54.835376607363045
intact_pre_hepatectomy,205,942,1010,5.548915205778856,0.1651584113444254,0.3258280383144929,2,250.0,2.0430983169432184,0.5107745792358046,4.386830128589045,5.483537660736307,43.86830128589045,54.83537660736307
intact_pre_hepatectomy,206,1010,943,0.8705161550932473,0.13108631795476877,0.25860988539058044,1,250.0,1.0215491584716092,0.2553872896179023,4.386830128589044,5.483537660736306,43.86830128589044,54.83537660736306
intact_pre_hepatectomy,207,1010,1011,9.519899963042622,0.13108631795476877,0.25860988539058044,1,250.0,1.0215491584716092,0.2553872896179023,4.386830128589044,5.483537660736306,43.86830128589044,54.83537660736306
intact_pre_hepatectomy,208,604,1036,2.757166783321061,0.18480519908032628,0.37503011561951455,3,250.0,3.1154611237636303,0.7788652809409076,4.386830128589045,5.483537660736307,43.86830128589045,54.83537660736307
intact_pre_hepatectomy,209,1036,605,1.4563247589954096,0.12593497222288033,0.2850103217098425,1,250.0,1.367431783283873,0.34185794582096823,4.386830128589042,5.483537660736304,43.868301285890425,54.83537660736304
intact_pre_hepatectomy,210,1036,1354,3.879592581776164,0.16279420518453835,0.30932019194762256,2,250.0,1.7480293404797573,0.43700733511993933,4.386830128589042,5.483537660736302,43.868301285890425,54.835376607363024
intact_pre_hepatectomy,211,1354,1037,0.5290353520603828,0.12920984628213156,0.2455075990463307,1,250.0,0.8740146702398787,0.21850366755996967,4.386830128589045,5.483537660736307,43.86830128589045,54.83537660736307
intact_pre_hepatectomy,212,1354,1355,5.417279365258006,0.12920984628213156,0.2455075990463307,1,250.0,0.8740146702398787,0.21850366755996967,4.386830128589045,5.483537660736307,43.86830128589045,54.83537660736307
intact_pre_hepatectomy,213,10,990,5.1416638177765845,0.3544526609056725,0.7193002310682843,175,250.0,21.981357235831172,5.495339308957793,4.386830128589043,5.483537660736305,43.86830128589043,54.835376607363045
intact_pre_hepatectomy,214,990,1140,2.854726821435188,0.3471024846591371,0.7009297208955717,174,250.0,20.339830574831044,5.084957643707761,4.386830128589046,5.483537660736307,43.86830128589046,54.83537660736307
intact_pre_hepatectomy,215,1140,768,3.8202348613881916,0.3322538183214209,0.670944710670169,172,250.0,17.83955863964649,4.459889659911623,4.386830128589046,5.4835376607363076,43.86830128589046,54.835376607363074
intact_pre_hepatectomy,216,768,188,3.9556258094352357,0.32536397267318445,0.6503609031335896,171,250.0,16.247523783029116,4.061880945757279,4.386830128589045,5.483537660736306,43.86830128589045,54.83537660736306
intact_pre_hepatectomy,217,188,634,5.267323921403574,0.2858253238901886,0.5713282090097688,165,250.0,11.014908854682444,2.753727213670611,4.386830128589047,5.483537660736308,43.86830128589047,54.83537660736309
intact_pre_hepatectomy,218,634,50,2.122438030918511,0.2735980277661551,0.5430038799837091,163,250.0,9.456549568774044,2.364137392193511,4.386830128589045,5.483537660736306,43.86830128589045,54.83537660736306
intact_pre_hepatectomy,219,50,786,2.0435500874795056,0.2313504275202728,0.4591560136784658,155,250.0,5.717481067414523,1.4293702668536308,4.386830128589045,5.483537660736307,43.86830128589045,54.83537660736307
intact_pre_hepatectomy,220,786,294,2.0693701108834066,0.2265529845764382,0.4217640641613594,154,250.0,4.431315025387332,1.107828756346833,4.386830128589047,5.4835376607363076,43.86830128589047,54.835376607363074
intact_pre_hepatectomy,221,294,23,2.0340370592760215,0.20743546606633478,0.3790015712112479,150,250.0,3.2154883182957748,0.8038720795739437,4.386830128589045,5.483537660736306,43.86830128589045,54.83537660736306
intact_pre_hepatectomy,222,23,646,5.12274635925388,0.14988796024664597,0.2739849736360374,9,250.0,1.2147982016490184,0.3036995504122546,4.386830128589047,5.4835376607363076,43.86830128589047,54.835376607363074
intact_pre_hepatectomy,223,646,422,8.10382671869799,0.13789412930883144,0.2174620176866626,8,250.0,0.6073991008245092,0.1518497752061273,4.386830128589047,5.4835376607363076,43.86830128589047,54.835376607363074
intact_pre_hepatectomy,224,422,148,1.8036236015388896,0.10406620207722482,0.17259971781946773,4,250.0,0.3036995504122546,0.07592488760306365,4.386830128589042,5.483537660736304,43.868301285890425,54.83537660736304
intact_pre_hepatectomy,225,148,24,2.0495722744760227,0.08310469845580092,0.15,1,250.0,0.1518497752061273,0.037962443801531826,3.341698692743469,4.177123365929336,33.41698692743469,41.77123365929336
intact_pre_hepatectomy,226,148,586,7.611438082080255,0.0820837909651678,0.15,3,250.0,0.1518497752061273,0.037962443801531826,3.341698692743469,4.177123365929336,33.41698692743469,41.77123365929336
intact_pre_hepatectomy,227,586,149,1.0379233748291359,0.05593576363971239,0.15,1,250.0,0.07592488760306365,0.018981221900765913,1.6708493463717344,2.088561682964668,16.708493463717346,20.88561682964668
intact_pre_hepatectomy,228,586,754,5.61196074206728,0.07230730290710116,0.15,2,250.0,0.07592488760306365,0.018981221900765913,1.6708493463717344,2.088561682964668,16.708493463717346,20.88561682964668
intact_pre_hepatectomy,229,754,587,0.7652673739182725,0.057390344349857826,0.15,1,250.0,0.037962443801531826,0.009490610950382956,0.8354246731858672,1.044280841482334,8.354246731858673,10.44280841482334
intact_pre_hepatectomy,230,754,755,4.852670959960989,0.057390344349857826,0.15,1,250.0,0.037962443801531826,0.009490610950382956,0.8354246731858672,1.044280841482334,8.354246731858673,10.44280841482334
intact_pre_hepatectomy,231,422,494,4.5690785907921425,0.1143444629465806,0.17259971781946773,4,250.0,0.3036995504122546,0.07592488760306365,4.386830128589042,5.483537660736304,43.868301285890425,54.83537660736304
intact_pre_hepatectomy,232,494,584,2.1838862181113323,0.09075526038407045,0.15,2,250.0,0.1518497752061273,0.037962443801531826,3.341698692743469,4.177123365929336,33.41698692743469,41.77123365929336
intact_pre_hepatectomy,233,584,423,6.728780432988617,0.07203249790266066,0.15,1,250.0,0.07592488760306365,0.018981221900765913,1.6708493463717344,2.088561682964668,16.708493463717346,20.88561682964668
intact_pre_hepatectomy,234,584,585,7.168237725125438,0.07203249790266066,0.15,1,250.0,0.07592488760306365,0.018981221900765913,1.6708493463717344,2.088561682964668,16.708493463717346,20.88561682964668
intact_pre_hepatectomy,235,494,1226,2.2735850799144504,0.09075526038407045,0.15,2,250.0,0.1518497752061273,0.037962443801531826,3.341698692743469,4.177123365929336,33.41698692743469,41.77123365929336
intact_pre_hepatectomy,236,1226,495,0.3100343290792468,0.07203249790266066,0.15,1,250.0,0.07592488760306365,0.018981221900765913,1.6708493463717344,2.088561682964668,16.708493463717346,20.88561682964668
intact_pre_hepatectomy,237,1226,1227,9.159240434421566,0.07203249790266066,0.15,1,250.0,0.07592488760306365,0.018981221900765913,1.6708493463717344,2.088561682964668,16.708493463717346,20.88561682964668
intact_pre_hepatectomy,238,646,647,5.460135137590248,0.09067050380313992,0.2174620176866626,1,250.0,0.6073991008245092,0.1518497752061273,4.386830128589047,5.4835376607363076,43.86830128589047,54.835376607363074
intact_pre_hepatectomy,239,23,60,11.130635851273519,0.17713993780547396,0.323557874596814,141,250.0,2.0006901166467568,0.5001725291616892,4.386830128589045,5.483537660736306,43.86830128589045,54.83537660736306
intact_pre_hepatectomy,240,60,404,4.0630118930824946,0.11990333738806837,0.2512311472453028,131,250.0,0.9365788572322331,0.23414471430805828,4.386830128589046,5.483537660736307,43.86830128589046,54.83537660736307
intact_pre_hepatectomy,241,404,356,3.6197494991767467,0.113717383885143,0.19940229371218568,130,250.0,0.46828942861611655,0.11707235715402914,4.386830128589046,5.483537660736307,43.86830128589046,54.83537660736307
intact_pre_hepatectomy,242,356,70,3.3008029806605794,0.10785057096307159,0.1582657054017977,129,250.0,0.23414471430805828,0.05853617857701457,4.386830128589044,5.483537660736305,43.86830128589044,54.835376607363045
intact_pre_hepatectomy,243,70,98,2.024419730579333,0.09705849513947241,0.15,127,250.0,0.11707235715402914,0.029268089288507285,2.5763656372026653,3.2204570465033315,25.763656372026652,32.204570465033314
intact_pre_hepatectomy,244,98,25,4.3074654720522965,0.08734632922772889,0.15,125,250.0,0.05853617857701457,0.014634044644253642,1.2881828186013327,1.6102285232516658,12.881828186013326,16.102285232516657
intact_pre_hepatectomy,245,25,340,7.038350842252119,0.06932689417236175,0.15,5,250.0,0.029268089288507285,0.007317022322126821,0.6440914093006663,0.8051142616258329,6.440914093006663,8.051142616258328
intact_pre_hepatectomy,246,340,268,2.578953071147788,0.06229376647024544,0.15,4,250.0,0.014634044644253642,0.0036585111610634106,0.32204570465033316,0.40255713081291644,3.2204570465033315,4.025571308129164
intact_pre_hepatectomy,247,268,26,1.3114505336454432,0.047312030632888455,0.15,1,250.0,0.007317022322126821,0.0018292555805317053,0.16102285232516658,0.20127856540645822,1.6102285232516658,2.012785654064582
intact_pre_hepatectomy,248,268,400,3.2590250280394466,0.051403843105212045,0.15,3,250.0,0.007317022322126821,0.0018292555805317053,0.16102285232516658,0.20127856540645822,1.6102285232516658,2.012785654064582
intact_pre_hepatectomy,249,400,902,3.616313470088658,0.04528145216361807,0.15,2,250.0,0.0036585111610634106,0.0009146277902658526,0.08051142616258329,0.10063928270322911,0.8051142616258329,1.006392827032291
intact_pre_hepatectomy,250,902,269,8.703251965248576,0.03593991239958753,0.15,1,250.0,0.0018292555805317053,0.0004573138951329263,0.040255713081291646,0.050319641351614555,0.40255713081291644,0.5031964135161455
intact_pre_hepatectomy,251,902,903,11.770177040099814,0.03593991239958753,0.15,1,250.0,0.0018292555805317053,0.0004573138951329263,0.040255713081291646,0.050319641351614555,0.40255713081291644,0.5031964135161455
intact_pre_hepatectomy,252,400,401,5.053102658990654,0.03502900127171438,0.15,1,250.0,0.0036585111610634106,0.0009146277902658526,0.08051142616258329,0.10063928270322911,0.8051142616258329,1.006392827032291
intact_pre_hepatectomy,253,340,341,7.051161354985615,0.0450564546633613,0.15,1,250.0,0.014634044644253642,0.0036585111610634106,0.32204570465033316,0.40255713081291644,3.2204570465033315,4.025571308129164
intact_pre_hepatectomy,254,25,48,2.551798662974492,0.06932676072916737,0.15,120,250.0,0.029268089288507285,0.007317022322126821,0.6440914093006663,0.8051142616258329,6.440914093006663,8.051142616258328
intact_pre_hepatectomy,255,48,174,4.022437335655274,0.020252717665327904,0.15,55,250.0,0.014634044644253642,0.0036585111610634106,0.32204570465033316,0.40255713081291644,3.2204570465033315,4.025571308129164
intact_pre_hepatectomy,256,174,158,6.106877181715335,0.018198094881588005,0.15,54,250.0,0.007317022322126821,0.0018292555805317053,0.16102285232516658,0.20127856540645822,1.6102285232516658,2.012785654064582
intact_pre_hepatectomy,257,158,80,1.859511110587297,0.01635191201456556,0.15,53,250.0,0.0036585111610634106,0.0009146277902658526,0.08051142616258329,0.10063928270322911,0.8051142616258329,1.006392827032291
intact_pre_hepatectomy,258,80,86,3.1219425551126205,0.012419241430405055,0.15,50,250.0,0.0018292555805317053,0.0004573138951329263,0.040255713081291646,0.050319641351614555,0.40255713081291644,0.5031964135161455
intact_pre_hepatectomy,259,86,27,0.42571943933354306,0.0040160876548940285,0.15,1,250.0,0.0009146277902658526,0.00022865694756646316,0.020127856540645823,0.025159820675807278,0.20127856540645822,0.25159820675807276
intact_pre_hepatectomy,260,86,150,12.473520654161218,0.012277642752957103,0.15,49,250.0,0.0009146277902658526,0.00022865694756646316,0.020127856540645823,0.025159820675807278,0.20127856540645822,0.25159820675807276
intact_pre_hepatectomy,261,150,190,1.496822478499342,0.010365541597890101,0.15,29,250.0,0.0004573138951329263,0.00011432847378323158,0.010063928270322911,0.012579910337903639,0.10063928270322911,0.12579910337903638
intact_pre_hepatectomy,262,190,87,0.20411215615900802,0.0029928194581839234,0.15,1,250.0,0.00022865694756646316,5.716423689161579e-05,0.005031964135161456,0.006289955168951819,0.050319641351614555,0.06289955168951819
intact_pre_hepatectomy,263,190,452,10.493797981914977,0.010281701113247072,0.15,28,250.0,0.00022865694756646316,5.716423689161579e-05,0.005031964135161456,0.006289955168951819,0.050319641351614555,0.06289955168951819
intact_pre_hepatectomy,264,452,204,1.43097245207932,0.009852163775873253,0.15,24,250.0,0.00011432847378323158,2.8582118445807895e-05,0.002515982067580728,0.0031449775844759097,0.025159820675807278,0.031449775844759095
intact_pre_hepatectomy,265,204,338,1.43097245207932,0.006713728713392837,0.15,8,250.0,5.716423689161579e-05,1.4291059222903948e-05,0.001257991033790364,0.0015724887922379549,0.012579910337903639,0.015724887922379548
intact_pre_hepatectomy,266,338,191,0.19513260710171826,0.0031491674862181105,0.15,1,250.0,2.8582118445807895e-05,7.145529611451974e-06,0.000628995516895182,0.0007862443961189774,0.006289955168951819,0.007862443961189774
intact_pre_hepatectomy,267,338,900,7.674569778137889,0.006474332998276655,0.15,7,250.0,2.8582118445807895e-05,7.145529611451974e-06,0.000628995516895182,0.0007862443961189774,0.006289955168951819,0.007862443961189774
intact_pre_hepatectomy,268,900,612,3.5149939449824945,0.006203855600935453,0.15,6,250.0,1.4291059222903948e-05,3.572764805725987e-06,0.000314497758447591,0.0003931221980594887,0.0031449775844759097,0.003931221980594887
intact_pre_hepatectomy,269,612,1208,3.36333285033094,0.004924003453591874,0.15,3,250.0,7.145529611451974e-06,1.7863824028629934e-06,0.0001572488792237955,0.00019656109902974436,0.0015724887922379549,0.0019656109902974435
intact_pre_hepatectomy,270,1208,339,0.4586362977724161,0.0033554480135806627,0.15,1,250.0,3.572764805725987e-06,8.931912014314967e-07,7.862443961189775e-05,9.828054951487218e-05,0.0007862443961189774,0.0009828054951487217
intact_pre_hepatectomy,271,1208,1318,9.05262795378888,0.00433753613287142,0.15,2,250.0,3.572764805725987e-06,8.931912014314967e-07,7.862443961189775e-05,9.828054951487218e-05,0.0007862443961189774,0.0009828054951487217
intact_pre_hepatectomy,272,1318,1209,4.262770392792918,0.0034427047101350853,0.15,1,250.0,1.7863824028629934e-06,4.4659560071574836e-07,3.931221980594887e-05,4.914027475743609e-05,0.0003931221980594887,0.0004914027475743609
intact_pre_hepatectomy,273,1318,1319,4.863252996423788,0.0034427047101350853,0.15,1,250.0,1.7863824028629934e-06,4.4659560071574836e-07,3.931221980594887e-05,4.914027475743609e-05,0.0003931221980594887,0.0004914027475743609
intact_pre_hepatectomy,274,612,656,3.982485144360906,0.004924003453591874,0.15,3,250.0,7.145529611451974e-06,1.7863824028629934e-06,0.0001572488792237955,0.00019656109902974436,0.0015724887922379549,0.0019656109902974435
intact_pre_hepatectomy,275,656,613,0.5430661560492126,0.0033554480135806627,0.15,1,250.0,3.572764805725987e-06,8.931912014314967e-07,7.862443961189775e-05,9.828054951487218e-05,0.0007862443961189774,0.0009828054951487217
intact_pre_hepatectomy,276,656,1182,7.689170407343751,0.00433753613287142,0.15,2,250.0,3.572764805725987e-06,8.931912014314967e-07,7.862443961189775e-05,9.828054951487218e-05,0.0007862443961189774,0.0009828054951487217
intact_pre_hepatectomy,277,1182,657,1.661826867964343,0.0034427047101350853,0.15,1,250.0,1.7863824028629934e-06,4.4659560071574836e-07,3.931221980594887e-05,4.914027475743609e-05,0.0003931221980594887,0.0004914027475743609
intact_pre_hepatectomy,278,1182,1183,2.5738136827174407,0.0034427047101350853,0.15,1,250.0,1.7863824028629934e-06,4.4659560071574836e-07,3.931221980594887e-05,4.914027475743609e-05,0.0003931221980594887,0.0004914027475743609
intact_pre_hepatectomy,279,900,901,2.2655357171662334,0.003194901799432718,0.15,1,250.0,1.4291059222903948e-05,3.572764805725987e-06,0.000314497758447591,0.0003931221980594887,0.0031449775844759097,0.003931221980594887
intact_pre_hepatectomy,280,204,782,5.00783131571016,0.008678734035745695,0.15,16,250.0,5.716423689161579e-05,1.4291059222903948e-05,0.001257991033790364,0.0015724887922379549,0.012579910337903639,0.015724887922379548
intact_pre_hepatectomy,281,782,384,8.332358671874509,0.008540509683003142,0.15,15,250.0,2.8582118445807895e-05,7.145529611451974e-06,0.000628995516895182,0.0007862443961189774,0.006289955168951819,0.007862443961189774
intact_pre_hepatectomy,282,384,504,1.6008227985101668,0.008005229987062613,0.15,12,250.0,1.4291059222903948e-05,3.572764805725987e-06,0.000314497758447591,0.0003931221980594887,0.0031449775844759097,0.003931221980594887
intact_pre_hepatectomy,283,504,952,0.19209873582121986,0.004889176288450563,0.15,3,250.0,7.145529611451974e-06,1.7863824028629934e-06,0.0001572488792237955,0.00019656109902974436,0.0015724887922379549,0.0019656109902974435
intact_pre_hepatectomy,284,952,205,0.026195282157438538,0.0033317151419055197,0.15,1,250.0,3.572764805725987e-06,8.931912014314967e-07,7.862443961189775e-05,9.828054951487218e-05,0.0007862443961189774,0.0009828054951487217
intact_pre_hepatectomy,285,952,1352,5.371604421713605,0.004306857014014238,0.15,2,250.0,3.572764805725987e-06,8.931912014314967e-07,7.862443961189775e-05,9.828054951487218e-05,0.0007862443961189774,0.0009828054951487217
intact_pre_hepatectomy,286,1352,953,0.7324915120518588,0.0034183546773614115,0.15,1,250.0,1.7863824028629934e-06,4.4659560071574836e-07,3.931221980594887e-05,4.914027475743609e-05,0.0003931221980594887,0.0004914027475743609
intact_pre_hepatectomy,287,1352,1353,10.04704301328663,0.0034183546773614115,0.15,1,250.0,1.7863824028629934e-06,4.4659560071574836e-07,3.931221980594887e-05,4.914027475743609e-05,0.0003931221980594887,0.0004914027475743609
intact_pre_hepatectomy,288,504,948,11.836911805062847,0.0073442469686063085,0.15,9,250.0,7.145529611451974e-06,1.7863824028629934e-06,0.0001572488792237955,0.00019656109902974436,0.0015724887922379549,0.0019656109902974435
intact_pre_hepatectomy,289,948,508,2.1644778788396946,0.007116285738218745,0.15,8,250.0,3.572764805725987e-06,8.931912014314967e-07,7.862443961189775e-05,9.828054951487218e-05,0.0007862443961189774,0.0009828054951487217
intact_pre_hepatectomy,290,508,1152,1.834543087901543,0.004346255579086072,0.15,2,250.0,1.7863824028629934e-06,4.4659560071574836e-07,3.931221980594887e-05,4.914027475743609e-05,0.0003931221980594887,0.0004914027475743609
intact_pre_hepatectomy,291,1152,505,0.2501649665320375,0.0034496253391819447,0.15,1,250.0,8.931912014314967e-07,2.2329780035787418e-07,1.9656109902974436e-05,2.4570137378718045e-05,0.00019656109902974436,0.00024570137378718043
intact_pre_hepatectomy,292,1152,1153,4.357368304500882,0.0034496253391819447,0.15,1,250.0,8.931912014314967e-07,2.2329780035787418e-07,1.9656109902974436e-05,2.4570137378718045e-05,0.00019656109902974436,0.00024570137378718043
intact_pre_hepatectomy,293,508,638,6.4332431928155485,0.006528701866793793,0.15,6,250.0,1.7863824028629934e-06,4.4659560071574836e-07,3.931221980594887e-05,4.914027475743609e-05,0.0003931221980594887,0.0004914027475743609
intact_pre_hepatectomy,294,638,864,5.459735467684835,0.006200673309141878,0.15,5,250.0,8.931912014314967e-07,2.2329780035787418e-07,1.9656109902974436e-05,2.4570137378718045e-05,0.00019656109902974436,0.00024570137378718043
intact_pre_hepatectomy,295,864,509,0.744509381957019,0.003478113040638962,0.15,1,250.0,4.4659560071574836e-07,1.1164890017893709e-07,9.828054951487218e-06,1.2285068689359022e-05,9.828054951487218e-05,0.00012285068689359022
intact_pre_hepatectomy,296,864,1024,6.0579736043569685,0.005812043748759844,0.15,4,250.0,4.4659560071574836e-07,1.1164890017893709e-07,9.828054951487218e-06,1.2285068689359022e-05,9.828054951487218e-05,0.00012285068689359022
intact_pre_hepatectomy,297,1024,1162,1.4682033903712157,0.004613022180433289,0.15,2,250.0,2.2329780035787418e-07,5.5824450089468545e-08,4.914027475743609e-06,6.142534344679511e-06,4.914027475743609e-05,6.142534344679511e-05
intact_pre_hepatectomy,298,1162,865,9.536516735338173,0.003661358130986221,0.15,1,250.0,1.1164890017893709e-07,2.7912225044734273e-08,2.4570137378718045e-06,3.0712671723397556e-06,2.4570137378718045e-05,3.0712671723397554e-05
intact_pre_hepatectomy,299,1162,1163,5.249546607420599,0.003661358130986221,0.15,1,250.0,1.1164890017893709e-07,2.7912225044734273e-08,2.4570137378718045e-06,3.0712671723397556e-06,2.4570137378718045e-05,3.0712671723397554e-05
intact_pre_hepatectomy,300,1024,1334,3.68305047667224,0.004613022180433289,0.15,2,250.0,2.2329780035787418e-07,5.5824450089468545e-08,4.914027475743609e-06,6.142534344679511e-06,4.914027475743609e-05,6.142534344679511e-05
intact_pre_hepatectomy,301,1334,1025,1.9271745254863557,0.003661358130986221,0.15,1,250.0,1.1164890017893709e-07,2.7912225044734273e-08,2.4570137378718045e-06,3.0712671723397556e-06,2.4570137378718045e-05,3.0712671723397554e-05
intact_pre_hepatectomy,302,1334,1335,9.900908734552127,0.003661358130986221,0.15,1,250.0,1.1164890017893709e-07,2.7912225044734273e-08,2.4570137378718045e-06,3.0712671723397556e-06,2.4570137378718045e-05,3.0712671723397554e-05
intact_pre_hepatectomy,303,638,639,2.026446077206355,0.0034163398841783343,0.15,1,250.0,8.931912014314967e-07,2.2329780035787418e-07,1.9656109902974436e-05,2.4570137378718045e-05,0.00019656109902974436,0.00024570137378718043
intact_pre_hepatectomy,304,948,949,5.511172484191064,0.003294394505213715,0.15,1,250.0,3.572764805725987e-06,8.931912014314967e-07,7.862443961189775e-05,9.828054951487218e-05,0.0007862443961189774,0.0009828054951487217
intact_pre_hepatectomy,305,384,810,6.5444788395527125,0.004790585896270586,0.15,3,250.0,1.4291059222903948e-05,3.572764805725987e-06,0.000314497758447591,0.0003931221980594887,0.0031449775844759097,0.003931221980594887
intact_pre_hepatectomy,306,810,385,0.8924289326662882,0.0032645310022686707,0.15,1,250.0,7.145529611451974e-06,1.7863824028629934e-06,0.0001572488792237955,0.00019656109902974436,0.0015724887922379549,0.0019656109902974435
intact_pre_hepatectomy,307,810,1094,8.665349319142692,0.004220009108145556,0.15,2,250.0,7.145529611451974e-06,1.7863824028629934e-06,0.0001572488792237955,0.00019656109902974436,0.0015724887922379549,0.0019656109902974435
intact_pre_hepatectomy,308,1094,811,5.241319696834404,0.0033494234487928204,0.15,1,250.0,3.572764805725987e-06,8.931912014314967e-07,7.862443961189775e-05,9.828054951487218e-05,0.0007862443961189774,0.0009828054951487217
intact_pre_hepatectomy,309,1094,1095,10.630044260086784,0.0033494234487928204,0.15,1,250.0,3.572764805725987e-06,8.931912014314967e-07,7.862443961189775e-05,9.828054951487218e-05,0.0007862443961189774,0.0009828054951487217
intact_pre_hepatectomy,310,782,783,6.742501550505515,0.0031325241958937234,0.15,1,250.0,2.8582118445807895e-05,7.145529611451974e-06,0.000628995516895182,0.0007862443961189774,0.006289955168951819,0.007862443961189774
intact_pre_hepatectomy,311,452,466,3.060985099035323,0.005073731208556346,0.15,4,250.0,0.00011432847378323158,2.8582118445807895e-05,0.002515982067580728,0.0031449775844759097,0.025159820675807278,0.031449775844759095
intact_pre_hepatectomy,312,466,453,0.41740705895935726,0.003098769973996412,0.15,1,250.0,5.716423689161579e-05,1.4291059222903948e-05,0.001257991033790364,0.0015724887922379549,0.012579910337903639,0.015724887922379548
intact_pre_hepatectomy,313,466,840,13.61225927327911,0.004654798813798493,0.15,3,250.0,5.716423689161579e-05,1.4291059222903948e-05,0.001257991033790364,0.0015724887922379549,0.012579910337903639,0.015724887922379548
intact_pre_hepatectomy,314,840,467,1.856217173628967,0.003171999284847039,0.15,1,250.0,2.8582118445807895e-05,7.145529611451974e-06,0.000628995516895182,0.0007862443961189774,0.006289955168951819,0.007862443961189774
intact_pre_hepatectomy,315,840,1058,7.945816344641721,0.004100394777621426,0.15,2,250.0,2.8582118445807895e-05,7.145529611451974e-06,0.000628995516895182,0.0007862443961189774,0.006289955168951819,0.007862443961189774
intact_pre_hepatectomy,316,1058,841,8.578202290104185,0.003254485491740583,0.15,1,250.0,1.4291059222903948e-05,3.572764805725987e-06,0.000314497758447591,0.0003931221980594887,0.0031449775844759097,0.003931221980594887
intact_pre_hepatectomy,317,1058,1059,7.26476240502348,0.003254485491740583,0.15,1,250.0,1.4291059222903948e-05,3.572764805725987e-06,0.000314497758447591,0.0003931221980594887,0.0031449775844759097,0.003931221980594887
intact_pre_hepatectomy,318,150,334,4.496241792047691,0.009032876491850274,0.15,20,250.0,0.0004573138951329263,0.00011432847378323158,0.010063928270322911,0.012579910337903639,0.10063928270322911,0.12579910337903638
intact_pre_hepatectomy,319,334,266,1.5706708153300604,0.005516809090036133,0.15,5,250.0,0.00022865694756646316,5.716423689161579e-05,0.005031964135161456,0.006289955168951819,0.050319641351614555,0.06289955168951819
intact_pre_hepatectomy,320,266,151,1.081494310210618,0.0030945164633138385,0.15,1,250.0,0.00011432847378323158,2.8582118445807895e-05,0.002515982067580728,0.0031449775844759097,0.025159820675807278,0.031449775844759095
intact_pre_hepatectomy,321,266,970,2.8204521922109285,0.005171040979948575,0.15,4,250.0,0.00011432847378323158,2.8582118445807895e-05,0.002515982067580728,0.0031449775844759097,0.025159820675807278,0.031449775844759095
intact_pre_hepatectomy,322,970,288,7.355847699414615,0.004744073824599948,0.15,3,250.0,5.716423689161579e-05,1.4291059222903948e-05,0.001257991033790364,0.0015724887922379549,0.012579910337903639,0.015724887922379548
intact_pre_hepatectomy,323,288,267,2.9944080432757767,0.0032328354845937352,0.15,1,250.0,2.8582118445807895e-05,7.145529611451974e-06,0.000628995516895182,0.0007862443961189774,0.006289955168951819,0.007862443961189774
intact_pre_hepatectomy,324,288,1266,2.2917967438452496,0.004179036799050417,0.15,2,250.0,2.8582118445807895e-05,7.145529611451974e-06,0.000628995516895182,0.0007862443961189774,0.006289955168951819,0.007862443961189774
intact_pre_hepatectomy,325,1266,289,0.31251773779707415,0.0033169037055132255,0.15,1,250.0,1.4291059222903948e-05,3.572764805725987e-06,0.000314497758447591,0.0003931221980594887,0.0031449775844759097,0.003931221980594887
intact_pre_hepatectomy,326,1266,1267,7.137088760532408,0.0033169037055132255,0.15,1,250.0,1.4291059222903948e-05,3.572764805725987e-06,0.000314497758447591,0.0003931221980594887,0.0031449775844759097,0.003931221980594887
intact_pre_hepatectomy,327,970,971,7.081200306331241,0.0031582016989680018,0.15,1,250.0,5.716423689161579e-05,1.4291059222903948e-05,0.001257991033790364,0.0015724887922379549,0.012579910337903639,0.015724887922379548
intact_pre_hepatectomy,328,334,476,7.18070538358536,0.008287041833935969,0.15,15,250.0,0.00022865694756646316,5.716423689161579e-05,0.005031964135161456,0.006289955168951819,0.050319641351614555,0.06289955168951819
intact_pre_hepatectomy,329,476,335,0.9791870977616522,0.003064740622220056,0.15,1,250.0,0.00011432847378323158,2.8582118445807895e-05,0.002515982067580728,0.0031449775844759097,0.025159820675807278,0.031449775844759095
intact_pre_hepatectomy,330,476,572,3.6889216990029174,0.00814489687394385,0.15,14,250.0,0.00011432847378323158,2.8582118445807895e-05,0.002515982067580728,0.0031449775844759097,0.025159820675807278,0.031449775844759095
intact_pre_hepatectomy,331,572,1324,0.5704911258974829,0.0040192782307743105,0.15,2,250.0,5.716423689161579e-05,1.4291059222903948e-05,0.001257991033790364,0.0015724887922379549,0.012579910337903639,0.015724887922379548
intact_pre_hepatectomy,332,1324,477,4.18360158991481,0.003190103245842013,0.15,1,250.0,2.8582118445807895e-05,7.145529611451974e-06,0.000628995516895182,0.0007862443961189774,0.006289955168951819,0.007862443961189774
intact_pre_hepatectomy,333,1324,1325,3.1166983219006763,0.003190103245842013,0.15,1,250.0,2.8582118445807895e-05,7.145529611451974e-06,0.000628995516895182,0.0007862443961189774,0.006289955168951819,0.007862443961189774
intact_pre_hepatectomy,334,572,1076,6.420168364822608,0.007804628539172805,0.15,12,250.0,5.716423689161579e-05,1.4291059222903948e-05,0.001257991033790364,0.0015724887922379549,0.012579910337903639,0.015724887922379548
intact_pre_hepatectomy,335,1076,578,1.7950942048501894,0.0074124922316879775,0.15,10,250.0,2.8582118445807895e-05,7.145529611451974e-06,0.000628995516895182,0.0007862443961189774,0.006289955168951819,0.007862443961189774
intact_pre_hepatectomy,336,578,812,6.787322943850456,0.007209117402963489,0.15,9,250.0,1.4291059222903948e-05,3.572764805725987e-06,0.000314497758447591,0.0003931221980594887,0.0031449775844759097,0.003931221980594887
intact_pre_hepatectomy,337,812,968,0.8500739729901653,0.004912632352399767,0.15,3,250.0,7.145529611451974e-06,1.7863824028629934e-06,0.0001572488792237955,0.00019656109902974436,0.0015724887922379549,0.0019656109902974435
intact_pre_hepatectomy,338,968,573,0.11591917813502833,0.003347699209326789,0.15,1,250.0,3.572764805725987e-06,8.931912014314967e-07,7.862443961189775e-05,9.828054951487218e-05,0.0007862443961189774,0.0009828054951487217
intact_pre_hepatectomy,339,968,1314,8.705801739441236,0.00432751937257542,0.15,2,250.0,3.572764805725987e-06,8.931912014314967e-07,7.862443961189775e-05,9.828054951487218e-05,0.0007862443961189774,0.0009828054951487217
intact_pre_hepatectomy,340,1314,969,1.1871547826510827,0.0034347544022194933,0.15,1,250.0,1.7863824028629934e-06,4.4659560071574836e-07,3.931221980594887e-05,4.914027475743609e-05,0.0003931221980594887,0.0004914027475743609
intact_pre_hepatectomy,341,1314,1315,11.580209447942686,0.0034347544022194933,0.15,1,250.0,1.7863824028629934e-06,4.4659560071574836e-07,3.931221980594887e-05,4.914027475743609e-05,0.0003931221980594887,0.0004914027475743609
intact_pre_hepatectomy,342,812,898,7.309540040097259,0.006350484421097667,0.15,6,250.0,7.145529611451974e-06,1.7863824028629934e-06,0.0001572488792237955,0.00019656109902974436,0.0015724887922379549,0.0019656109902974435
intact_pre_hepatectomy,343,898,984,5.347428993741025,0.00504038282527905,0.15,3,250.0,3.572764805725987e-06,8.931912014314967e-07,7.862443961189775e-05,9.828054951487218e-05,0.0007862443961189774,0.0009828054951487217
intact_pre_hepatectomy,344,984,813,0.7291948627828609,0.003434754402219493,0.15,1,250.0,1.7863824028629934e-06,4.4659560071574836e-07,3.931221980594887e-05,4.914027475743609e-05,0.0003931221980594887,0.0004914027475743609
intact_pre_hepatectomy,345,984,1104,10.71674052311858,0.004440054283918971,0.15,2,250.0,1.7863824028629934e-06,4.4659560071574836e-07,3.931221980594887e-05,4.914027475743609e-05,0.0003931221980594887,0.0004914027475743609
intact_pre_hepatectomy,346,1104,985,6.522021735295191,0.0035240734205444443,0.15,1,250.0,8.931912014314967e-07,2.2329780035787418e-07,1.9656109902974436e-05,2.4570137378718045e-05,0.00019656109902974436,0.00024570137378718043
intact_pre_hepatectomy,347,1104,1105,13.719857215748307,0.0035240734205444443,0.15,1,250.0,8.931912014314967e-07,2.2329780035787418e-07,1.9656109902974436e-05,2.4570137378718045e-05,0.00019656109902974436,0.00024570137378718043
intact_pre_hepatectomy,348,898,1002,9.379853654366023,0.00504038282527905,0.15,3,250.0,3.572764805725987e-06,8.931912014314967e-07,7.862443961189775e-05,9.828054951487218e-05,0.0007862443961189774,0.0009828054951487217
intact_pre_hepatectomy,349,1002,899,1.2790709528681066,0.003434754402219493,0.15,1,250.0,1.7863824028629934e-06,4.4659560071574836e-07,3.931221980594887e-05,4.914027475743609e-05,0.0003931221980594887,0.0004914027475743609
intact_pre_hepatectomy,350,1002,1216,5.8176354391509335,0.004440054283918971,0.15,2,250.0,1.7863824028629934e-06,4.4659560071574836e-07,3.931221980594887e-05,4.914027475743609e-05,0.0003931221980594887,0.0004914027475743609
intact_pre_hepatectomy,351,1216,1003,3.861247458048621,0.0035240734205444443,0.15,1,250.0,8.931912014314967e-07,2.2329780035787418e-07,1.9656109902974436e-05,2.4570137378718045e-05,0.00019656109902974436,0.00024570137378718043
intact_pre_hepatectomy,352,1216,1217,3.6555060659818555,0.0035240734205444443,0.15,1,250.0,8.931912014314967e-07,2.2329780035787418e-07,1.9656109902974436e-05,2.4570137378718045e-05,0.00019656109902974436,0.00024570137378718043
intact_pre_hepatectomy,353,578,579,10.303612968702565,0.0031949123386315753,0.15,1,250.0,1.4291059222903948e-05,3.572764805725987e-06,0.000314497758447591,0.0003931221980594887,0.0031449775844759097,0.003931221980594887
intact_pre_hepatectomy,354,1076,1234,4.104228542796233,0.00408400694404303,0.15,2,250.0,2.8582118445807895e-05,7.145529611451974e-06,0.000628995516895182,0.0007862443961189774,0.006289955168951819,0.007862443961189774
intact_pre_hepatectomy,355,1234,1077,0.5596675285631267,0.0032414784596096697,0.15,1,250.0,1.4291059222903948e-05,3.572764805725987e-06,0.000314497758447591,0.0003931221980594887,0.0031449775844759097,0.003931221980594887
intact_pre_hepatectomy,356,1234,1235,4.8976981728080435,0.0032414784596096697,0.15,1,250.0,1.4291059222903948e-05,3.572764805725987e-06,0.000314497758447591,0.0003931221980594887,0.0031449775844759097,0.003931221980594887
intact_pre_hepatectomy,357,80,428,5.158750896738535,0.013493353767500296,0.15,3,250.0,0.0018292555805317053,0.0004573138951329263,0.040255713081291646,0.050319641351614555,0.40255713081291644,0.5031964135161455
intact_pre_hepatectomy,358,428,81,0.7034660313734232,0.00919500717707107,0.15,1,250.0,0.0009146277902658526,0.00022865694756646316,0.020127856540645823,0.025159820675807278,0.20127856540645822,0.25159820675807276
intact_pre_hepatectomy,359,428,1230,9.994129968698928,0.011886244612085992,0.15,2,250.0,0.0009146277902658526,0.00022865694756646316,0.020127856540645823,0.025159820675807278,0.20127856540645822,0.25159820675807276
intact_pre_hepatectomy,360,1230,429,1.3628359048225775,0.009434118600588326,0.15,1,250.0,0.0004573138951329263,0.00011432847378323158,0.010063928270322911,0.012579910337903639,0.10063928270322911,0.12579910337903638
intact_pre_hepatectomy,361,1230,1231,7.6659105788331185,0.009434118600588326,0.15,1,250.0,0.0004573138951329263,0.00011432847378323158,0.010063928270322911,0.012579910337903639,0.10063928270322911,0.12579910337903638
intact_pre_hepatectomy,362,158,159,2.230311605594733,0.011827196238678186,0.15,1,250.0,0.0036585111610634106,0.0009146277902658526,0.08051142616258329,0.10063928270322911,0.8051142616258329,1.006392827032291
intact_pre_hepatectomy,363,174,175,6.5040499723590255,0.013162524305592328,0.15,1,250.0,0.007317022322126821,0.0018292555805317053,0.16102285232516658,0.20127856540645822,1.6102285232516658,2.012785654064582
intact_pre_hepatectomy,364,48,64,14.868295913554997,0.06874576686187168,0.15,65,250.0,0.014634044644253642,0.0036585111610634106,0.32204570465033316,0.40255713081291644,3.2204570465033315,4.025571308129164
intact_pre_hepatectomy,365,64,112,0.27215114276039554,0.06443709975079107,0.15,52,250.0,0.007317022322126821,0.0018292555805317053,0.16102285232516658,0.20127856540645822,1.6102285232516658,2.012785654064582
intact_pre_hepatectomy,366,112,96,1.5120443668661954,0.04721798712475286,0.15,21,250.0,0.0036585111610634106,0.0009146277902658526,0.08051142616258329,0.10063928270322911,0.8051142616258329,1.006392827032291
intact_pre_hepatectomy,367,96,49,0.24329938767635534,0.01538673419856308,0.15,1,250.0,0.0018292555805317053,0.0004573138951329263,0.040255713081291646,0.050319641351614555,0.40255713081291644,0.5031964135161455
intact_pre_hepatectomy,368,96,186,7.208576250051813,0.04666694947945348,0.15,20,250.0,0.0018292555805317053,0.0004573138951329263,0.040255713081291646,0.050319641351614555,0.40255713081291644,0.5031964135161455
intact_pre_hepatectomy,369,186,97,0.9829876704616125,0.015488359562561371,0.15,1,250.0,0.0009146277902658526,0.00022865694756646316,0.020127856540645823,0.025159820675807278,0.20127856540645822,0.25159820675807276
intact_pre_hepatectomy,370,186,194,5.195502391788293,0.046091184267211205,0.15,19,250.0,0.0009146277902658526,0.00022865694756646316,0.020127856540645823,0.025159820675807278,0.20127856540645822,0.25159820675807276
intact_pre_hepatectomy,371,194,238,0.6234602870145923,0.04097267525196819,0.15,13,250.0,0.0004573138951329263,0.00011432847378323158,0.010063928270322911,0.012579910337903639,0.10063928270322911,0.12579910337903638
intact_pre_hepatectomy,372,238,187,0.08501731186563359,0.01599271101607343,0.15,1,250.0,0.00022865694756646316,5.716423689161579e-05,0.005031964135161456,0.006289955168951819,0.050319641351614555,0.06289955168951819
intact_pre_hepatectomy,373,238,308,3.404782084315907,0.04014383394622968,0.15,12,250.0,0.00022865694756646316,5.716423689161579e-05,0.005031964135161456,0.006289955168951819,0.050319641351614555,0.06289955168951819
intact_pre_hepatectomy,374,308,560,8.330117217721602,0.03371488147174008,0.15,7,250.0,0.00011432847378323158,2.8582118445807895e-05,0.002515982067580728,0.0031449775844759097,0.025159820675807278,0.031449775844759095
intact_pre_hepatectomy,375,560,239,1.1359250751438679,0.016637348667483596,0.15,1,250.0,5.716423689161579e-05,1.4291059222903948e-05,0.001257991033790364,0.0015724887922379549,0.012579910337903639,0.015724887922379548
intact_pre_hepatectomy,376,560,666,2.3668963124713787,0.032306379098666176,0.15,6,250.0,5.716423689161579e-05,1.4291059222903948e-05,0.001257991033790364,0.0015724887922379549,0.012579910337903639,0.015724887922379548
intact_pre_hepatectomy,377,666,690,9.60642449873968,0.03068317510575728,0.15,5,250.0,2.8582118445807895e-05,7.145529611451974e-06,0.000628995516895182,0.0007862443961189774,0.006289955168951819,0.007862443961189774
intact_pre_hepatectomy,378,690,836,1.1527709398487667,0.022402956711389626,0.15,2,250.0,1.4291059222903948e-05,3.572764805725987e-06,0.000314497758447591,0.0003931221980594887,0.0031449775844759097,0.003931221980594887
intact_pre_hepatectomy,379,836,561,0.1571960372521053,0.01778123852542897,0.15,1,250.0,7.145529611451974e-06,1.7863824028629934e-06,0.0001572488792237955,0.00019656109902974436,0.0015724887922379549,0.0019656109902974435
intact_pre_hepatectomy,380,836,837,13.674421335108146,0.01778123852542897,0.15,1,250.0,7.145529611451974e-06,1.7863824028629934e-06,0.0001572488792237955,0.00019656109902974436,0.0015724887922379549,0.0019656109902974435
intact_pre_hepatectomy,381,690,1108,6.386082438670896,0.02603300636398889,0.15,3,250.0,1.4291059222903948e-05,3.572764805725987e-06,0.000314497758447591,0.0003931221980594887,0.0031449775844759097,0.003931221980594887
intact_pre_hepatectomy,382,1108,691,0.8708294234551176,0.017740117429824096,0.15,1,250.0,7.145529611451974e-06,1.7863824028629934e-06,0.0001572488792237955,0.00019656109902974436,0.0015724887922379549,0.0019656109902974435
intact_pre_hepatectomy,383,1108,1244,11.859735855640961,0.022932377447603777,0.15,2,250.0,7.145529611451974e-06,1.7863824028629934e-06,0.0001572488792237955,0.00019656109902974436,0.0015724887922379549,0.0019656109902974435
intact_pre_hepatectomy,384,1244,1109,1.6172367075873986,0.018201440042229032,0.15,1,250.0,3.572764805725987e-06,8.931912014314967e-07,7.862443961189775e-05,9.828054951487218e-05,0.0007862443961189774,0.0009828054951487217
intact_pre_hepatectomy,385,1244,1245,15.754534702569305,0.018201440042229032,0.15,1,250.0,3.572764805725987e-06,8.931912014314967e-07,7.862443961189775e-05,9.828054951487218e-05,0.0007862443961189774,0.0009828054951487217
intact_pre_hepatectomy,386,666,667,3.8156318700811673,0.016905285871532744,0.15,1,250.0,2.8582118445807895e-05,7.145529611451974e-06,0.000628995516895182,0.0007862443961189774,0.006289955168951819,0.007862443961189774
intact_pre_hepatectomy,387,308,408,5.908889914199312,0.029764606303449646,0.15,5,250.0,0.00011432847378323158,2.8582118445807895e-05,0.002515982067580728,0.0031449775844759097,0.025159820675807278,0.031449775844759095
intact_pre_hepatectomy,388,408,309,0.8057577155726355,0.01669571354144439,0.15,1,250.0,5.716423689161579e-05,1.4291059222903948e-05,0.001257991033790364,0.0015724887922379549,0.012579910337903639,0.015724887922379548
intact_pre_hepatectomy,389,408,996,6.10736553385497,0.027899098271346148,0.15,4,250.0,5.716423689161579e-05,1.4291059222903948e-05,0.001257991033790364,0.0015724887922379549,0.012579910337903639,0.015724887922379548
intact_pre_hepatectomy,390,996,482,1.5738764538279542,0.025595500471232224,0.15,3,250.0,2.8582118445807895e-05,7.145529611451974e-06,0.000628995516895182,0.0007862443961189774,0.006289955168951819,0.007862443961189774
intact_pre_hepatectomy,391,482,552,0.9217490385219393,0.022546980151265186,0.15,2,250.0,1.4291059222903948e-05,3.572764805725987e-06,0.000314497758447591,0.0003931221980594887,0.0031449775844759097,0.003931221980594887
intact_pre_hepatectomy,392,552,409,0.1256930507075486,0.01789555000541224,0.15,1,250.0,7.145529611451974e-06,1.7863824028629934e-06,0.0001572488792237955,0.00019656109902974436,0.0015724887922379549,0.0019656109902974435
intact_pre_hepatectomy,393,552,553,7.648746693279435,0.01789555000541224,0.15,1,250.0,7.145529611451974e-06,1.7863824028629934e-06,0.0001572488792237955,0.00019656109902974436,0.0015724887922379549,0.0019656109902974435
intact_pre_hepatectomy,394,482,483,6.399711996467381,0.017441980295555982,0.15,1,250.0,1.4291059222903948e-05,3.572764805725987e-06,0.000314497758447591,0.0003931221980594887,0.0031449775844759097,0.003931221980594887
intact_pre_hepatectomy,395,996,997,7.265006172182619,0.01703931179464698,0.15,1,250.0,2.8582118445807895e-05,7.145529611451974e-06,0.000628995516895182,0.0007862443961189774,0.006289955168951819,0.007862443961189774
intact_pre_hepatectomy,396,194,528,10.947024710309616,0.030769956080418354,0.15,6,250.0,0.0004573138951329263,0.00011432847378323158,0.010063928270322911,0.012579910337903639,0.10063928270322911,0.12579910337903638
intact_pre_hepatectomy,397,528,224,1.4927760968604065,0.027105138646546435,0.15,4,250.0,0.00022865694756646316,5.716423689161579e-05,0.005031964135161456,0.006289955168951819,0.050319641351614555,0.06289955168951819
intact_pre_hepatectomy,398,224,1220,1.492776096860419,0.02151336280063586,0.15,2,250.0,0.00011432847378323158,2.8582118445807895e-05,0.002515982067580728,0.0031449775844759097,0.025159820675807278,0.031449775844759095
intact_pre_hepatectomy,399,1220,195,0.2035603768445953,0.017075167370551453,0.15,1,250.0,5.716423689161579e-05,1.4291059222903948e-05,0.001257991033790364,0.0015724887922379549,0.012579910337903639,0.015724887922379548
intact_pre_hepatectomy,400,1220,1221,3.2070463255797406,0.017075167370551453,0.15,1,250.0,5.716423689161579e-05,1.4291059222903948e-05,0.001257991033790364,0.0015724887922379549,0.012579910337903639,0.015724887922379548
intact_pre_hepatectomy,401,224,500,8.751938206887687,0.02151336280063586,0.15,2,250.0,0.00011432847378323158,2.8582118445807895e-05,0.002515982067580728,0.0031449775844759097,0.025159820675807278,0.031449775844759095
intact_pre_hepatectomy,402,500,225,1.1934461191210584,0.017075167370551453,0.15,1,250.0,5.716423689161579e-05,1.4291059222903948e-05,0.001257991033790364,0.0015724887922379549,0.012579910337903639,0.015724887922379548
intact_pre_hepatectomy,403,500,501,8.850285625193484,0.017075167370551453,0.15,1,250.0,5.716423689161579e-05,1.4291059222903948e-05,0.001257991033790364,0.0015724887922379549,0.012579910337903639,0.015724887922379548
intact_pre_hepatectomy,404,528,876,3.426222793029094,0.020968098211362796,0.15,2,250.0,0.00022865694756646316,5.716423689161579e-05,0.005031964135161456,0.006289955168951819,0.050319641351614555,0.06289955168951819
intact_pre_hepatectomy,405,876,529,0.46721219904941963,0.016642390579244916,0.15,1,250.0,0.00011432847378323158,2.8582118445807895e-05,0.002515982067580728,0.0031449775844759097,0.025159820675807278,0.031449775844759095
intact_pre_hepatectomy,406,876,877,3.6631942233129693,0.016642390579244916,0.15,1,250.0,0.00011432847378323158,2.8582118445807895e-05,0.002515982067580728,0.0031449775844759097,0.025159820675807278,0.031449775844759095
intact_pre_hepatectomy,407,112,114,8.774033580391146,0.05454473076716304,0.15,31,250.0,0.0036585111610634106,0.0009146277902658526,0.08051142616258329,0.10063928270322911,0.8051142616258329,1.006392827032291
intact_pre_hepatectomy,408,114,1016,0.1435750949518486,0.019924289286603652,0.15,2,250.0,0.0018292555805317053,0.0004573138951329263,0.040255713081291646,0.050319641351614555,0.40255713081291644,0.5031964135161455
intact_pre_hepatectomy,409,1016,113,1.0528840296469513,0.015813918886636687,0.15,1,250.0,0.0009146277902658526,0.00022865694756646316,0.020127856540645823,0.025159820675807278,0.20127856540645822,0.25159820675807276
intact_pre_hepatectomy,410,1016,1017,6.178782287852983,0.015813918886636687,0.15,1,250.0,0.0009146277902658526,0.00022865694756646316,0.020127856540645823,0.025159820675807278,0.20127856540645822,0.25159820675807276
intact_pre_hepatectomy,411,114,632,8.33839575982777,0.05364375074237933,0.15,29,250.0,0.0018292555805317053,0.0004573138951329263,0.040255713081291646,0.050319641351614555,0.40255713081291644,0.5031964135161455
intact_pre_hepatectomy,412,632,1188,5.15651321595114,0.0494041676730536,0.15,22,250.0,0.0009146277902658526,0.00022865694756646316,0.020127856540645823,0.025159820675807278,0.20127856540645822,0.25159820675807276
intact_pre_hepatectomy,413,1188,118,1.6929799500476308,0.04885737222913959,0.15,21,250.0,0.0004573138951329263,0.00011432847378323158,0.010063928270322911,0.012579910337903639,0.10063928270322911,0.12579910337903638
intact_pre_hepatectomy,414,118,115,2.0710757626127183,0.01592095398187652,0.15,1,250.0,0.00022865694756646316,5.716423689161579e-05,0.005031964135161456,0.006289955168951819,0.050319641351614555,0.06289955168951819
intact_pre_hepatectomy,415,118,256,6.626045843964712,0.04828720282997546,0.15,20,250.0,0.00022865694756646316,5.716423689161579e-05,0.005031964135161456,0.006289955168951819,0.050319641351614555,0.06289955168951819
intact_pre_hepatectomy,416,256,119,2.570069013729768,0.016026107728131483,0.15,1,250.0,0.00011432847378323158,2.8582118445807895e-05,0.002515982067580728,0.0031449775844759097,0.025159820675807278,0.031449775844759095
intact_pre_hepatectomy,417,256,260,4.138583527045098,0.047691447335002995,0.15,19,250.0,0.00011432847378323158,2.8582118445807895e-05,0.002515982067580728,0.0031449775844759097,0.025159820675807278,0.031449775844759095
intact_pre_hepatectomy,418,260,257,0.564352299142502,0.016136372176017415,0.15,1,250.0,5.716423689161579e-05,1.4291059222903948e-05,0.001257991033790364,0.0015724887922379549,0.012579910337903639,0.015724887922379548
intact_pre_hepatectomy,419,260,416,6.860137849414981,0.04706755564315004,0.15,18,250.0,5.716423689161579e-05,1.4291059222903948e-05,0.001257991033790364,0.0015724887922379549,0.012579910337903639,0.015724887922379548
intact_pre_hepatectomy,420,416,348,3.43569547542389,0.04019873998646222,0.15,11,250.0,2.8582118445807895e-05,7.145529611451974e-06,0.000628995516895182,0.0007862443961189774,0.006289955168951819,0.007862443961189774
intact_pre_hepatectomy,421,348,474,1.831654355586394,0.028312332805731234,0.15,4,250.0,1.4291059222903948e-05,3.572764805725987e-06,0.000314497758447591,0.0003931221980594887,0.0031449775844759097,0.003931221980594887
intact_pre_hepatectomy,422,474,696,0.2197985226703692,0.02247151343974577,0.15,2,250.0,7.145529611451974e-06,1.7863824028629934e-06,0.0001572488792237955,0.00019656109902974436,0.0015724887922379549,0.0019656109902974435
intact_pre_hepatectomy,423,696,261,0.029972525818677317,0.01783565203678499,0.15,1,250.0,3.572764805725987e-06,8.931912014314967e-07,7.862443961189775e-05,9.828054951487218e-05,0.0007862443961189774,0.0009828054951487217
intact_pre_hepatectomy,424,696,697,9.847554180431079,0.01783565203678499,0.15,1,250.0,3.572764805725987e-06,8.931912014314967e-07,7.862443961189775e-05,9.828054951487218e-05,0.0007862443961189774,0.0009828054951487217
intact_pre_hepatectomy,425,474,1276,7.061880675948623,0.02247151343974577,0.15,2,250.0,7.145529611451974e-06,1.7863824028629934e-06,0.0001572488792237955,0.00019656109902974436,0.0015724887922379549,0.0019656109902974435
intact_pre_hepatectomy,426,1276,475,0.9629837285384476,0.01783565203678499,0.15,1,250.0,3.572764805725987e-06,8.931912014314967e-07,7.862443961189775e-05,9.828054951487218e-05,0.0007862443961189774,0.0009828054951487217
intact_pre_hepatectomy,427,1276,1277,4.863518607908177,0.01783565203678499,0.15,1,250.0,3.572764805725987e-06,8.931912014314967e-07,7.862443961189775e-05,9.828054951487218e-05,0.0007862443961189774,0.0009828054951487217
intact_pre_hepatectomy,428,348,380,12.073917280523663,0.03483290912915534,0.15,7,250.0,1.4291059222903948e-05,3.572764805725987e-06,0.000314497758447591,0.0003931221980594887,0.0031449775844759097,0.003931221980594887
intact_pre_hepatectomy,429,380,349,2.110775091889886,0.017189063967799838,0.15,1,250.0,7.145529611451974e-06,1.7863824028629934e-06,0.0001572488792237955,0.00019656109902974436,0.0015724887922379549,0.0019656109902974435
intact_pre_hepatectomy,430,380,738,3.4840190388569865,0.033377699054915354,0.15,6,250.0,7.145529611451974e-06,1.7863824028629934e-06,0.0001572488792237955,0.00019656109902974436,0.0015724887922379549,0.0019656109902974435
intact_pre_hepatectomy,431,738,602,3.6520280381327153,0.0317006675864681,0.15,5,250.0,3.572764805725987e-06,8.931912014314967e-07,7.862443961189775e-05,9.828054951487218e-05,0.0007862443961189774,0.0009828054951487217
intact_pre_hepatectomy,432,602,1090,0.856325649238796,0.026896293430413946,0.15,3,250.0,1.7863824028629934e-06,4.4659560071574836e-07,3.931221980594887e-05,4.914027475743609e-05,0.0003931221980594887,0.0004914027475743609
intact_pre_hepatectomy,433,1090,381,0.11677167944163801,0.01832840192220657,0.15,1,250.0,8.931912014314967e-07,2.2329780035787418e-07,1.9656109902974436e-05,2.4570137378718045e-05,0.00019656109902974436,0.00024570137378718043
intact_pre_hepatectomy,434,1090,1146,10.273128439497052,0.023692843779309487,0.15,2,250.0,8.931912014314967e-07,2.2329780035787418e-07,1.9656109902974436e-05,2.4570137378718045e-05,0.00019656109902974436,0.00024570137378718043
intact_pre_hepatectomy,435,1146,1091,1.4008811508405126,0.01880502256969705,0.15,1,250.0,4.4659560071574836e-07,1.1164890017893709e-07,9.828054951487218e-06,1.2285068689359022e-05,9.828054951487218e-05,0.00012285068689359022
intact_pre_hepatectomy,436,1146,1147,9.712520996041256,0.01880502256969705,0.15,1,250.0,4.4659560071574836e-07,1.1164890017893709e-07,9.828054951487218e-06,1.2285068689359022e-05,9.828054951487218e-05,0.00012285068689359022
intact_pre_hepatectomy,437,602,1206,12.165630184538115,0.023145866789012322,0.15,2,250.0,1.7863824028629934e-06,4.4659560071574836e-07,3.931221980594887e-05,4.914027475743609e-05,0.0003931221980594887,0.0004914027475743609
intact_pre_hepatectomy,438,1206,603,1.6589495706188475,0.018370886644796993,0.15,1,250.0,8.931912014314967e-07,2.2329780035787418e-07,1.9656109902974436e-05,2.4570137378718045e-05,0.00019656109902974436,0.00024570137378718043
intact_pre_hepatectomy,439,1206,1207,6.192118883898509,0.018370886644796993,0.15,1,250.0,8.931912014314967e-07,2.2329780035787418e-07,1.9656109902974436e-05,2.4570137378718045e-05,0.00019656109902974436,0.00024570137378718043
intact_pre_hepatectomy,440,738,739,2.7700341879018664,0.017465886304808106,0.15,1,250.0,3.572764805725987e-06,8.931912014314967e-07,7.862443961189775e-05,9.828054951487218e-05,0.0007862443961189774,0.0009828054951487217
intact_pre_hepatectomy,441,416,478,12.499160806216729,0.03400248988446265,0.15,7,250.0,2.8582118445807895e-05,7.145529611451974e-06,0.000628995516895182,0.0007862443961189774,0.006289955168951819,0.007862443961189774
intact_pre_hepatectomy,442,478,918,1.499899296745991,0.02547941791542588,0.15,3,250.0,1.4291059222903948e-05,3.572764805725987e-06,0.000314497758447591,0.0003931221980594887,0.0031449775844759097,0.003931221980594887
intact_pre_hepatectomy,443,918,417,0.20453172228355918,0.017362876171246804,0.15,1,250.0,7.145529611451974e-06,1.7863824028629934e-06,0.0001572488792237955,0.00019656109902974436,0.0015724887922379549,0.0019656109902974435
intact_pre_hepatectomy,444,918,1258,5.084290838637149,0.022444723464211325,0.15,2,250.0,7.145529611451974e-06,1.7863824028629934e-06,0.0001572488792237955,0.00019656109902974436,0.0015724887922379549,0.0019656109902974435
intact_pre_hepatectomy,445,1258,919,0.6933123870868674,0.017814388819112202,0.15,1,250.0,3.572764805725987e-06,8.931912014314967e-07,7.862443961189775e-05,9.828054951487218e-05,0.0007862443961189774,0.0009828054951487217
intact_pre_hepatectomy,446,1258,1259,4.656798381403097,0.017814388819112202,0.15,1,250.0,3.572764805725987e-06,8.931912014314967e-07,7.862443961189775e-05,9.828054951487218e-05,0.0007862443961189774,0.0009828054951487217
intact_pre_hepatectomy,447,478,518,5.464004306428213,0.028344128507430236,0.15,4,250.0,1.4291059222903948e-05,3.572764805725987e-06,0.000314497758447591,0.0003931221980594887,0.0031449775844759097,0.003931221980594887
intact_pre_hepatectomy,448,518,479,6.3386991732359075,0.017311113014777106,0.15,1,250.0,7.145529611451974e-06,1.7863824028629934e-06,0.0001572488792237955,0.00019656109902974436,0.0015724887922379549,0.0019656109902974435
intact_pre_hepatectomy,449,518,590,4.133609605480767,0.026003785051135722,0.15,3,250.0,7.145529611451974e-06,1.7863824028629934e-06,0.0001572488792237955,0.00019656109902974436,0.0015724887922379549,0.0019656109902974435
intact_pre_hepatectomy,450,590,519,0.5636740371110145,0.01772020465009283,0.15,1,250.0,3.572764805725987e-06,8.931912014314967e-07,7.862443961189775e-05,9.828054951487218e-05,0.0007862443961189774,0.0009828054951487217
intact_pre_hepatectomy,451,590,616,12.068854795671507,0.02290663650295475,0.15,2,250.0,3.572764805725987e-06,8.931912014314967e-07,7.862443961189775e-05,9.828054951487218e-05,0.0007862443961189774,0.0009828054951487217
intact_pre_hepatectomy,452,616,591,1.6457529266824777,0.018181009440921766,0.15,1,250.0,1.7863824028629934e-06,4.4659560071574836e-07,3.931221980594887e-05,4.914027475743609e-05,0.0003931221980594887,0.0004914027475743609
intact_pre_hepatectomy,453,616,617,9.930117275967092,0.018181009440921766,0.15,1,250.0,1.7863824028629934e-06,4.4659560071574836e-07,3.931221980594887e-05,4.914027475743609e-05,0.0003931221980594887,0.0004914027475743609
intact_pre_hepatectomy,454,1188,1189,2.22520112694264,0.0158204653924026,0.15,1,250.0,0.0004573138951329263,0.00011432847378323158,0.010063928270322911,0.012579910337903639,0.10063928270322911,0.12579910337903638
intact_pre_hepatectomy,455,632,1238,3.5961019028583845,0.03232728824363703,0.15,7,250.0,0.0009146277902658526,0.00022865694756646316,0.020127856540645823,0.025159820675807278,0.20127856540645822,0.25159820675807276
intact_pre_hepatectomy,456,1238,770,4.006726604051755,0.030976755178753708,0.15,6,250.0,0.0004573138951329263,0.00011432847378323158,0.010063928270322911,0.012579910337903639,0.10063928270322911,0.12579910337903638
intact_pre_hepatectomy,457,770,1150,3.4796813727399565,0.027287307194909353,0.15,4,250.0,0.00022865694756646316,5.716423689161579e-05,0.005031964135161456,0.006289955168951819,0.050319641351614555,0.06289955168951819
intact_pre_hepatectomy,458,1150,994,1.6110401342003255,0.02503422430979742,0.15,3,250.0,0.00011432847378323158,2.8582118445807895e-05,0.002515982067580728,0.0031449775844759097,0.025159820675807278,0.031449775844759095
intact_pre_hepatectomy,459,994,633,0.694189296400961,0.017059500267118395,0.15,1,250.0,5.716423689161579e-05,1.4291059222903948e-05,0.001257991033790364,0.0015724887922379549,0.012579910337903639,0.015724887922379548
intact_pre_hepatectomy,460,994,1124,6.450654752911891,0.022052554090502188,0.15,2,250.0,5.716423689161579e-05,1.4291059222903948e-05,0.001257991033790364,0.0015724887922379549,0.012579910337903639,0.015724887922379548
intact_pre_hepatectomy,461,1124,995,0.8796347390334385,0.0175031237809244,0.15,1,250.0,2.8582118445807895e-05,7.145529611451974e-06,0.000628995516895182,0.0007862443961189774,0.006289955168951819,0.007862443961189774
intact_pre_hepatectomy,462,1124,1125,5.064402413274495,0.0175031237809244,0.15,1,250.0,2.8582118445807895e-05,7.145529611451974e-06,0.000628995516895182,0.0007862443961189774,0.006289955168951819,0.007862443961189774
intact_pre_hepatectomy,463,1150,1151,2.485163191775519,0.01666566176469975,0.15,1,250.0,0.00011432847378323158,2.8582118445807895e-05,0.002515982067580728,0.0031449775844759097,0.025159820675807278,0.031449775844759095
intact_pre_hepatectomy,464,770,1054,9.419802118691647,0.02110902086307488,0.15,2,250.0,0.00022865694756646316,5.716423689161579e-05,0.005031964135161456,0.006289955168951819,0.050319641351614555,0.06289955168951819
intact_pre_hepatectomy,465,1054,771,1.2845184707306767,0.016754240962031874,0.15,1,250.0,0.00011432847378323158,2.8582118445807895e-05,0.002515982067580728,0.0031449775844759097,0.025159820675807278,0.031449775844759095
intact_pre_hepatectomy,466,1054,1055,6.513469328577063,0.016754240962031874,0.15,1,250.0,0.00011432847378323158,2.8582118445807895e-05,0.002515982067580728,0.0031449775844759097,0.025159820675807278,0.031449775844759095
intact_pre_hepatectomy,467,1238,1239,0.6947488515069442,0.01595261031644,0.15,1,250.0,0.0004573138951329263,0.00011432847378323158,0.010063928270322911,0.012579910337903639,0.10063928270322911,0.12579910337903638
intact_pre_hepatectomy,468,64,358,12.333121412225532,0.0385612233204545,0.15,13,250.0,0.007317022322126821,0.0018292555805317053,0.16102285232516658,0.20127856540645822,1.6102285232516658,2.012785654064582
intact_pre_hepatectomy,469,358,742,0.20181471401823933,0.02970843035493513,0.15,6,250.0,0.0036585111610634106,0.0009146277902658526,0.08051142616258329,0.10063928270322911,0.8051142616258329,1.006392827032291
intact_pre_hepatectomy,470,742,65,1.4799745694670694,0.015545830945982888,0.15,1,250.0,0.0018292555805317053,0.0004573138951329263,0.040255713081291646,0.050319641351614555,0.40255713081291644,0.5031964135161455
intact_pre_hepatectomy,471,742,826,8.757353964100817,0.02821575788217332,0.15,5,250.0,0.0018292555805317053,0.0004573138951329263,0.040255713081291646,0.050319641351614555,0.40255713081291644,0.5031964135161455
intact_pre_hepatectomy,472,826,938,2.4477277014122625,0.023939536960552725,0.15,3,250.0,0.0009146277902658526,0.00022865694756646316,0.020127856540645823,0.025159820675807278,0.20127856540645822,0.25159820675807276
intact_pre_hepatectomy,473,938,743,0.3337810501925555,0.01631352871650229,0.15,1,250.0,0.0004573138951329263,0.00011432847378323158,0.010063928270322911,0.012579910337903639,0.10063928270322911,0.12579910337903638
intact_pre_hepatectomy,474,938,1068,14.326666413737403,0.02108824811949755,0.15,2,250.0,0.0004573138951329263,0.00011432847378323158,0.010063928270322911,0.012579910337903639,0.10063928270322911,0.12579910337903638
intact_pre_hepatectomy,475,1068,939,1.9536363291460055,0.016737753624528413,0.15,1,250.0,0.00022865694756646316,5.716423689161579e-05,0.005031964135161456,0.006289955168951819,0.050319641351614555,0.06289955168951819
intact_pre_hepatectomy,476,1068,1069,9.63391323211551,0.016737753624528413,0.15,1,250.0,0.00022865694756646316,5.716423689161579e-05,0.005031964135161456,0.006289955168951819,0.050319641351614555,0.06289955168951819
intact_pre_hepatectomy,477,826,1252,14.379242900826158,0.020601401264198748,0.15,2,250.0,0.0009146277902658526,0.00022865694756646316,0.020127856540645823,0.025159820675807278,0.20127856540645822,0.25159820675807276
intact_pre_hepatectomy,478,1252,827,1.9608058501126528,0.01635134301940405,0.15,1,250.0,0.0004573138951329263,0.00011432847378323158,0.010063928270322911,0.012579910337903639,0.10063928270322911,0.12579910337903638
intact_pre_hepatectomy,479,1252,1253,9.435592093034735,0.01635134301940405,0.15,1,250.0,0.0004573138951329263,0.00011432847378323158,0.010063928270322911,0.012579910337903639,0.10063928270322911,0.12579910337903638
intact_pre_hepatectomy,480,358,674,8.825615566754802,0.03145392259737545,0.15,7,250.0,0.0036585111610634106,0.0009146277902658526,0.08051142616258329,0.10063928270322911,0.8051142616258329,1.006392827032291
intact_pre_hepatectomy,481,674,892,1.0590738680105722,0.028380864065920604,0.15,5,250.0,0.0018292555805317053,0.0004573138951329263,0.040255713081291646,0.050319641351614555,0.40255713081291644,0.5031964135161455
intact_pre_hepatectomy,482,892,359,0.14441916381962608,0.015919537845470053,0.15,1,250.0,0.0009146277902658526,0.00022865694756646316,0.020127856540645823,0.025159820675807278,0.20127856540645822,0.25159820675807276
intact_pre_hepatectomy,483,892,912,6.9594529900432995,0.02660208260537509,0.15,4,250.0,0.0009146277902658526,0.00022865694756646316,0.020127856540645823,0.025159820675807278,0.20127856540645822,0.25159820675807276
intact_pre_hepatectomy,484,912,893,3.4418386919886363,0.01624716238106824,0.15,1,250.0,0.0004573138951329263,0.00011432847378323158,0.010063928270322911,0.012579910337903639,0.10063928270322911,0.12579910337903638
intact_pre_hepatectomy,485,912,1086,2.8018660471170462,0.02440557795951959,0.15,3,250.0,0.0004573138951329263,0.00011432847378323158,0.010063928270322911,0.012579910337903639,0.10063928270322911,0.12579910337903638
intact_pre_hepatectomy,486,1086,1000,7.102330598513399,0.021498781883632846,0.15,2,250.0,0.00022865694756646316,5.716423689161579e-05,0.005031964135161456,0.006289955168951819,0.050319641351614555,0.06289955168951819
intact_pre_hepatectomy,487,1000,913,1.3505722698586902,0.017063594489056828,0.15,1,250.0,0.00011432847378323158,2.8582118445807895e-05,0.002515982067580728,0.0031449775844759097,0.025159820675807278,0.031449775844759095
intact_pre_hepatectomy,488,1000,1001,13.952323664476918,0.017063594489056828,0.15,1,250.0,0.00011432847378323158,2.8582118445807895e-05,0.002515982067580728,0.0031449775844759097,0.025159820675807278,0.031449775844759095
intact_pre_hepatectomy,489,1086,1087,1.9645510978301524,0.016631111016955347,0.15,1,250.0,0.00022865694756646316,5.716423689161579e-05,0.005031964135161456,0.006289955168951819,0.050319641351614555,0.06289955168951819
intact_pre_hepatectomy,490,674,766,6.572755573978463,0.02021344909883395,0.15,2,250.0,0.0018292555805317053,0.0004573138951329263,0.040255713081291646,0.050319641351614555,0.40255713081291644,0.5031964135161455
intact_pre_hepatectomy,491,766,675,0.8962848509970651,0.016043425181697338,0.15,1,250.0,0.0009146277902658526,0.00022865694756646316,0.020127856540645823,0.025159820675807278,0.20127856540645822,0.25159820675807276
intact_pre_hepatectomy,492,766,767,4.752652658317421,0.016043425181697338,0.15,1,250.0,0.0009146277902658526,0.00022865694756646316,0.020127856540645823,0.025159820675807278,0.20127856540645822,0.25159820675807276
intact_pre_hepatectomy,493,98,1268,6.796371056678022,0.06282142202043892,0.15,2,250.0,0.05853617857701457,0.014634044644253642,1.2881828186013327,1.6102285232516658,12.881828186013326,16.102285232516657
intact_pre_hepatectomy,494,1268,99,2.055825916934233,0.04986139570069149,0.15,1,250.0,0.029268089288507285,0.007317022322126821,0.6440914093006663,0.8051142616258329,6.440914093006663,8.051142616258328
intact_pre_hepatectomy,495,1268,1269,6.673507398516243,0.04986139570069149,0.15,1,250.0,0.029268089288507285,0.007317022322126821,0.6440914093006663,0.8051142616258329,6.440914093006663,8.051142616258328
intact_pre_hepatectomy,496,70,1214,5.168050738552285,0.06980662768241272,0.15,2,250.0,0.11707235715402914,0.029268089288507285,2.5763656372026653,3.2204570465033315,25.763656372026652,32.204570465033314
intact_pre_hepatectomy,497,1214,71,0.7047341916207706,0.055405557108707204,0.15,1,250.0,0.05853617857701457,0.014634044644253642,1.2881828186013327,1.6102285232516658,12.881828186013326,16.102285232516657
intact_pre_hepatectomy,498,1214,1215,8.691834774699679,0.055405557108707204,0.15,1,250.0,0.05853617857701457,0.014634044644253642,1.2881828186013327,1.6102285232516658,12.881828186013326,16.102285232516657
intact_pre_hepatectomy,499,356,357,2.763727126441522,0.06000576297503018,0.1582657054017977,1,250.0,0.23414471430805828,0.05853617857701457,4.386830128589044,5.483537660736305,43.86830128589044,54.835376607363045
intact_pre_hepatectomy,500,404,405,2.5273079863986845,0.0632699328582031,0.19940229371218568,1,250.0,0.46828942861611655,0.11707235715402914,4.386830128589046,5.483537660736307,43.86830128589046,54.83537660736307
intact_pre_hepatectomy,501,60,88,8.3882599503379,0.15652083473788198,0.26215272585993693,10,250.0,1.0641112594145234,0.26602781485363086,4.386830128589046,5.4835376607363076,43.86830128589046,54.835376607363074
intact_pre_hepatectomy,502,88,140,1.0065911940405645,0.1327994209459624,0.20807075640319747,6,250.0,0.5320556297072617,0.13301390742681543,4.386830128589043,5.483537660736304,43.86830128589043,54.83537660736304
intact_pre_hepatectomy,503,140,61,0.13726243555096895,0.06949129668196695,0.16514586879912732,1,250.0,0.26602781485363086,0.06650695371340772,4.386830128589045,5.483537660736306,43.86830128589045,54.83537660736306
intact_pre_hepatectomy,504,140,374,2.0807003458593996,0.12612703746166237,0.16514586879912732,5,250.0,0.26602781485363086,0.06650695371340772,4.386830128589045,5.483537660736306,43.86830128589045,54.83537660736306
intact_pre_hepatectomy,505,374,142,6.505984212773334,0.11822197736943865,0.15,4,250.0,0.13301390742681543,0.03325347685670386,2.92718510752826,3.658981384410325,29.2718510752826,36.589813844103254
intact_pre_hepatectomy,506,142,141,1.170911530722636,0.0722038079433729,0.15,1,250.0,0.06650695371340772,0.01662673842835193,1.46359255376413,1.8294906922051626,14.6359255376413,18.294906922051627
intact_pre_hepatectomy,507,142,1126,15.200250219709352,0.10846051897588689,0.15,3,250.0,0.06650695371340772,0.01662673842835193,1.46359255376413,1.8294906922051626,14.6359255376413,18.294906922051627
intact_pre_hepatectomy,508,1126,1338,0.248731367231604,0.0955424634612551,0.15,2,250.0,0.03325347685670386,0.008313369214175964,0.731796276882065,0.9147453461025813,7.31796276882065,9.147453461025814
intact_pre_hepatectomy,509,1338,143,1.8240300263651177,0.07583210350301482,0.15,1,250.0,0.01662673842835193,0.004156684607087982,0.3658981384410325,0.45737267305129065,3.658981384410325,4.573726730512907
intact_pre_hepatectomy,510,1338,1339,6.984051150375634,0.07583210350301482,0.15,1,250.0,0.01662673842835193,0.004156684607087982,0.3658981384410325,0.45737267305129065,3.658981384410325,4.573726730512907
intact_pre_hepatectomy,511,1126,1127,6.139520499145258,0.07391010919866263,0.15,1,250.0,0.03325347685670386,0.008313369214175964,0.731796276882065,0.9147453461025813,7.31796276882065,9.147453461025814
intact_pre_hepatectomy,512,374,375,9.896523178763065,0.07074781590666916,0.15,1,250.0,0.13301390742681543,0.03325347685670386,2.92718510752826,3.658981384410325,29.2718510752826,36.589813844103254
intact_pre_hepatectomy,513,88,570,4.353627384476243,0.11428183273006144,0.20807075640319747,4,250.0,0.5320556297072617,0.13301390742681543,4.386830128589043,5.483537660736304,43.86830128589043,54.83537660736304
intact_pre_hepatectomy,514,570,218,4.164970309309152,0.1048457077374362,0.16514586879912732,3,250.0,0.26602781485363086,0.06650695371340772,4.386830128589045,5.483537660736306,43.86830128589045,54.83537660736306
intact_pre_hepatectomy,515,218,89,1.1616269582434509,0.07144680646058667,0.15,1,250.0,0.13301390742681543,0.03325347685670386,2.92718510752826,3.658981384410325,29.2718510752826,36.589813844103254
intact_pre_hepatectomy,516,218,1102,4.807746707978977,0.09235818982942977,0.15,2,250.0,0.13301390742681543,0.03325347685670386,2.92718510752826,3.658981384410325,29.2718510752826,36.589813844103254
intact_pre_hepatectomy,517,1102,219,0.6556018238153107,0.07330474384655775,0.15,1,250.0,0.06650695371340772,0.01662673842835193,1.46359255376413,1.8294906922051626,14.6359255376413,18.294906922051627
intact_pre_hepatectomy,518,1102,1103,5.73239927575474,0.07330474384655775,0.15,1,250.0,0.06650695371340772,0.01662673842835193,1.46359255376413,1.8294906922051626,14.6359255376413,18.294906922051627
intact_pre_hepatectomy,519,570,571,3.888517040869604,0.0697973734280571,0.16514586879912732,1,250.0,0.26602781485363086,0.06650695371340772,4.386830128589045,5.483537660736306,43.86830128589045,54.83537660736306
intact_pre_hepatectomy,520,294,1080,5.370207818508779,0.13928680695909323,0.27406227469080585,4,250.0,1.2158267070915567,0.3039566767728892,4.386830128589046,5.4835376607363076,43.86830128589046,54.835376607363074
intact_pre_hepatectomy,521,1080,295,0.7323010661602739,0.08506910544468571,0.21752337157449145,1,250.0,0.6079133535457784,0.1519783383864446,4.386830128589044,5.483537660736305,43.86830128589044,54.835376607363045
intact_pre_hepatectomy,522,1080,1156,1.507417833797067,0.12778604879927122,0.21752337157449145,3,250.0,0.6079133535457784,0.1519783383864446,4.386830128589044,5.483537660736305,43.86830128589044,54.835376607363045
intact_pre_hepatectomy,523,1156,1340,1.7992618607919655,0.1125662500377382,0.1726484144325086,2,250.0,0.3039566767728892,0.0759891691932223,4.386830128589046,5.4835376607363076,43.86830128589046,54.835376607363074
intact_pre_hepatectomy,524,1340,1081,9.25513558705314,0.0893438918630105,0.15,1,250.0,0.1519783383864446,0.03799458459661115,3.344527932437884,4.180659915547355,33.44527932437884,41.80659915547355
intact_pre_hepatectomy,525,1340,1341,6.548283513488193,0.0893438918630105,0.15,1,250.0,0.1519783383864446,0.03799458459661115,3.344527932437884,4.180659915547355,33.44527932437884,41.80659915547355
intact_pre_hepatectomy,526,1156,1157,6.286247304975981,0.08707943600121924,0.1726484144325086,1,250.0,0.3039566767728892,0.0759891691932223,4.386830128589046,5.4835376607363076,43.86830128589046,54.835376607363074
intact_pre_hepatectomy,527,786,787,3.3101397118187066,0.09103566669610667,0.2792486258456624,1,250.0,1.2861660420271912,0.3215415105067978,4.386830128589047,5.483537660736308,43.86830128589047,54.83537660736309
intact_pre_hepatectomy,528,50,126,7.406397863103988,0.20081209571565142,0.3985472702838959,8,250.0,3.7390685013595197,0.9347671253398799,4.386830128589044,5.483537660736305,43.86830128589044,54.835376607363045
intact_pre_hepatectomy,529,126,51,1.0099633449687182,0.09419369618041426,0.2718294023843673,1,250.0,1.18635098701671,0.2965877467541775,4.386830128589045,5.483537660736306,43.86830128589045,54.83537660736306
intact_pre_hepatectomy,530,126,526,8.018819061702773,0.19365161049051435,0.35093467700271197,7,250.0,2.55271751434281,0.6381793785857025,4.386830128589045,5.483537660736306,43.86830128589045,54.83537660736306
intact_pre_hepatectomy,531,526,378,6.298826497345731,0.14511085307131355,0.2679574907885851,3,250.0,1.1363748458498413,0.2840937114624603,4.386830128589046,5.4835376607363076,43.86830128589046,54.835376607363074
intact_pre_hepatectomy,532,378,954,1.5075176439715134,0.12782760499679938,0.2126780013802796,2,250.0,0.5681874229249206,0.14204685573123016,4.386830128589043,5.483537660736305,43.86830128589043,54.835376607363045
intact_pre_hepatectomy,533,954,127,0.44488856862601733,0.10145683732124743,0.16880264156077499,1,250.0,0.2840937114624603,0.07102342786561508,4.386830128589046,5.4835376607363076,43.86830128589046,54.835376607363074
intact_pre_hepatectomy,534,954,955,3.3226701842546644,0.10145683732124743,0.16880264156077499,1,250.0,0.2840937114624603,0.07102342786561508,4.386830128589046,5.4835376607363076,43.86830128589046,54.835376607363074
intact_pre_hepatectomy,535,378,379,12.82265654858163,0.09888537412213845,0.2126780013802796,1,250.0,0.5681874229249206,0.14204685573123016,4.386830128589043,5.483537660736305,43.86830128589043,54.835376607363045
intact_pre_hepatectomy,536,526,778,11.392913286322578,0.16142600592088097,0.2883687166305503,4,250.0,1.416342668492969,0.35408566712324224,4.386830128589047,5.4835376607363076,43.86830128589047,54.835376607363074
intact_pre_hepatectomy,537,778,527,1.5535790844985207,0.09859057163418862,0.2288784020670276,1,250.0,0.7081713342464845,0.17704283356162112,4.386830128589047,5.483537660736308,43.86830128589047,54.83537660736309
intact_pre_hepatectomy,538,778,964,5.029871652134148,0.1480972384996615,0.2288784020670276,3,250.0,0.7081713342464845,0.17704283356162112,4.386830128589047,5.483537660736308,43.86830128589047,54.83537660736309
intact_pre_hepatectomy,539,964,779,0.6858915889273862,0.10092043789652039,0.18166090810700009,1,250.0,0.35408566712324224,0.08852141678081056,4.386830128589044,5.483537660736306,43.86830128589044,54.83537660736306
intact_pre_hepatectomy,540,964,1038,7.67333612424204,0.1304583006947666,0.18166090810700009,2,250.0,0.35408566712324224,0.08852141678081056,4.386830128589044,5.483537660736306,43.86830128589044,54.83537660736306
intact_pre_hepatectomy,541,1038,965,4.457611625245277,0.10354482188042813,0.15,1,250.0,0.17704283356162112,0.04426070839040528,3.8961124879465485,4.870140609933186,38.96112487946549,48.70140609933186
intact_pre_hepatectomy,542,1038,1039,10.929302832166899,0.10354482188042813,0.15,1,250.0,0.17704283356162112,0.04426070839040528,3.8961124879465485,4.870140609933186,38.96112487946549,48.70140609933186
intact_pre_hepatectomy,543,634,1204,9.156397175036314,0.1421174291413558,0.29770164157459633,2,250.0,1.5583592859084012,0.3895898214771003,4.386830128589046,5.483537660736307,43.86830128589046,54.83537660736307
intact_pre_hepatectomy,544,1204,635,1.2485996147776866,0.11279867826100215,0.23628594950408705,1,250.0,0.7791796429542006,0.19479491073855015,4.386830128589047,5.4835376607363076,43.86830128589047,54.835376607363074
intact_pre_hepatectomy,545,1204,1205,6.5125246985400755,0.11279867826100215,0.23628594950408705,1,250.0,0.7791796429542006,0.19479491073855015,4.386830128589047,5.4835376607363076,43.86830128589047,54.835376607363074
intact_pre_hepatectomy,546,188,542,8.92093940969603,0.2230214629460698,0.4457913359862737,6,250.0,5.232614928346673,1.3081537320866683,4.386830128589046,5.4835376607363076,43.86830128589046,54.835376607363074
intact_pre_hepatectomy,547,542,189,1.2164917376858257,0.11670269747891425,0.28527889758279973,1,250.0,1.3713011734181415,0.3428252933545354,4.386830128589046,5.4835376607363076,43.86830128589046,54.835376607363074
intact_pre_hepatectomy,548,542,760,5.826450212763904,0.21181595681203852,0.4028441509985618,5,250.0,3.8613137549285317,0.9653284387321329,4.386830128589045,5.483537660736307,43.86830128589045,54.83537660736307
intact_pre_hepatectomy,549,760,546,8.269103265796675,0.19854031107588946,0.35746377624879244,4,250.0,2.6978638059197397,0.6744659514799349,4.386830128589047,5.483537660736308,43.86830128589047,54.83537660736309
intact_pre_hepatectomy,550,546,543,1.9221209288946326,0.12125805039737769,0.25390276744630363,1,250.0,0.9667767746054026,0.24169419365135064,4.386830128589045,5.483537660736306,43.86830128589045,54.83537660736306
intact_pre_hepatectomy,551,546,556,10.890442194879586,0.18214705637711365,0.3083176113089803,3,250.0,1.731087031314337,0.43277175782858424,4.386830128589045,5.483537660736307,43.86830128589045,54.83537660736307
intact_pre_hepatectomy,552,556,547,1.4850602993017517,0.12412358851095331,0.23620516494536267,1,250.0,0.7783807275023078,0.19459518187557695,4.386830128589045,5.483537660736306,43.86830128589045,54.83537660736306
intact_pre_hepatectomy,553,556,1192,1.6442155053522027,0.16045265726927385,0.25266497584140385,2,250.0,0.9527063038120291,0.23817657595300729,4.386830128589042,5.483537660736302,43.868301285890425,54.835376607363024
intact_pre_hepatectomy,554,1192,557,6.396785647261924,0.12735135847016915,0.20054032422308207,1,250.0,0.47635315190601457,0.11908828797650364,4.386830128589044,5.483537660736305,43.86830128589044,54.835376607363045
intact_pre_hepatectomy,555,1192,1193,3.337374561874142,0.12735135847016915,0.20054032422308207,1,250.0,0.47635315190601457,0.11908828797650364,4.386830128589044,5.483537660736305,43.86830128589044,54.835376607363045
intact_pre_hepatectomy,556,760,761,12.611665165119348,0.11881287803329313,0.27006891520797244,1,250.0,1.1634499490087922,0.29086248725219804,4.386830128589046,5.4835376607363076,43.86830128589046,54.835376607363074
intact_pre_hepatectomy,557,768,769,2.910456504211274,0.13074083409924617,0.29983078540790925,1,250.0,1.592034856617372,0.398008714154343,4.386830128589047,5.483537660736309,43.86830128589047,54.835376607363095
intact_pre_hepatectomy,558,1140,1322,2.8943675556435733,0.17258552215368192,0.34851471026660186,2,250.0,2.500271935184554,0.6250679837961385,4.386830128589044,5.483537660736305,43.86830128589044,54.835376607363045
intact_pre_hepatectomy,559,1322,1141,3.9785302950316686,0.13698121971061786,0.276616308851798,1,250.0,1.250135967592277,0.31253399189806924,4.386830128589044,5.483537660736305,43.86830128589044,54.835376607363045
intact_pre_hepatectomy,560,1322,1323,0.8385335713568383,0.13698121971061786,0.276616308851798,1,250.0,1.250135967592277,0.31253399189806924,4.386830128589044,5.483537660736305,43.86830128589044,54.835376607363045
intact_pre_hepatectomy,561,990,991,5.323979942786991,0.13947600894288106,0.3029060948312865,1,250.0,1.6415266610001287,0.41038166525003217,4.386830128589045,5.483537660736306,43.86830128589045,54.83537660736306
intact_pre_hepatectomy,562,82,232,2.963975875076134,0.4091475231076231,0.8302939725726846,16,250.0,33.808006296460306,8.452001574115076,4.386830128589045,5.483537660736306,43.86830128589045,54.83537660736306
intact_pre_hepatectomy,563,232,83,0.4041785284194662,0.14767874099445105,0.30417079526296015,1,250.0,1.6621738467438132,0.4155434616859533,4.386830128589044,5.483537660736306,43.86830128589044,54.83537660736306
intact_pre_hepatectomy,564,232,550,4.886907315321605,0.40263111745158653,0.8164575146190892,15,250.0,32.145832449716494,8.036458112429123,4.386830128589046,5.4835376607363076,43.86830128589046,54.835376607363074
intact_pre_hepatectomy,565,550,292,1.7828000470616931,0.3957249155488315,0.8021518928624756,14,250.0,30.48552951785552,7.62138237946388,4.386830128589047,5.4835376607363076,43.86830128589047,54.835376607363074
intact_pre_hepatectomy,566,292,592,0.8003648834859933,0.19527915000724483,0.39583946741801074,2,250.0,3.663373384483067,0.9158433461207668,4.386830128589046,5.4835376607363076,43.86830128589046,54.835376607363074
intact_pre_hepatectomy,567,592,233,0.1091406659299179,0.15499316407447816,0.3141779934949411,1,250.0,1.8316866922415336,0.4579216730603834,4.386830128589045,5.483537660736307,43.86830128589045,54.83537660736307
intact_pre_hepatectomy,568,592,593,4.9829780427686625,0.15499316407447816,0.3141779934949411,1,250.0,1.8316866922415336,0.4579216730603834,4.386830128589045,5.483537660736307,43.86830128589045,54.83537660736307
intact_pre_hepatectomy,569,292,446,8.94600893650821,0.37919276540313984,0.7686404938795202,12,250.0,26.822156133372456,6.705539033343114,4.386830128589047,5.4835376607363076,43.86830128589047,54.835376607363074
intact_pre_hepatectomy,570,446,532,2.776769837049631,0.36014057731964294,0.7300208666236692,10,250.0,22.978926018715768,5.744731504678942,4.386830128589046,5.483537660736307,43.86830128589046,54.83537660736307
intact_pre_hepatectomy,571,532,834,1.3412132335980893,0.2629523749057162,0.5330160851023683,4,250.0,8.944268962689298,2.2360672406723245,4.386830128589048,5.483537660736309,43.868301285890475,54.835376607363095
intact_pre_hepatectomy,572,834,293,3.863043468973879,0.1605975741432168,0.32553838039092725,1,250.0,2.037654276543473,0.5094135691358682,4.386830128589046,5.483537660736307,43.86830128589046,54.83537660736307
intact_pre_hepatectomy,573,834,932,6.2092972117869705,0.2412406870770933,0.48900553432667454,3,250.0,6.906614686145825,1.7266536715364562,4.386830128589044,5.483537660736305,43.86830128589044,54.835376607363045
intact_pre_hepatectomy,574,932,835,0.8467223470618555,0.16439277345696998,0.33323141712856935,1,250.0,2.185554924330797,0.5463887310826993,4.386830128589047,5.4835376607363076,43.86830128589047,54.835376607363074
intact_pre_hepatectomy,575,932,1218,7.988084302715145,0.21250801441910389,0.43076313700974317,2,250.0,4.721059761815028,1.180264940453757,4.386830128589045,5.483537660736307,43.86830128589045,54.83537660736307
intact_pre_hepatectomy,576,1218,933,1.0892842230975142,0.16866772282027942,0.341896928419194,1,250.0,2.360529880907514,0.5901324702268785,4.386830128589044,5.483537660736305,43.86830128589044,54.835376607363045
intact_pre_hepatectomy,577,1218,1219,11.80512023724967,0.16866772282027942,0.341896928419194,1,250.0,2.360529880907514,0.5901324702268785,4.386830128589044,5.483537660736305,43.86830128589044,54.835376607363045
intact_pre_hepatectomy,578,532,664,10.89500993208157,0.3055597052449016,0.6193830267289613,6,250.0,14.03465705602647,3.5086642640066175,4.386830128589045,5.483537660736307,43.86830128589045,54.83537660736307
intact_pre_hepatectomy,579,664,533,1.4856831725565804,0.15989331866038847,0.3241108234026946,1,250.0,2.010964979041676,0.502741244760419,4.386830128589043,5.483537660736304,43.86830128589043,54.83537660736304
intact_pre_hepatectomy,580,664,698,4.862104144199975,0.29020714183595964,0.5882627021931807,5,250.0,12.023692076984794,3.0059230192461985,4.386830128589047,5.483537660736308,43.86830128589047,54.83537660736309
intact_pre_hepatectomy,581,698,665,0.6630142014818,0.1627844581036153,0.3299712908278941,1,250.0,2.1220341660949606,0.5305085415237402,4.386830128589044,5.483537660736305,43.86830128589044,54.835376607363045
intact_pre_hepatectomy,582,698,978,3.530885753296077,0.27201829873320243,0.5513931133687822,4,250.0,9.901657910889835,2.4754144777224587,4.386830128589045,5.483537660736307,43.86830128589045,54.83537660736307
intact_pre_hepatectomy,583,978,716,5.7053001197605,0.2159010667818428,0.43764100410481277,2,250.0,4.950828955444917,1.2377072388612294,4.386830128589043,5.483537660736305,43.86830128589043,54.835376607363045
intact_pre_hepatectomy,584,716,699,1.2594798917804404,0.1713607902652769,0.34735589515019943,1,250.0,2.4754144777224587,0.6188536194306147,4.386830128589045,5.483537660736307,43.86830128589045,54.83537660736307
intact_pre_hepatectomy,585,716,717,11.71890535534465,0.1713607902652769,0.34735589515019943,1,250.0,2.4754144777224587,0.6188536194306147,4.386830128589045,5.483537660736307,43.86830128589045,54.83537660736307
intact_pre_hepatectomy,586,978,1232,10.833608478750303,0.2159010667818428,0.43764100410481277,2,250.0,4.950828955444917,1.2377072388612294,4.386830128589043,5.483537660736305,43.86830128589043,54.835376607363045
intact_pre_hepatectomy,587,1232,979,1.4773102471022965,0.1713607902652769,0.34735589515019943,1,250.0,2.4754144777224587,0.6188536194306147,4.386830128589045,5.483537660736307,43.86830128589045,54.83537660736307
intact_pre_hepatectomy,588,1232,1233,13.466639359591756,0.1713607902652769,0.34735589515019943,1,250.0,2.4754144777224587,0.6188536194306147,4.386830128589045,5.483537660736307,43.86830128589045,54.83537660736307
intact_pre_hepatectomy,589,446,1248,4.149081592412039,0.19842403507924514,0.4022142884470108,2,250.0,3.8432301146566843,0.9608075286641711,4.386830128589045,5.483537660736307,43.86830128589045,54.83537660736307
intact_pre_hepatectomy,590,1248,447,0.5657838535107375,0.15748926101028435,0.3192376922987129,1,250.0,1.9216150573283421,0.48040376433208554,4.386830128589043,5.483537660736304,43.86830128589043,54.83537660736304
intact_pre_hepatectomy,591,1248,1249,10.690656339084713,0.15748926101028435,0.3192376922987129,1,250.0,1.9216150573283421,0.48040376433208554,4.386830128589043,5.483537660736304,43.86830128589043,54.83537660736304
intact_pre_hepatectomy,592,550,551,2.422663776622042,0.1489023424945903,0.30405662924331034,1,250.0,1.660302931860967,0.41507573296524175,4.386830128589045,5.483537660736307,43.86830128589045,54.83537660736307
intact_pre_hepatectomy,593,68,434,6.649662584645009,0.26150259914544904,0.5306741935852912,3,250.0,8.826891957697736,2.206722989424434,4.386830128589047,5.483537660736308,43.86830128589047,54.83537660736309
intact_pre_hepatectomy,594,434,69,2.6946744870778008,0.17820019525142786,0.3616264053237753,1,250.0,2.79321462993728,0.69830365748432,4.386830128589047,5.483537660736308,43.86830128589047,54.83537660736309
intact_pre_hepatectomy,595,434,722,8.638951682112022,0.23035665659530838,0.4674689023175873,2,250.0,6.033677327760456,1.508419331940114,4.386830128589046,5.4835376607363076,43.86830128589046,54.835376607363074
intact_pre_hepatectomy,596,722,435,1.2713326575406743,0.18283419950363494,0.3710303136506788,1,250.0,3.016838663880228,0.754209665970057,4.386830128589046,5.4835376607363076,43.86830128589046,54.835376607363074
intact_pre_hepatectomy,597,722,723,5.006686243651926,0.18283419950363494,0.3710303136506788,1,250.0,3.016838663880228,0.754209665970057,4.386830128589046,5.4835376607363076,43.86830128589046,54.835376607363074
intact_pre_hepatectomy,598,342,354,6.322409911031961,0.3117635759017923,0.5724160205662245,6,250.0,11.077946038014192,2.769486509503548,4.386830128589045,5.483537660736306,43.86830128589045,54.83537660736306
intact_pre_hepatectomy,599,354,554,5.482177141625083,0.24744691417593637,0.45432689660513764,3,250.0,5.538973019007096,1.384743254751774,4.386830128589046,5.4835376607363076,43.86830128589046,54.835376607363074
intact_pre_hepatectomy,600,554,814,0.6578612569950025,0.21797505654118052,0.40021485539832435,2,250.0,3.7861997273813737,0.9465499318453434,4.386830128589044,5.483537660736305,43.86830128589044,54.835376607363045
intact_pre_hepatectomy,601,814,343,0.0897083532265964,0.17300691702814888,0.31765074123630044,1,250.0,1.8930998636906868,0.4732749659226717,4.386830128589044,5.483537660736305,43.86830128589044,54.835376607363045
intact_pre_hepatectomy,602,814,815,7.866340215141213,0.17300691702814888,0.31765074123630044,1,250.0,1.8930998636906868,0.4732749659226717,4.386830128589044,5.483537660736305,43.86830128589044,54.835376607363045
intact_pre_hepatectomy,603,554,555,7.560785380832395,0.16862198909154727,0.30959975903711684,1,250.0,1.7527732916257226,0.43819332290643065,4.386830128589048,5.483537660736308,43.868301285890475,54.83537660736309
intact_pre_hepatectomy,604,354,1048,4.855211604298945,0.24744691417593637,0.45432689660513764,3,250.0,5.538973019007096,1.384743254751774,4.386830128589046,5.4835376607363076,43.86830128589046,54.835376607363074
intact_pre_hepatectomy,605,1048,530,5.367276289321062,0.21797505654118052,0.40021485539832435,2,250.0,3.7861997273813737,0.9465499318453434,4.386830128589044,5.483537660736305,43.86830128589044,54.835376607363045
intact_pre_hepatectomy,606,530,355,1.3939756218572847,0.17300691702814888,0.31765074123630044,1,250.0,1.8930998636906868,0.4732749659226717,4.386830128589044,5.483537660736305,43.86830128589044,54.835376607363045
intact_pre_hepatectomy,607,530,531,9.122006099895936,0.17300691702814888,0.31765074123630044,1,250.0,1.8930998636906868,0.4732749659226717,4.386830128589044,5.483537660736305,43.86830128589044,54.835376607363045
intact_pre_hepatectomy,608,1048,1049,4.345083309098151,0.16862198909154727,0.30959975903711684,1,250.0,1.7527732916257226,0.43819332290643065,4.386830128589048,5.483537660736308,43.868301285890475,54.83537660736309
intact_pre_hepatectomy,609,276,336,6.108211448301817,0.41848747687032256,0.7683672971545898,12,250.0,26.79356622263064,6.69839155565766,4.386830128589046,5.483537660736307,43.86830128589046,54.83537660736307
intact_pre_hepatectomy,610,336,277,0.8329379247684158,0.16835838970412687,0.3091157752621219,1,250.0,1.7445660333632718,0.43614150834081794,4.386830128589048,5.483537660736308,43.868301285890475,54.83537660736309
intact_pre_hepatectomy,611,336,524,9.159900459078209,0.40920012500077213,0.7513151800707102,11,250.0,25.04900018926737,6.262250047316843,4.386830128589046,5.4835376607363076,43.86830128589046,54.835376607363074
intact_pre_hepatectomy,612,524,350,4.58121941258897,0.38636188994512455,0.7093828549442242,9,250.0,21.084629227225676,5.271157306806419,4.386830128589046,5.4835376607363076,43.86830128589046,54.835376607363074
intact_pre_hepatectomy,613,350,564,1.3228198269530211,0.374369437596607,0.6873640163730022,8,250.0,19.18157587006624,4.79539396751656,4.386830128589047,5.483537660736308,43.86830128589047,54.83537660736309
intact_pre_hepatectomy,614,564,337,0.5509692464561433,0.1756031724012276,0.3224176167917039,1,250.0,1.9796125362260093,0.4949031340565023,4.386830128589043,5.483537660736305,43.86830128589043,54.835376607363045
intact_pre_hepatectomy,615,564,792,3.4431020291928434,0.36102030732086315,0.6628542383838363,7,250.0,17.201963333840233,4.300490833460058,4.386830128589045,5.483537660736307,43.86830128589045,54.83537660736307
intact_pre_hepatectomy,616,792,1092,3.2993077123955024,0.32574850514718445,0.5980931623663597,5,250.0,12.636605198550132,3.159151299637533,4.386830128589046,5.4835376607363076,43.86830128589046,54.835376607363074
intact_pre_hepatectomy,617,1092,565,0.44990559714483525,0.18272049940942084,0.33548544227873833,1,250.0,2.230205813911787,0.5575514534779468,4.386830128589046,5.4835376607363076,43.86830128589046,54.835376607363074
intact_pre_hepatectomy,618,1092,1300,7.217002695993385,0.3053320935675241,0.5606074457079365,4,250.0,10.406399384638345,2.601599846159586,4.386830128589045,5.483537660736307,43.86830128589045,54.83537660736307
intact_pre_hepatectomy,619,1300,1118,4.175464749811896,0.28012115907045043,0.5143187066920724,3,250.0,8.035647308869814,2.0089118272174535,4.386830128589042,5.483537660736301,43.868301285890425,54.83537660736302
intact_pre_hepatectomy,620,1118,1093,1.5535182880643588,0.19088775944688072,0.35048100574714364,1,250.0,2.5428302206165854,0.6357075551541463,4.386830128589047,5.4835376607363076,43.86830128589047,54.835376607363074
intact_pre_hepatectomy,621,1118,1224,12.450454919044535,0.24675767604581567,0.45306141539385414,2,250.0,5.492817088253229,1.3732042720633073,4.386830128589046,5.483537660736307,43.86830128589046,54.83537660736307
intact_pre_hepatectomy,622,1224,1119,1.6977893071424457,0.19585169726817803,0.35959508370120274,1,250.0,2.7464085441266146,0.6866021360316537,4.386830128589044,5.483537660736306,43.86830128589044,54.83537660736306
intact_pre_hepatectomy,623,1224,1225,7.055165139992438,0.19585169726817803,0.35959508370120274,1,250.0,2.7464085441266146,0.6866021360316537,4.386830128589044,5.483537660736306,43.86830128589044,54.83537660736306
intact_pre_hepatectomy,624,1300,1301,6.9537549916392605,0.18648089241481916,0.3423897420953187,1,250.0,2.37075207576853,0.5926880189421325,4.386830128589045,5.483537660736306,43.86830128589045,54.83537660736306
intact_pre_hepatectomy,625,792,1280,3.237952304143926,0.23200494574513147,0.42597454629191484,2,250.0,4.5653581352901,1.141339533822525,4.386830128589046,5.4835376607363076,43.86830128589046,54.835376607363074
intact_pre_hepatectomy,626,1280,793,0.441538950565099,0.1841424474688234,0.33809622144773105,1,250.0,2.28267906764505,0.5706697669112625,4.386830128589046,5.4835376607363076,43.86830128589046,54.835376607363074
intact_pre_hepatectomy,627,1280,1281,9.802583635780282,0.1841424474688234,0.33809622144773105,1,250.0,2.28267906764505,0.5706697669112625,4.386830128589046,5.4835376607363076,43.86830128589046,54.835376607363074
intact_pre_hepatectomy,628,350,351,10.986882020442858,0.17330959766195667,0.31820648044799493,1,250.0,1.9030533571594375,0.47576333928985937,4.386830128589046,5.4835376607363076,43.86830128589046,54.835376607363074
intact_pre_hepatectomy,629,524,684,7.065230091543904,0.2213419446179997,0.4063966573264361,2,250.0,3.9643709620416927,0.9910927405104232,4.386830128589043,5.483537660736305,43.86830128589043,54.835376607363045
intact_pre_hepatectomy,630,684,525,0.9634404670287268,0.17567921786564986,0.32255724067817226,1,250.0,1.9821854810208464,0.4955463702552116,4.386830128589043,5.483537660736305,43.86830128589043,54.835376607363045
intact_pre_hepatectomy,631,684,685,4.52821611907021,0.17567921786564986,0.32255724067817226,1,250.0,1.9821854810208464,0.4955463702552116,4.386830128589043,5.483537660736305,43.86830128589043,54.835376607363045
intact_pre_hepatectomy,632,160,228,2.2621588926080474,0.24331618322385862,0.4421463971494876,3,250.0,5.105310686017419,1.2763276715043548,4.386830128589045,5.483537660736306,43.86830128589045,54.83537660736306
intact_pre_hepatectomy,633,228,1250,7.839496489061272,0.21433631117297047,0.3894850992145095,2,250.0,3.4897671213176205,0.8724417803294051,4.386830128589047,5.4835376607363076,43.86830128589047,54.835376607363074
intact_pre_hepatectomy,634,1250,161,1.069022248508355,0.17011884291547835,0.3091345281095255,1,250.0,1.7448835606588102,0.43622089016470256,4.386830128589043,5.483537660736304,43.86830128589043,54.83537660736304
intact_pre_hepatectomy,635,1250,1251,6.035807182969787,0.17011884291547835,0.3091345281095255,1,250.0,1.7448835606588102,0.43622089016470256,4.386830128589043,5.483537660736304,43.86830128589043,54.83537660736304
intact_pre_hepatectomy,636,228,229,3.3110034298577067,0.16580711434614578,0.3012993926608368,1,250.0,1.6155435646997987,0.40388589117494966,4.386830128589045,5.483537660736306,43.86830128589045,54.83537660736306
intact_pre_hepatectomy,637,6,216,9.719270430114983,0.7000910859936373,1.2467394987964868,355,250.0,114.45929367013306,28.614823417533266,4.386830128589046,5.483537660736308,43.86830128589046,54.83537660736309
intact_pre_hepatectomy,638,216,28,3.60427314931157,0.6979538138730479,1.2426413588183283,354,250.0,113.33428714788224,28.33357178697056,4.386830128589045,5.483537660736306,43.86830128589045,54.83537660736306
intact_pre_hepatectomy,639,28,442,5.89150074926651,0.6839947375955869,1.2426413588183283,354,250.0,113.33428714788224,28.33357178697056,4.386830128589045,5.483537660736306,43.86830128589045,54.83537660736306
intact_pre_hepatectomy,640,442,490,3.9101738338564673,0.6803080249689994,1.235943556428825,353,250.0,111.5115411222332,27.8778852805583,4.386830128589045,5.483537660736306,43.86830128589045,54.83537660736306
intact_pre_hepatectomy,641,490,29,2.4381051549859825,0.67248450028911,1.2217302375177157,351,250.0,107.70847402253814,26.927118505634535,4.386830128589048,5.483537660736309,43.868301285890475,54.835376607363095
intact_pre_hepatectomy,642,29,30,0.0815892197507375,0.6221542063127049,1.2217302375177157,351,250.0,107.70847402253814,26.927118505634535,4.386830128589048,5.483537660736309,43.868301285890475,54.835376607363095
intact_pre_hepatectomy,643,30,852,1.80683633860976,0.5036713022155147,0.9890642118030345,196,250.0,57.14751732488456,14.28687933122114,4.386830128589048,5.483537660736309,43.868301285890475,54.835376607363095
intact_pre_hepatectomy,644,852,31,6.315517494082554,0.4996699010191601,0.9803025344551407,195,250.0,55.64219850782685,13.910549626956712,4.386830128589046,5.4835376607363076,43.86830128589046,54.835376607363074
intact_pre_hepatectomy,645,31,660,7.058843186486699,0.3813773853106551,0.7482244110388668,42,250.0,24.741129595977192,6.185282398994298,4.386830128589046,5.4835376607363076,43.86830128589046,54.835376607363074
intact_pre_hepatectomy,646,660,37,2.8928742823709865,0.37510222280390243,0.732923163870738,41,250.0,23.25408459283966,5.813521148209915,4.386830128589046,5.4835376607363076,43.86830128589046,54.835376607363074
intact_pre_hepatectomy,647,37,38,0.07058635230637324,0.3676001783478244,0.732923163870738,41,250.0,23.25408459283966,5.813521148209915,4.386830128589046,5.4835376607363076,43.86830128589046,54.835376607363074
intact_pre_hepatectomy,648,38,1074,4.055149760855287,0.3602481747808679,0.732923163870738,41,250.0,23.25408459283966,5.813521148209915,4.386830128589046,5.4835376607363076,43.86830128589046,54.835376607363074
intact_pre_hepatectomy,649,1074,290,8.683013116838515,0.34360006637026835,0.6990526680766044,39,250.0,20.17686079938579,5.044215199846447,4.386830128589046,5.4835376607363076,43.86830128589046,54.835376607363074
intact_pre_hepatectomy,650,290,39,2.8421059655637424,0.2990407888283141,0.6083970340939784,33,250.0,13.301026833015678,3.3252567082539195,4.386830128589046,5.4835376607363076,43.86830128589046,54.835376607363074
intact_pre_hepatectomy,651,39,614,2.7794269010310853,0.2930599730517478,0.6083970340939784,33,250.0,13.301026833015678,3.3252567082539195,4.386830128589046,5.4835376607363076,43.86830128589046,54.835376607363074
intact_pre_hepatectomy,652,614,568,4.529973113397759,0.28455427649351145,0.5812972340732242,32,250.0,11.601621014349506,2.9004052535873766,4.386830128589047,5.483537660736308,43.86830128589047,54.83537660736309
intact_pre_hepatectomy,653,568,40,8.299141954390223,0.2762954470634858,0.5532364180112601,31,250.0,10.001293842856512,2.500323460714128,4.386830128589046,5.483537660736307,43.86830128589046,54.83537660736307
intact_pre_hepatectomy,654,40,1122,9.299292230801564,0.21929594660543553,0.4391042461025527,2,250.0,5.000654100617958,1.2501635251544896,4.386830128589046,5.4835376607363076,43.86830128589046,54.835376607363074
intact_pre_hepatectomy,655,1122,41,1.8708597888537655,0.20528881279934214,0.39344627443282504,1,250.0,3.5973294807887317,0.8993323701971829,4.386830128589047,5.4835376607363076,43.86830128589047,54.835376607363074
intact_pre_hepatectomy,656,1122,1123,7.739188686643467,0.1237368216721156,0.28748250019161725,1,250.0,1.4033246198292268,0.3508311549573067,4.386830128589045,5.483537660736306,43.86830128589045,54.83537660736306
intact_pre_hepatectomy,657,40,184,3.669307758661754,0.21929573671706534,0.43910382583543894,29,250.0,5.000639742238554,1.2501599355596384,4.386830128589044,5.483537660736306,43.86830128589044,54.83537660736306
intact_pre_hepatectomy,658,184,1100,2.369798372818361,0.20528858102097924,0.3934457732057073,28,250.0,3.5973157324558014,0.8993289331139503,4.386830128589045,5.483537660736307,43.86830128589045,54.83537660736307
intact_pre_hepatectomy,659,1100,166,3.576484751444722,0.19217610943335592,0.34559632862111017,27,250.0,2.4379863261587147,0.6094965815396787,4.386830128589046,5.483537660736307,43.86830128589046,54.83537660736307
intact_pre_hepatectomy,660,166,42,1.3112169385806418,0.0917907444791154,0.2430812494066879,1,250.0,0.8483562908382976,0.2120890727095744,4.386830128589044,5.483537660736305,43.86830128589044,54.835376607363045
intact_pre_hepatectomy,661,166,278,8.580147534045249,0.18492566289418486,0.2996797412245229,26,250.0,1.5896300353204171,0.3974075088301043,4.386830128589046,5.4835376607363076,43.86830128589046,54.835376607363074
intact_pre_hepatectomy,662,278,750,1.0296177040854113,0.12224056992672433,0.22596779463950478,8,250.0,0.6814963688515403,0.17037409221288508,4.386830128589046,5.4835376607363076,43.86830128589046,54.835376607363074
intact_pre_hepatectomy,663,750,167,0.14040241419347424,0.05733863323105155,0.179350757460842,1,250.0,0.34074818442577015,0.08518704610644254,4.386830128589043,5.483537660736305,43.86830128589043,54.835376607363045
intact_pre_hepatectomy,664,750,772,10.496659844948686,0.11788175980747702,0.179350757460842,7,250.0,0.34074818442577015,0.08518704610644254,4.386830128589043,5.483537660736305,43.86830128589043,54.835376607363045
intact_pre_hepatectomy,665,772,751,1.43136270612936,0.05817134315294765,0.15,1,250.0,0.17037409221288508,0.04259352305322127,3.749356101794083,4.686695127242604,37.493561017940834,46.86695127242604
intact_pre_hepatectomy,666,772,822,14.99979496147713,0.11295702831850137,0.15,6,250.0,0.17037409221288508,0.04259352305322127,3.749356101794083,4.686695127242604,37.493561017940834,46.86695127242604
intact_pre_hepatectomy,667,822,1062,1.7999753953772513,0.07697424257791863,0.15,2,250.0,0.08518704610644254,0.021296761526610634,1.8746780508970415,2.343347563621302,18.746780508970417,23.43347563621302
intact_pre_hepatectomy,668,1062,773,0.24545119027871595,0.06109449682132171,0.15,1,250.0,0.04259352305322127,0.010648380763305317,0.9373390254485208,1.171673781810651,9.373390254485209,11.71673781810651
intact_pre_hepatectomy,669,1062,1063,13.515297055252523,0.06109449682132171,0.15,1,250.0,0.04259352305322127,0.010648380763305317,0.9373390254485208,1.171673781810651,9.373390254485209,11.71673781810651
intact_pre_hepatectomy,670,822,1346,3.7311020637411594,0.09950342163872283,0.15,4,250.0,0.08518704610644254,0.021296761526610634,1.8746780508970415,2.343347563621302,18.746780508970417,23.43347563621302
intact_pre_hepatectomy,671,1346,866,6.628106088117195,0.09128753376444745,0.15,3,250.0,0.04259352305322127,0.010648380763305317,0.9373390254485208,1.171673781810651,9.373390254485209,11.71673781810651
intact_pre_hepatectomy,672,866,823,3.313679569148474,0.06220762774062453,0.15,1,250.0,0.021296761526610634,0.005324190381652659,0.4686695127242604,0.5858368909053255,4.686695127242604,5.858368909053255
intact_pre_hepatectomy,673,866,1136,6.4375476045115825,0.08041484534198906,0.15,2,250.0,0.021296761526610634,0.005324190381652659,0.4686695127242604,0.5858368909053255,4.686695127242604,5.858368909053255
intact_pre_hepatectomy,674,1136,867,0.8778474006152239,0.06382530504486676,0.15,1,250.0,0.010648380763305317,0.0026620951908263293,0.2343347563621302,0.29291844545266277,2.343347563621302,2.9291844545266277
intact_pre_hepatectomy,675,1136,1137,14.16577943929672,0.06382530504486676,0.15,1,250.0,0.010648380763305317,0.0026620951908263293,0.2343347563621302,0.29291844545266277,2.343347563621302,2.9291844545266277
intact_pre_hepatectomy,676,1346,1347,4.834563120319257,0.06077149194738523,0.15,1,250.0,0.04259352305322127,0.010648380763305317,0.9373390254485208,1.171673781810651,9.373390254485209,11.71673781810651
intact_pre_hepatectomy,677,278,456,5.557699022180952,0.16506436888670267,0.24866154273926597,18,250.0,0.9081336664688769,0.22703341661721924,4.386830128589045,5.483537660736306,43.86830128589045,54.83537660736306
intact_pre_hepatectomy,678,456,436,2.370845689119308,0.14540458207303136,0.19736279726417308,12,250.0,0.45406683323443847,0.11351670830860962,4.386830128589047,5.483537660736309,43.86830128589047,54.835376607363095
intact_pre_hepatectomy,679,436,279,1.0811651879045814,0.05849656834773768,0.15664695599826742,1,250.0,0.22703341661721924,0.05675835415430481,4.386830128589046,5.483537660736307,43.86830128589046,54.83537660736307
intact_pre_hepatectomy,680,436,676,4.42860478501296,0.14217766707128182,0.15664695599826742,11,250.0,0.22703341661721924,0.05675835415430481,4.386830128589046,5.483537660736307,43.86830128589046,54.83537660736307
intact_pre_hepatectomy,681,676,574,6.9802249560000025,0.13868692441322306,0.15,10,250.0,0.11351670830860962,0.028379177077152404,2.4981178618439976,3.122647327304997,24.981178618439976,31.22647327304997
intact_pre_hepatectomy,682,574,437,1.555749510138118,0.059776462782716415,0.15,1,250.0,0.05675835415430481,0.014189588538576202,1.2490589309219988,1.5613236636524985,12.490589309219988,15.613236636524984
intact_pre_hepatectomy,683,574,600,3.6252111860781335,0.13488180346101633,0.15,9,250.0,0.05675835415430481,0.014189588538576202,1.2490589309219988,1.5613236636524985,12.490589309219988,15.613236636524984
intact_pre_hepatectomy,684,600,756,0.4350253423293801,0.07876023006068822,0.15,2,250.0,0.028379177077152404,0.007094794269288101,0.6245294654609994,0.7806618318262493,6.245294654609994,7.806618318262492
intact_pre_hepatectomy,685,756,575,0.05932163759037317,0.06251203602579695,0.15,1,250.0,0.014189588538576202,0.0035473971346440506,0.3122647327304997,0.39033091591312463,3.122647327304997,3.903309159131246
intact_pre_hepatectomy,686,756,757,9.654265510747715,0.06251203602579695,0.15,1,250.0,0.014189588538576202,0.0035473971346440506,0.3122647327304997,0.39033091591312463,3.122647327304997,3.903309159131246
intact_pre_hepatectomy,687,600,802,6.687651233911923,0.12526036104141977,0.15,7,250.0,0.028379177077152404,0.007094794269288101,0.6245294654609994,0.7806618318262493,6.245294654609994,7.806618318262492
intact_pre_hepatectomy,688,802,628,3.5475074923992653,0.1130223827746465,0.15,5,250.0,0.014189588538576202,0.0035473971346440506,0.3122647327304997,0.39033091591312463,3.122647327304997,3.903309159131246
intact_pre_hepatectomy,689,628,858,1.2475145515885366,0.10593866190415936,0.15,4,250.0,0.007094794269288101,0.0017736985673220253,0.15613236636524985,0.19516545795656232,1.5613236636524985,1.951654579565623
intact_pre_hepatectomy,690,858,601,2.2177196868687665,0.06470180052903779,0.15,1,250.0,0.0035473971346440506,0.0008868492836610126,0.07806618318262493,0.09758272897828116,0.7806618318262493,0.9758272897828115
intact_pre_hepatectomy,691,858,884,4.315691456527746,0.09719142333265053,0.15,3,250.0,0.0035473971346440506,0.0008868492836610126,0.07806618318262493,0.09758272897828116,0.7806618318262493,0.9758272897828115
intact_pre_hepatectomy,692,884,859,0.5885033804356096,0.06623081633314588,0.15,1,250.0,0.0017736985673220253,0.0004434246418305063,0.03903309159131246,0.04879136448914058,0.39033091591312463,0.48791364489140576
intact_pre_hepatectomy,693,884,1098,9.483110530175779,0.0856155594698159,0.15,2,250.0,0.0017736985673220253,0.0004434246418305063,0.03903309159131246,0.04879136448914058,0.39033091591312463,0.48791364489140576
intact_pre_hepatectomy,694,1098,885,1.2931514359330605,0.06795311458361586,0.15,1,250.0,0.0008868492836610126,0.00022171232091525316,0.01951654579565623,0.02439568224457029,0.19516545795656232,0.24395682244570288
intact_pre_hepatectomy,695,1098,1099,13.408171845903748,0.06795311458361586,0.15,1,250.0,0.0008868492836610126,0.00022171232091525316,0.01951654579565623,0.02439568224457029,0.19516545795656232,0.24395682244570288
intact_pre_hepatectomy,696,628,629,7.675403337218383,0.06339708670557082,0.15,1,250.0,0.007094794269288101,0.0017736985673220253,0.15613236636524985,0.19516545795656232,1.5613236636524985,1.951654579565623
intact_pre_hepatectomy,697,802,1180,3.6741121484451593,0.08049692130365863,0.15,2,250.0,0.014189588538576202,0.0035473971346440506,0.3122647327304997,0.39033091591312463,3.122647327304997,3.903309159131246
intact_pre_hepatectomy,698,1180,803,0.5010152929697985,0.06389044877881454,0.15,1,250.0,0.007094794269288101,0.0017736985673220253,0.15613236636524985,0.19516545795656232,1.5613236636524985,1.951654579565623
intact_pre_hepatectomy,699,1180,1181,7.380927247532655,0.06389044877881454,0.15,1,250.0,0.007094794269288101,0.0017736985673220253,0.15613236636524985,0.19516545795656232,1.5613236636524985,1.951654579565623
intact_pre_hepatectomy,700,676,677,4.865787890369649,0.05911056993567995,0.15,1,250.0,0.11351670830860962,0.028379177077152404,2.4981178618439976,3.122647327304997,24.981178618439976,31.22647327304997
intact_pre_hepatectomy,701,456,640,3.8250176864205288,0.11248264017560927,0.19736279726417308,6,250.0,0.45406683323443847,0.11351670830860962,4.386830128589047,5.483537660736309,43.86830128589047,54.835376607363095
intact_pre_hepatectomy,702,640,457,0.5215933208755291,0.05885992924016476,0.15664695599826742,1,250.0,0.22703341661721924,0.05675835415430481,4.386830128589046,5.483537660736307,43.86830128589046,54.83537660736307
intact_pre_hepatectomy,703,640,710,3.1008179107617613,0.10683105445910533,0.15664695599826742,5,250.0,0.22703341661721924,0.05675835415430481,4.386830128589046,5.483537660736307,43.86830128589046,54.83537660736307
intact_pre_hepatectomy,704,710,872,0.37209814929139506,0.07800142847766652,0.15,2,250.0,0.11351670830860962,0.028379177077152404,2.4981178618439976,3.122647327304997,24.981178618439976,31.22647327304997
intact_pre_hepatectomy,705,872,641,0.050740656721559044,0.06190977481023506,0.15,1,250.0,0.05675835415430481,0.014189588538576202,1.2490589309219988,1.5613236636524985,12.490589309219988,15.613236636524984
intact_pre_hepatectomy,706,872,873,9.61557380327211,0.06190977481023506,0.15,1,250.0,0.05675835415430481,0.014189588538576202,1.2490589309219988,1.5613236636524985,12.490589309219988,15.613236636524984
intact_pre_hepatectomy,707,710,764,8.156325939223844,0.09064034315287306,0.15,3,250.0,0.11351670830860962,0.028379177077152404,2.4981178618439976,3.122647327304997,24.981178618439976,31.22647327304997
intact_pre_hepatectomy,708,764,828,0.4425006566006585,0.0798447375650517,0.15,2,250.0,0.05675835415430481,0.014189588538576202,1.2490589309219988,1.5613236636524985,12.490589309219988,15.613236636524984
intact_pre_hepatectomy,709,828,711,3.245004815071549,0.06337281020244395,0.15,1,250.0,0.028379177077152404,0.007094794269288101,0.6245294654609994,0.7806618318262493,6.245294654609994,7.806618318262492
intact_pre_hepatectomy,710,828,829,5.915583524733045,0.06337281020244395,0.15,1,250.0,0.028379177077152404,0.007094794269288101,0.6245294654609994,0.7806618318262493,6.245294654609994,7.806618318262492
intact_pre_hepatectomy,711,764,765,6.145926708980115,0.06176660155685301,0.15,1,250.0,0.05675835415430481,0.014189588538576202,1.2490589309219988,1.5613236636524985,12.490589309219988,15.613236636524984
intact_pre_hepatectomy,712,1100,1101,8.030580587674585,0.1158333151111127,0.26974970742210674,1,250.0,1.159329406297087,0.28983235157427173,4.386830128589046,5.4835376607363076,43.86830128589046,54.835376607363074
intact_pre_hepatectomy,713,184,185,3.7378298957810223,0.12373680039746357,0.2874824585339451,1,250.0,1.4033240097827528,0.3508310024456882,4.386830128589043,5.483537660736305,43.86830128589043,54.835376607363045
intact_pre_hepatectomy,714,568,569,2.0037737925925585,0.12490161582851086,0.3003504530518776,1,250.0,1.6003271714929934,0.40008179287324835,4.386830128589044,5.483537660736305,43.86830128589044,54.835376607363045
intact_pre_hepatectomy,715,614,615,1.4149874446379807,0.12863508719630087,0.306425143861691,1,250.0,1.6994058186661718,0.42485145466654295,4.386830128589046,5.483537660736307,43.86830128589046,54.83537660736307
intact_pre_hepatectomy,716,290,538,4.449987589122671,0.2399995901883319,0.48827800189552695,6,250.0,6.875833966370111,1.7189584915925278,4.386830128589045,5.483537660736306,43.86830128589045,54.83537660736306
intact_pre_hepatectomy,717,538,412,3.4861864658930544,0.16354703154608288,0.33273564224256097,2,250.0,2.175814558502196,0.543953639625549,4.386830128589047,5.483537660736308,43.86830128589047,54.83537660736309
intact_pre_hepatectomy,718,412,291,3.102918991402,0.12980736496126416,0.26409245426157785,1,250.0,1.087907279251098,0.2719768198127745,4.386830128589048,5.483537660736309,43.868301285890475,54.835376607363095
intact_pre_hepatectomy,719,412,413,10.727550907913564,0.12980736496126416,0.26409245426157785,1,250.0,1.087907279251098,0.2719768198127745,4.386830128589048,5.483537660736309,43.868301285890475,54.835376607363095
intact_pre_hepatectomy,720,538,896,7.793190270572196,0.21141473683509446,0.4301222564259498,4,250.0,4.700019407867916,1.175004851966979,4.386830128589045,5.483537660736307,43.86830128589045,54.83537660736307
intact_pre_hepatectomy,721,896,539,1.0627077641689422,0.12912107710005194,0.29304796956904294,1,250.0,1.4864149163519385,0.3716037290879846,4.386830128589046,5.483537660736307,43.86830128589046,54.83537660736307
intact_pre_hepatectomy,722,896,1246,5.720071244169861,0.19395845498869593,0.37892754276790636,3,250.0,3.213604491515977,0.8034011228789942,4.386830128589047,5.483537660736309,43.86830128589047,54.835376607363095
intact_pre_hepatectomy,723,1246,1200,4.074811443309987,0.1708572739070046,0.3189633532646588,2,250.0,1.9166652553723347,0.47916631384308367,4.386830128589044,5.483537660736305,43.86830128589044,54.835376607363045
intact_pre_hepatectomy,724,1200,897,1.335665821019983,0.13560950816819897,0.2531613812558119,1,250.0,0.9583326276861673,0.23958315692154183,4.386830128589046,5.4835376607363076,43.86830128589046,54.835376607363074
intact_pre_hepatectomy,725,1200,1201,8.203495995997068,0.13560950816819897,0.2531613812558119,1,250.0,0.9583326276861673,0.23958315692154183,4.386830128589046,5.4835376607363076,43.86830128589046,54.835376607363074
intact_pre_hepatectomy,726,1246,1247,7.427039448303843,0.13217243217696106,0.28002614050684177,1,250.0,1.2969392361436418,0.32423480903591045,4.386830128589045,5.483537660736306,43.86830128589045,54.83537660736306
intact_pre_hepatectomy,727,1074,1158,3.9486770760790213,0.1835784648099252,0.37348949603663323,2,250.0,3.07722379345387,0.7693059483634676,4.386830128589046,5.483537660736307,43.86830128589046,54.83537660736307
intact_pre_hepatectomy,728,1158,1075,0.5384559649198747,0.1457063240789912,0.2964388094538121,1,250.0,1.538611896726935,0.3846529741817338,4.386830128589046,5.483537660736307,43.86830128589046,54.83537660736307
intact_pre_hepatectomy,729,1158,1159,7.6696145282365915,0.1457063240789912,0.2964388094538121,1,250.0,1.538611896726935,0.3846529741817338,4.386830128589046,5.483537660736307,43.86830128589046,54.83537660736307
intact_pre_hepatectomy,730,660,661,4.393568761275405,0.1391330218144756,0.2930893711021404,1,250.0,1.4870450031375286,0.37176125078438216,4.386830128589042,5.483537660736304,43.868301285890425,54.83537660736304
intact_pre_hepatectomy,731,31,43,5.9852455569813285,0.41071408464771403,0.8057800906065351,153,250.0,30.901068911849652,7.725267227962413,4.386830128589043,5.483537660736306,43.86830128589043,54.83537660736306
intact_pre_hepatectomy,732,43,78,8.67112265782452,0.3215800588267923,0.6309080175834914,81,250.0,14.832762547119959,3.7081906367799897,4.386830128589047,5.4835376607363076,43.86830128589047,54.835376607363074
intact_pre_hepatectomy,733,78,44,2.42695685437451,0.3024031388344403,0.593284812276944,78,250.0,12.334274156659268,3.083568539164817,4.386830128589044,5.483537660736306,43.86830128589044,54.83537660736306
intact_pre_hepatectomy,734,44,362,4.598811768191458,0.28619161027996315,0.593284812276944,78,250.0,12.334274156659268,3.083568539164817,4.386830128589044,5.483537660736306,43.86830128589044,54.83537660736306
intact_pre_hepatectomy,735,362,110,0.6271106956624712,0.24796561836719525,0.5140410482341016,76,250.0,8.022640036617501,2.0056600091543753,4.386830128589044,5.483537660736306,43.86830128589044,54.83537660736306
intact_pre_hepatectomy,736,110,1304,5.053720701741846,0.2148453891855066,0.445381701674622,74,250.0,5.218203547258485,1.3045508868146212,4.386830128589043,5.483537660736304,43.86830128589043,54.83537660736304
intact_pre_hepatectomy,737,1304,54,2.5643264297005945,0.1995087635589497,0.3957863905977972,73,250.0,3.661899952782955,0.9154749881957388,4.386830128589047,5.4835376607363076,43.86830128589047,54.835376607363074
intact_pre_hepatectomy,738,54,146,1.5412763514355636,0.07273168646722428,0.267501456279556,22,250.0,1.1305827553301264,0.2826456888325316,4.386830128589045,5.483537660736306,43.86830128589045,54.83537660736306
intact_pre_hepatectomy,739,146,152,0.1849531621722717,0.049553258788532284,0.21231604655059627,15,250.0,0.5652913776650632,0.1413228444162658,4.386830128589045,5.483537660736306,43.86830128589045,54.83537660736306
intact_pre_hepatectomy,740,152,47,0.02522088575076955,0.027789219412487017,0.16851535782207286,1,250.0,0.2826456888325316,0.0706614222081329,4.386830128589046,5.483537660736307,43.86830128589046,54.83537660736307
intact_pre_hepatectomy,741,152,642,13.928666577706743,0.04644979693453546,0.16851535782207286,14,250.0,0.2826456888325316,0.0706614222081329,4.386830128589046,5.483537660736307,43.86830128589046,54.83537660736307
intact_pre_hepatectomy,742,642,300,1.8993636242327276,0.044509269596008885,0.15,12,250.0,0.1413228444162658,0.03533071110406645,3.1100366385104,3.8875457981379995,31.100366385104003,38.875457981379995
intact_pre_hepatectomy,743,300,153,2.158367754809927,0.017906172514722433,0.15,1,250.0,0.0706614222081329,0.017665355552033225,1.5550183192552,1.9437728990689997,15.550183192552002,19.437728990689997
intact_pre_hepatectomy,744,300,366,12.856782806419195,0.043521490340853515,0.15,11,250.0,0.0706614222081329,0.017665355552033225,1.5550183192552,1.9437728990689997,15.550183192552002,19.437728990689997
intact_pre_hepatectomy,745,366,301,1.753197655420792,0.018094122315344078,0.15,1,250.0,0.03533071110406645,0.008832677776016613,0.7775091596276,0.9718864495344999,7.775091596276001,9.718864495344999
intact_pre_hepatectomy,746,366,414,9.508025805316109,0.04245295175807495,0.15,10,250.0,0.03533071110406645,0.008832677776016613,0.7775091596276,0.9718864495344999,7.775091596276001,9.718864495344999
intact_pre_hepatectomy,747,414,367,1.2965489734522015,0.018297956361205948,0.15,1,250.0,0.017665355552033225,0.004416338888008306,0.3887545798138,0.48594322476724994,3.8875457981380004,4.859432247672499
intact_pre_hepatectomy,748,414,652,7.916966470863729,0.04128817997514637,0.15,9,250.0,0.017665355552033225,0.004416338888008306,0.3887545798138,0.48594322476724994,3.8875457981380004,4.859432247672499
intact_pre_hepatectomy,749,652,415,1.0795863369359695,0.018520558175919986,0.15,1,250.0,0.008832677776016613,0.002208169444004153,0.1943772899069,0.24297161238362497,1.9437728990690002,2.4297161238362497
intact_pre_hepatectomy,750,652,862,7.860757518430172,0.0400066184552478,0.15,8,250.0,0.008832677776016613,0.002208169444004153,0.1943772899069,0.24297161238362497,1.9437728990690002,2.4297161238362497
intact_pre_hepatectomy,751,862,692,2.9383867692519363,0.03858007689491205,0.15,7,250.0,0.004416338888008306,0.0011040847220020766,0.09718864495345,0.12148580619181248,0.9718864495345001,1.2148580619181248
intact_pre_hepatectomy,752,692,653,1.4726105846839213,0.019038186192557056,0.15,1,250.0,0.002208169444004153,0.0005520423610010383,0.048594322476725,0.06074290309590624,0.48594322476725005,0.6074290309590624
intact_pre_hepatectomy,753,692,734,12.855504293922916,0.036968321863075276,0.15,6,250.0,0.002208169444004153,0.0005520423610010383,0.048594322476725,0.06074290309590624,0.48594322476725005,0.6074290309590624
intact_pre_hepatectomy,754,734,693,1.7530233128076622,0.01934478783207011,0.15,1,250.0,0.0011040847220020766,0.00027602118050051915,0.0242971612383625,0.03037145154795312,0.24297161238362502,0.3037145154795312
intact_pre_hepatectomy,755,734,886,8.321176387097273,0.035110882888685156,0.15,5,250.0,0.0011040847220020766,0.00027602118050051915,0.0242971612383625,0.03037145154795312,0.24297161238362502,0.3037145154795312
intact_pre_hepatectomy,756,886,1114,1.1207009519049922,0.03291029493615792,0.15,4,250.0,0.0005520423610010383,0.00013801059025025957,0.01214858061918125,0.01518572577397656,0.12148580619181251,0.1518572577397656
intact_pre_hepatectomy,757,1114,958,1.9367008246084925,0.030192928149651535,0.15,3,250.0,0.00027602118050051915,6.900529512512979e-05,0.006074290309590625,0.00759286288698828,0.060742903095906256,0.0759286288698828
intact_pre_hepatectomy,758,958,735,0.4169184240700275,0.020574884184947007,0.15,1,250.0,0.00013801059025025957,3.450264756256489e-05,0.0030371451547953126,0.00379643144349414,0.030371451547953128,0.0379643144349414
intact_pre_hepatectomy,759,958,982,3.9082218106527487,0.02659683691138999,0.15,2,250.0,0.00013801059025025957,3.450264756256489e-05,0.0030371451547953126,0.00379643144349414,0.030371451547953128,0.0379643144349414
intact_pre_hepatectomy,760,982,959,6.28699370028976,0.02110992344608356,0.15,1,250.0,6.900529512512979e-05,1.7251323781282447e-05,0.0015185725773976563,0.00189821572174707,0.015185725773976564,0.0189821572174707
intact_pre_hepatectomy,761,982,983,4.153854036840448,0.02110992344608356,0.15,1,250.0,6.900529512512979e-05,1.7251323781282447e-05,0.0015185725773976563,0.00189821572174707,0.015185725773976564,0.0189821572174707
intact_pre_hepatectomy,762,1114,1115,7.700131942635002,0.020099888936085285,0.15,1,250.0,0.00027602118050051915,6.900529512512979e-05,0.006074290309590625,0.00759286288698828,0.060742903095906256,0.0759286288698828
intact_pre_hepatectomy,763,886,887,7.074084516755011,0.01969457404947263,0.15,1,250.0,0.0005520423610010383,0.00013801059025025957,0.01214858061918125,0.01518572577397656,0.12148580619181251,0.1518572577397656
intact_pre_hepatectomy,764,862,863,9.018373156800678,0.01876565876447679,0.15,1,250.0,0.004416338888008306,0.0011040847220020766,0.09718864495345,0.12148580619181248,0.9718864495345001,1.2148580619181248
intact_pre_hepatectomy,765,642,816,3.9602990010827916,0.02292167237133673,0.15,2,250.0,0.1413228444162658,0.03533071110406645,3.1100366385104,3.8875457981379995,31.100366385104003,38.875457981379995
intact_pre_hepatectomy,766,816,643,0.5400407728749279,0.018192943417565173,0.15,1,250.0,0.0706614222081329,0.017665355552033225,1.5550183192552,1.9437728990689997,15.550183192552002,19.437728990689997
intact_pre_hepatectomy,767,816,817,5.836327387661596,0.018192943417565173,0.15,1,250.0,0.0706614222081329,0.017665355552033225,1.5550183192552,1.9437728990689997,15.550183192552002,19.437728990689997
intact_pre_hepatectomy,768,146,486,9.656121278640056,0.0640747767015545,0.21231604655059627,7,250.0,0.5652913776650632,0.1413228444162658,4.386830128589045,5.483537660736306,43.86830128589045,54.83537660736306
intact_pre_hepatectomy,769,486,410,1.3167438107236444,0.06139793279468899,0.16851535782207286,6,250.0,0.2826456888325316,0.0706614222081329,4.386830128589046,5.483537660736307,43.86830128589046,54.83537660736307
intact_pre_hepatectomy,770,410,147,1.4962997849132327,0.03212831752656014,0.15,1,250.0,0.1413228444162658,0.03533071110406645,3.1100366385104,3.8875457981379995,31.100366385104003,38.875457981379995
intact_pre_hepatectomy,771,410,960,13.302027303048002,0.058313050723432486,0.15,5,250.0,0.1413228444162658,0.03533071110406645,3.1100366385104,3.8875457981379995,31.100366385104003,38.875457981379995
intact_pre_hepatectomy,772,960,411,1.8139128140519978,0.03270925140687347,0.15,1,250.0,0.0706614222081329,0.017665355552033225,1.5550183192552,1.9437728990689997,15.550183192552002,19.437728990689997
intact_pre_hepatectomy,773,960,1050,7.843281828325643,0.05465825806829112,0.15,4,250.0,0.0706614222081329,0.017665355552033225,1.5550183192552,1.9437728990689997,15.550183192552002,19.437728990689997
intact_pre_hepatectomy,774,1050,961,1.069538431135315,0.033382408718722854,0.15,1,250.0,0.03533071110406645,0.008832677776016613,0.7775091596276,0.9718864495344999,7.775091596276001,9.718864495344999
intact_pre_hepatectomy,775,1050,1228,9.804119630360848,0.05014518593170914,0.15,3,250.0,0.03533071110406645,0.008832677776016613,0.7775091596276,0.9718864495344999,7.775091596276001,9.718864495344999
intact_pre_hepatectomy,776,1228,1264,0.6618394982796577,0.04417270579078923,0.15,2,250.0,0.017665355552033225,0.004416338888008306,0.3887545798138,0.48594322476724994,3.8875457981380004,4.859432247672499
intact_pre_hepatectomy,777,1264,1051,2.2868816257563847,0.03505989982029031,0.15,1,250.0,0.008832677776016613,0.002208169444004153,0.1943772899069,0.24297161238362497,1.9437728990690002,2.4297161238362497
intact_pre_hepatectomy,778,1264,1265,4.821121622115161,0.03505989982029031,0.15,1,250.0,0.008832677776016613,0.002208169444004153,0.1943772899069,0.24297161238362497,1.9437728990690002,2.4297161238362497
intact_pre_hepatectomy,779,1228,1229,6.163017201934019,0.034171292955216634,0.15,1,250.0,0.017665355552033225,0.004416338888008306,0.3887545798138,0.48594322476724994,3.8875457981380004,4.859432247672499
intact_pre_hepatectomy,780,486,487,10.32554802609452,0.03161910569575842,0.16851535782207286,1,250.0,0.2826456888325316,0.0706614222081329,4.386830128589046,5.483537660736307,43.86830128589046,54.83537660736307
intact_pre_hepatectomy,781,54,136,9.332163623875765,0.1962332801136149,0.3499512546727068,51,250.0,2.531317197452829,0.6328292993632072,4.386830128589046,5.483537660736307,43.86830128589046,54.83537660736307
intact_pre_hepatectomy,782,136,74,4.082013757071033,0.19217353280852045,0.3073901270600855,47,250.0,1.7155115576220639,0.42887788940551597,4.386830128589046,5.483537660736307,43.86830128589046,54.83537660736307
intact_pre_hepatectomy,783,74,168,1.6097012857136013,0.07792917191968556,0.21402508975644657,4,250.0,0.5790525366839954,0.14476313417099884,4.386830128589043,5.483537660736305,43.86830128589043,54.835376607363045
intact_pre_hepatectomy,784,168,55,0.21950472077913055,0.04759506724279875,0.1698718263134858,1,250.0,0.2895262683419977,0.07238156708549942,4.386830128589043,5.483537660736305,43.86830128589043,54.835376607363045
intact_pre_hepatectomy,785,168,682,5.886509200131149,0.07149464607039452,0.1698718263134858,3,250.0,0.2895262683419977,0.07238156708549942,4.386830128589043,5.483537660736305,43.86830128589043,54.835376607363045
intact_pre_hepatectomy,786,682,169,0.8027058000178928,0.048719821259175254,0.15,1,250.0,0.14476313417099884,0.03619078354274971,3.1857457514178407,3.9821821892723004,31.857457514178407,39.821821892723
intact_pre_hepatectomy,787,682,776,3.452797768215028,0.06297936497403873,0.15,2,250.0,0.14476313417099884,0.03619078354274971,3.1857457514178407,3.9821821892723004,31.857457514178407,39.821821892723
intact_pre_hepatectomy,788,776,683,4.5619661829277405,0.049986755106039144,0.15,1,250.0,0.07238156708549942,0.018095391771374855,1.5928728757089203,1.9910910946361502,15.928728757089203,19.9109109463615
intact_pre_hepatectomy,789,776,777,2.3332915208883653,0.049986755106039144,0.15,1,250.0,0.07238156708549942,0.018095391771374855,1.5928728757089203,1.9910910946361502,15.928728757089203,19.9109109463615
intact_pre_hepatectomy,790,74,846,4.550687321615197,0.18780329009525956,0.267964106794626,43,250.0,1.1364590209380687,0.2841147552345172,4.386830128589045,5.483537660736306,43.86830128589045,54.83537660736306
intact_pre_hepatectomy,791,846,202,1.2939237714579523,0.18682952914902934,0.23318324299276869,42,250.0,0.7488863569578088,0.1872215892394522,4.386830128589045,5.483537660736307,43.86830128589045,54.83537660736307
intact_pre_hepatectomy,792,202,134,3.670873569276658,0.17902437535107624,0.19986071083220863,36,250.0,0.47152658983397433,0.11788164745849358,4.386830128589046,5.4835376607363076,43.86830128589046,54.835376607363074
intact_pre_hepatectomy,793,134,206,3.363018113467,0.12933058512957055,0.15709725617408718,14,250.0,0.2289969533435485,0.057249238335887125,4.386830128589045,5.483537660736306,43.86830128589045,54.83537660736306
intact_pre_hepatectomy,794,206,724,0.4035621736160394,0.07447857836043685,0.15,3,250.0,0.11449847667177425,0.028624619167943562,2.519723254748338,3.149654068435422,25.19723254748338,31.496540684354223
intact_pre_hepatectomy,795,724,75,0.055031205493097535,0.05075321334950331,0.15,1,250.0,0.057249238335887125,0.014312309583971781,1.259861627374169,1.574827034217711,12.59861627374169,15.748270342177111
intact_pre_hepatectomy,796,724,1066,8.733042136028356,0.06560789971169392,0.15,2,250.0,0.057249238335887125,0.014312309583971781,1.259861627374169,1.574827034217711,12.59861627374169,15.748270342177111
intact_pre_hepatectomy,797,1066,725,1.1908693821856853,0.05207302450988354,0.15,1,250.0,0.028624619167943562,0.007156154791985891,0.6299308136870845,0.7874135171088555,6.299308136870845,7.874135171088556
intact_pre_hepatectomy,798,1066,1067,8.699338790722598,0.05207302450988354,0.15,1,250.0,0.028624619167943562,0.007156154791985891,0.6299308136870845,0.7874135171088555,6.299308136870845,7.874135171088556
intact_pre_hepatectomy,799,206,250,13.509035039746736,0.12050936470442847,0.15,11,250.0,0.11449847667177425,0.028624619167943562,2.519723254748338,3.149654068435422,25.19723254748338,31.496540684354223
intact_pre_hepatectomy,800,250,548,1.6210842047696168,0.08487582548278999,0.15,4,250.0,0.057249238335887125,0.014312309583971781,1.259861627374169,1.574827034217711,12.59861627374169,15.748270342177111
intact_pre_hepatectomy,801,548,207,0.22105693701403398,0.05183772035079186,0.15,1,250.0,0.028624619167943562,0.007156154791985891,0.6299308136870845,0.7874135171088555,6.299308136870845,7.874135171088556
intact_pre_hepatectomy,802,548,940,6.658436667237272,0.07786772210384252,0.15,3,250.0,0.028624619167943562,0.007156154791985891,0.6299308136870845,0.7874135171088555,6.299308136870845,7.874135171088556
intact_pre_hepatectomy,803,940,988,0.10895623637297203,0.06859338369542137,0.15,2,250.0,0.014312309583971781,0.0035780773959929453,0.31496540684354224,0.39370675855442777,3.1496540684354226,3.937067585544278
intact_pre_hepatectomy,804,988,549,0.7990124000684694,0.05444260471808512,0.15,1,250.0,0.007156154791985891,0.0017890386979964726,0.15748270342177112,0.19685337927721389,1.5748270342177113,1.968533792772139
intact_pre_hepatectomy,805,988,989,7.580364573349062,0.05444260471808512,0.15,1,250.0,0.007156154791985891,0.0017890386979964726,0.15748270342177112,0.19685337927721389,1.5748270342177113,1.968533792772139
intact_pre_hepatectomy,806,940,941,6.09944865357992,0.053062735621112266,0.15,1,250.0,0.014312309583971781,0.0035780773959929453,0.31496540684354224,0.39370675855442777,3.1496540684354226,3.937067585544278
intact_pre_hepatectomy,807,250,326,15.008752509588195,0.10442346579458109,0.15,7,250.0,0.057249238335887125,0.014312309583971781,1.259861627374169,1.574827034217711,12.59861627374169,15.748270342177111
intact_pre_hepatectomy,808,326,251,2.046648069489298,0.0515300524175868,0.15,1,250.0,0.028624619167943562,0.007156154791985891,0.6299308136870845,0.7874135171088555,6.299308136870845,7.874135171088556
intact_pre_hepatectomy,809,326,668,2.5426259717796387,0.10006097976598409,0.15,6,250.0,0.028624619167943562,0.007156154791985891,0.6299308136870845,0.7874135171088555,6.299308136870845,7.874135171088556
intact_pre_hepatectomy,810,668,648,8.280833855251034,0.09503350883231862,0.15,5,250.0,0.014312309583971781,0.0035780773959929453,0.31496540684354224,0.39370675855442777,3.1496540684354226,3.937067585544278
intact_pre_hepatectomy,811,648,327,1.47592634004963,0.05330667653140864,0.15,1,250.0,0.007156154791985891,0.0017890386979964726,0.15748270342177112,0.19685337927721389,1.5748270342177113,1.968533792772139
intact_pre_hepatectomy,812,648,1286,6.271412276320458,0.08907724748492353,0.15,4,250.0,0.007156154791985891,0.0017890386979964726,0.15748270342177112,0.19685337927721389,1.5748270342177113,1.968533792772139
intact_pre_hepatectomy,813,1286,718,2.229012501841004,0.0817222373211283,0.15,3,250.0,0.0035780773959929453,0.0008945193489982363,0.07874135171088556,0.09842668963860694,0.7874135171088557,0.9842668963860695
intact_pre_hepatectomy,814,718,1168,2.071122852830307,0.07198881166115195,0.15,2,250.0,0.0017890386979964726,0.00044725967449911816,0.03937067585544278,0.04921334481930347,0.3937067585544278,0.49213344819303473
intact_pre_hepatectomy,815,1168,649,0.28242584356777295,0.05713755768042661,0.15,1,250.0,0.0008945193489982363,0.00022362983724955908,0.01968533792772139,0.024606672409651736,0.1968533792772139,0.24606672409651736
intact_pre_hepatectomy,816,1168,1169,11.030360635845824,0.05713755768042661,0.15,1,250.0,0.0008945193489982363,0.00022362983724955908,0.01968533792772139,0.024606672409651736,0.1968533792772139,0.24606672409651736
intact_pre_hepatectomy,817,718,719,2.1308288842698198,0.05568938394722654,0.15,1,250.0,0.0017890386979964726,0.00044725967449911816,0.03937067585544278,0.04921334481930347,0.3937067585544278,0.49213344819303473
intact_pre_hepatectomy,818,1286,1287,10.104914928832207,0.054403729430331525,0.15,1,250.0,0.0035780773959929453,0.0008945193489982363,0.07874135171088556,0.09842668963860694,0.7874135171088557,0.9842668963860695
intact_pre_hepatectomy,819,668,669,10.133760578539187,0.052359921313479954,0.15,1,250.0,0.014312309583971781,0.0035780773959929453,0.31496540684354224,0.39370675855442777,3.1496540684354226,3.937067585544278
intact_pre_hepatectomy,820,134,164,10.784183188100496,0.1528984077809037,0.16013280223844448,22,250.0,0.24252963649042583,0.06063240912260646,4.386830128589045,5.483537660736306,43.86830128589045,54.83537660736306
intact_pre_hepatectomy,821,164,330,1.29410198257206,0.09653191280066725,0.15,6,250.0,0.12126481824521292,0.03031620456130323,2.668627490924668,3.3357843636558346,26.686274909246677,33.35784363655834
intact_pre_hepatectomy,822,330,464,0.15529223790865013,0.08503459912130111,0.15,4,250.0,0.06063240912260646,0.015158102280651614,1.334313745462334,1.6678921818279173,13.343137454623339,16.67892181827917
intact_pre_hepatectomy,823,464,135,0.021176214260265943,0.05193469099497,0.15,1,250.0,0.03031620456130323,0.007579051140325807,0.667156872731167,0.8339460909139587,6.671568727311669,8.339460909139586
intact_pre_hepatectomy,824,464,622,8.302015802333674,0.07801338597798661,0.15,3,250.0,0.03031620456130323,0.007579051140325807,0.667156872731167,0.8339460909139587,6.671568727311669,8.339460909139586
intact_pre_hepatectomy,825,622,465,1.1320930639545956,0.05316199784985639,0.15,1,250.0,0.015158102280651614,0.0037895255701629036,0.3335784363655835,0.41697304545697933,3.3357843636558346,4.169730454569793
intact_pre_hepatectomy,826,622,824,11.221681940931049,0.06872169845460237,0.15,2,250.0,0.015158102280651614,0.0037895255701629036,0.3335784363655835,0.41697304545697933,3.3357843636558346,4.169730454569793
intact_pre_hepatectomy,827,824,623,1.5302293555815067,0.054544448209938604,0.15,1,250.0,0.007579051140325807,0.0018947627850814518,0.16678921818279174,0.20848652272848966,1.6678921818279173,2.0848652272848964
intact_pre_hepatectomy,828,824,825,4.189001244032326,0.054544448209938604,0.15,1,250.0,0.007579051140325807,0.0018947627850814518,0.16678921818279174,0.20848652272848966,1.6678921818279173,2.0848652272848964
intact_pre_hepatectomy,829,330,514,10.932367198597426,0.06578139477498988,0.15,2,250.0,0.06063240912260646,0.015158102280651614,1.334313745462334,1.6678921818279173,13.343137454623339,16.67892181827917
intact_pre_hepatectomy,830,514,331,4.639867333567517,0.0522107276328772,0.15,1,250.0,0.03031620456130323,0.007579051140325807,0.667156872731167,0.8339460909139587,6.671568727311669,8.339460909139586
intact_pre_hepatectomy,831,514,515,8.408452462946753,0.0522107276328772,0.15,1,250.0,0.03031620456130323,0.007579051140325807,0.667156872731167,0.8339460909139587,6.671568727311669,8.339460909139586
intact_pre_hepatectomy,832,164,1130,9.100454024995544,0.13881522746003078,0.15,16,250.0,0.12126481824521292,0.03031620456130323,2.668627490924668,3.3357843636558346,26.686274909246677,33.35784363655834
intact_pre_hepatectomy,833,1130,488,2.4140678970408227,0.13660434683073122,0.15,15,250.0,0.06063240912260646,0.015158102280651614,1.334313745462334,1.6678921818279173,13.343137454623339,16.67892181827917
intact_pre_hepatectomy,834,488,230,1.5701620802776872,0.1342612164587464,0.15,14,250.0,0.03031620456130323,0.007579051140325807,0.667156872731167,0.8339460909139587,6.671568727311669,8.339460909139586
intact_pre_hepatectomy,835,230,272,1.5701620802776957,0.09391815465434207,0.15,5,250.0,0.015158102280651614,0.0037895255701629036,0.3335784363655835,0.41697304545697933,3.3357843636558346,4.169730454569793
intact_pre_hepatectomy,836,272,1196,0.18841944963331442,0.06857322770158901,0.15,2,250.0,0.007579051140325807,0.0018947627850814518,0.16678921818279174,0.20848652272848966,1.6678921818279173,2.0848652272848964
intact_pre_hepatectomy,837,1196,165,0.02569356131363395,0.05442660689517865,0.15,1,250.0,0.0037895255701629036,0.0009473813925407259,0.08339460909139587,0.10424326136424483,0.8339460909139587,1.0424326136424482
intact_pre_hepatectomy,838,1196,1197,6.1272353339111305,0.05442660689517865,0.15,1,250.0,0.0037895255701629036,0.0009473813925407259,0.08339460909139587,0.10424326136424483,0.8339460909139587,1.0424326136424482
intact_pre_hepatectomy,839,272,702,9.016062481959107,0.07968444951943106,0.15,3,250.0,0.007579051140325807,0.0018947627850814518,0.16678921818279174,0.20848652272848966,1.6678921818279173,2.0848652272848964
intact_pre_hepatectomy,840,702,1336,1.081927497835093,0.07019373204670962,0.15,2,250.0,0.0037895255701629036,0.0009473813925407259,0.08339460909139587,0.10424326136424483,0.8339460909139587,1.0424326136424482
intact_pre_hepatectomy,841,1336,273,0.1475355678866061,0.0557128020462604,0.15,1,250.0,0.0018947627850814518,0.00047369069627036295,0.041697304545697936,0.052121630682122416,0.41697304545697933,0.5212163068212241
intact_pre_hepatectomy,842,1336,1337,5.568216281778018,0.0557128020462604,0.15,1,250.0,0.0018947627850814518,0.00047369069627036295,0.041697304545697936,0.052121630682122416,0.41697304545697933,0.5212163068212241
intact_pre_hepatectomy,843,702,703,7.536211912711187,0.05430073930151329,0.15,1,250.0,0.0037895255701629036,0.0009473813925407259,0.08339460909139587,0.10424326136424483,0.8339460909139587,1.0424326136424482
intact_pre_hepatectomy,844,230,620,6.442447186059441,0.11676022495246957,0.15,9,250.0,0.015158102280651614,0.0037895255701629036,0.3335784363655835,0.41697304545697933,3.3357843636558346,4.169730454569793
intact_pre_hepatectomy,845,620,242,4.5039451770668615,0.11313605427108182,0.15,8,250.0,0.007579051140325807,0.0018947627850814518,0.16678921818279174,0.20848652272848966,1.6678921818279173,2.0848652272848964
intact_pre_hepatectomy,846,242,386,1.86247977121723,0.06909759179998222,0.15,2,250.0,0.0037895255701629036,0.0009473813925407259,0.08339460909139587,0.10424326136424483,0.8339460909139587,1.0424326136424482
intact_pre_hepatectomy,847,386,231,0.25397451425689294,0.05484279495588052,0.15,1,250.0,0.0018947627850814518,0.00047369069627036295,0.041697304545697936,0.052121630682122416,0.41697304545697933,0.5212163068212241
intact_pre_hepatectomy,848,386,387,6.203317031569706,0.05484279495588052,0.15,1,250.0,0.0018947627850814518,0.00047369069627036295,0.041697304545697936,0.052121630682122416,0.41697304545697933,0.5212163068212241
intact_pre_hepatectomy,849,242,270,12.684275026861279,0.10379453494319359,0.15,6,250.0,0.0037895255701629036,0.0009473813925407259,0.08339460909139587,0.10424326136424483,0.8339460909139587,1.0424326136424482
intact_pre_hepatectomy,850,270,243,1.7296738672992655,0.05431361650770472,0.15,1,250.0,0.0018947627850814518,0.00047369069627036295,0.041697304545697936,0.052121630682122416,0.41697304545697933,0.5212163068212241
intact_pre_hepatectomy,851,270,402,4.995570330242202,0.09857947499954085,0.15,5,250.0,0.0018947627850814518,0.00047369069627036295,0.041697304545697936,0.052121630682122416,0.41697304545697933,0.5212163068212241
intact_pre_hepatectomy,852,402,271,0.6812141359421159,0.05529569781232289,0.15,1,250.0,0.0009473813925407259,0.00023684534813518148,0.020848652272848968,0.026060815341061208,0.20848652272848966,0.26060815341061205
intact_pre_hepatectomy,853,402,454,6.42511548042846,0.09240096887258845,0.15,4,250.0,0.0009473813925407259,0.00023684534813518148,0.020848652272848968,0.026060815341061208,0.20848652272848966,0.26060815341061205
intact_pre_hepatectomy,854,454,403,0.8761521109675154,0.056433684825023436,0.15,1,250.0,0.00047369069627036295,0.00011842267406759074,0.010424326136424484,0.013030407670530604,0.10424326136424483,0.13030407670530603
intact_pre_hepatectomy,855,454,540,7.783633331925366,0.08477152269647661,0.15,3,250.0,0.00047369069627036295,0.00011842267406759074,0.010424326136424484,0.013030407670530604,0.10424326136424483,0.13030407670530603
intact_pre_hepatectomy,856,540,455,1.0614045452625487,0.0577673107098671,0.15,1,250.0,0.00023684534813518148,5.921133703379537e-05,0.005212163068212242,0.006515203835265302,0.052121630682122416,0.06515203835265301
intact_pre_hepatectomy,857,540,1178,9.02382886422385,0.07467491568599002,0.15,2,250.0,0.00023684534813518148,5.921133703379537e-05,0.005212163068212242,0.006515203835265302,0.052121630682122416,0.06515203835265301
intact_pre_hepatectomy,858,1178,541,1.2305221178487,0.0592695198577886,0.15,1,250.0,0.00011842267406759074,2.9605668516897685e-05,0.002606081534106121,0.003257601917632651,0.026060815341061208,0.03257601917632651
intact_pre_hepatectomy,859,1178,1179,3.602761275283952,0.0592695198577886,0.15,1,250.0,0.00011842267406759074,2.9605668516897685e-05,0.002606081534106121,0.003257601917632651,0.026060815341061208,0.03257601917632651
intact_pre_hepatectomy,860,620,621,5.909193623585942,0.05237490584877859,0.15,1,250.0,0.007579051140325807,0.0018947627850814518,0.16678921818279174,0.20848652272848966,1.6678921818279173,2.0848652272848964
intact_pre_hepatectomy,861,488,489,2.3163919566859468,0.05051946150308456,0.15,1,250.0,0.03031620456130323,0.007579051140325807,0.667156872731167,0.8339460909139587,6.671568727311669,8.339460909139586
intact_pre_hepatectomy,862,1130,1131,5.868111335004405,0.050104319015425926,0.15,1,250.0,0.06063240912260646,0.015158102280651614,1.334313745462334,1.6678921818279173,13.343137454623339,16.67892181827917
intact_pre_hepatectomy,863,202,262,3.3630188724953203,0.09219513408165525,0.16745823894673945,6,250.0,0.27735976712383437,0.06933994178095859,4.386830128589045,5.483537660736306,43.86830128589045,54.83537660736306
intact_pre_hepatectomy,864,262,986,0.4035622646994331,0.06282610937050205,0.15,2,250.0,0.13867988356191718,0.034669970890479296,3.051874031289151,3.814842539111439,30.51874031289151,38.148425391114394
intact_pre_hepatectomy,865,986,203,0.05503121791355838,0.04986511605290206,0.15,1,250.0,0.06933994178095859,0.017334985445239648,1.5259370156445755,1.9074212695557196,15.259370156445755,19.074212695557197
intact_pre_hepatectomy,866,986,987,6.025399827900583,0.04986511605290206,0.15,1,250.0,0.06933994178095859,0.017334985445239648,1.5259370156445755,1.9074212695557196,15.259370156445755,19.074212695557197
intact_pre_hepatectomy,867,262,492,6.325319538505555,0.08121434704973512,0.15,4,250.0,0.13867988356191718,0.034669970890479296,3.051874031289151,3.814842539111439,30.51874031289151,38.148425391114394
intact_pre_hepatectomy,868,492,263,0.8625435734325761,0.049601480596968915,0.15,1,250.0,0.06933994178095859,0.017334985445239648,1.5259370156445755,1.9074212695557196,15.259370156445755,19.074212695557197
intact_pre_hepatectomy,869,492,908,13.77931963006812,0.07450856791014175,0.15,3,250.0,0.06933994178095859,0.017334985445239648,1.5259370156445755,1.9074212695557196,15.259370156445755,19.074212695557197
intact_pre_hepatectomy,870,908,493,1.8789981313729294,0.050773649642031106,0.15,1,250.0,0.034669970890479296,0.008667492722619824,0.7629685078222878,0.9537106347778598,7.629685078222877,9.537106347778598
intact_pre_hepatectomy,871,908,1078,7.309800239009498,0.06563431739329784,0.15,2,250.0,0.034669970890479296,0.008667492722619824,0.7629685078222878,0.9537106347778598,7.629685078222877,9.537106347778598
intact_pre_hepatectomy,872,1078,909,1.5181426899907104,0.05209399223766785,0.15,1,250.0,0.017334985445239648,0.004333746361309912,0.3814842539111439,0.4768553173889299,3.8148425391114387,4.768553173889299
intact_pre_hepatectomy,873,1078,1079,10.143531910639645,0.05209399223766785,0.15,1,250.0,0.017334985445239648,0.004333746361309912,0.3814842539111439,0.4768553173889299,3.8148425391114387,4.768553173889299
intact_pre_hepatectomy,874,846,847,6.935524230098293,0.04679959323903172,0.18721604988371307,1,250.0,0.3875726639802598,0.09689316599506495,4.386830128589045,5.483537660736306,43.86830128589045,54.83537660736306
intact_pre_hepatectomy,875,136,396,6.247954030902752,0.07715840706747842,0.23993168250153796,4,250.0,0.8158056398307648,0.2039514099576912,4.386830128589046,5.4835376607363076,43.86830128589046,54.835376607363074
intact_pre_hepatectomy,876,396,137,5.994133888712732,0.047124324335290485,0.19043390260172072,1,250.0,0.4079028199153824,0.1019757049788456,4.386830128589045,5.483537660736307,43.86830128589045,54.83537660736307
intact_pre_hepatectomy,877,396,440,5.481031528882433,0.07078752242266936,0.19043390260172072,3,250.0,0.4079028199153824,0.1019757049788456,4.386830128589045,5.483537660736307,43.86830128589045,54.83537660736307
intact_pre_hepatectomy,878,440,462,0.6577237834658896,0.0623564624108453,0.15114748866019057,2,250.0,0.2039514099576912,0.0509878524894228,4.386830128589043,5.483537660736305,43.86830128589043,54.835376607363045
intact_pre_hepatectomy,879,462,397,0.0896896068362595,0.049492357013995666,0.15,1,250.0,0.1019757049788456,0.0254939262447114,2.244139509306639,2.8051743866332988,22.44139509306639,28.051743866332988
intact_pre_hepatectomy,880,462,463,7.503435426082623,0.049492357013995666,0.15,1,250.0,0.1019757049788456,0.0254939262447114,2.244139509306639,2.8051743866332988,22.44139509306639,28.051743866332988
intact_pre_hepatectomy,881,440,441,5.047021469930081,0.04823795388002375,0.15114748866019057,1,250.0,0.2039514099576912,0.0509878524894228,4.386830128589043,5.483537660736305,43.86830128589043,54.835376607363045
intact_pre_hepatectomy,882,1304,1305,4.409928890137244,0.1254808881555994,0.2975706807592333,1,250.0,1.5563035944755292,0.3890758986188823,4.386830128589046,5.4835376607363076,43.86830128589046,54.835376607363074
intact_pre_hepatectomy,883,110,1184,10.230025597011819,0.17467640112612376,0.36211004141577385,2,250.0,2.804436489359016,0.701109122339754,4.386830128589045,5.483537660736306,43.86830128589045,54.83537660736306
intact_pre_hepatectomy,884,1184,111,1.3950034905016062,0.13864075145081406,0.2874069303358238,1,250.0,1.402218244679508,0.350554561169877,4.386830128589048,5.483537660736309,43.868301285890475,54.835376607363095
intact_pre_hepatectomy,885,1184,1185,4.959102065352073,0.13864075145081406,0.2874069303358238,1,250.0,1.402218244679508,0.350554561169877,4.386830128589048,5.483537660736309,43.868301285890475,54.835376607363095
intact_pre_hepatectomy,886,362,388,3.6840603287260207,0.20160424193230694,0.4179323590654479,2,250.0,4.3116341200417665,1.0779085300104416,4.386830128589046,5.483537660736307,43.86830128589046,54.83537660736307
intact_pre_hepatectomy,887,388,363,4.079977015646088,0.16001339286229774,0.33171313321602164,1,250.0,2.1558170600208832,0.5389542650052208,4.386830128589046,5.4835376607363076,43.86830128589046,54.835376607363074
intact_pre_hepatectomy,888,388,389,9.363348406619208,0.16001339286229774,0.33171313321602164,1,250.0,2.1558170600208832,0.5389542650052208,4.386830128589046,5.4835376607363076,43.86830128589046,54.835376607363074
intact_pre_hepatectomy,889,78,820,7.326450192466456,0.1775991464244493,0.3484318206917196,3,250.0,2.49848839046069,0.6246220976151725,4.386830128589046,5.483537660736307,43.86830128589046,54.83537660736307
intact_pre_hepatectomy,890,820,596,2.5236907613504154,0.15644642048762877,0.2822432066684705,2,250.0,1.3279887559971013,0.33199718899927533,4.386830128589043,5.483537660736305,43.86830128589043,54.835376607363045
intact_pre_hepatectomy,891,596,79,1.3432010391568505,0.12417160622936063,0.22401658158820403,1,250.0,0.6639943779985507,0.16599859449963766,4.386830128589043,5.483537660736305,43.86830128589043,54.835376607363045
intact_pre_hepatectomy,892,596,597,9.45854291917068,0.12417160622936063,0.22401658158820403,1,250.0,0.6639943779985507,0.16599859449963766,4.386830128589043,5.483537660736305,43.86830128589043,54.835376607363045
intact_pre_hepatectomy,893,820,821,2.9657532444437007,0.12102442833358189,0.2706132928341329,1,250.0,1.1704996344635887,0.2926249086158972,4.386830128589047,5.483537660736308,43.86830128589047,54.83537660736309
intact_pre_hepatectomy,894,43,226,11.577738927683704,0.3302720307012677,0.6479607999115473,72,250.0,16.068306364729693,4.017076591182423,4.386830128589048,5.483537660736309,43.868301285890475,54.835376607363095
intact_pre_hepatectomy,895,226,45,3.0266779982110643,0.3181071286667707,0.6240944748207378,70,250.0,14.35737084397594,3.589342710993985,4.386830128589046,5.483537660736307,43.86830128589046,54.83537660736307
intact_pre_hepatectomy,896,45,516,4.37335628336914,0.29863370903896397,0.6240944748207378,70,250.0,14.35737084397594,3.589342710993985,4.386830128589046,5.483537660736307,43.86830128589046,54.83537660736307
intact_pre_hepatectomy,897,516,282,5.132819175959158,0.2795590180715866,0.5842315628944086,69,250.0,11.778200757832666,2.9445501894581665,4.386830128589047,5.4835376607363076,43.86830128589047,54.835376607363074
intact_pre_hepatectomy,898,282,104,2.8357458911569644,0.2115019105644281,0.44200359772535663,64,250.0,5.100365717560586,1.2750914293901465,4.386830128589045,5.483537660736306,43.86830128589045,54.83537660736306
intact_pre_hepatectomy,899,104,108,1.481030562058224,0.08141068390902044,0.2872472185328638,15,250.0,1.399881908765396,0.349970477191349,4.386830128589045,5.483537660736306,43.86830128589045,54.83537660736306
intact_pre_hepatectomy,900,108,46,0.2019587130079406,0.04726414130596881,0.22798826843700362,1,250.0,0.699940954382698,0.1749852385956745,4.386830128589047,5.483537660736308,43.86830128589047,54.83537660736309
intact_pre_hepatectomy,901,108,962,6.103288279139161,0.07571070913470737,0.22798826843700362,14,250.0,0.699940954382698,0.1749852385956745,4.386830128589047,5.483537660736308,43.86830128589047,54.83537660736309
intact_pre_hepatectomy,902,962,170,1.203988874611681,0.07430469951399332,0.18095440857665393,13,250.0,0.349970477191349,0.08749261929783725,4.386830128589043,5.483537660736305,43.86830128589043,54.835376607363045
intact_pre_hepatectomy,903,170,662,0.876873258450104,0.06361990101386837,0.15,8,250.0,0.1749852385956745,0.043746309648918624,3.85083179919633,4.813539748995413,38.508317991963295,48.13539748995413
intact_pre_hepatectomy,904,662,109,0.11957362615228155,0.02984179616159088,0.15,1,250.0,0.08749261929783725,0.021873154824459312,1.925415899598165,2.4067698744977064,19.254158995981648,24.067698744977065
intact_pre_hepatectomy,905,662,874,14.210404264651386,0.06135136554736171,0.15,7,250.0,0.08749261929783725,0.021873154824459312,1.925415899598165,2.4067698744977064,19.254158995981648,24.067698744977065
intact_pre_hepatectomy,906,874,663,1.9377823997251875,0.030275178653475957,0.15,1,250.0,0.043746309648918624,0.010936577412229656,0.9627079497990825,1.2033849372488532,9.627079497990824,12.033849372488532
intact_pre_hepatectomy,907,874,894,15.813755417280545,0.05878829724658136,0.15,6,250.0,0.043746309648918624,0.010936577412229656,0.9627079497990825,1.2033849372488532,9.627079497990824,12.033849372488532
intact_pre_hepatectomy,908,894,875,2.156421193265525,0.030762747128635387,0.15,1,250.0,0.021873154824459312,0.005468288706114828,0.48135397489954124,0.6016924686244266,4.813539748995412,6.016924686244266
intact_pre_hepatectomy,909,894,944,5.2539803727994485,0.05583453388809636,0.15,5,250.0,0.021873154824459312,0.005468288706114828,0.48135397489954124,0.6016924686244266,4.813539748995412,6.016924686244266
intact_pre_hepatectomy,910,944,1344,0.5399842355054686,0.04076692328561959,0.15,2,250.0,0.010936577412229656,0.002734144353057414,0.24067698744977062,0.3008462343122133,2.406769874497706,3.008462343122133
intact_pre_hepatectomy,911,1344,895,0.17646763351264677,0.03235672845454972,0.15,1,250.0,0.005468288706114828,0.001367072176528707,0.12033849372488531,0.15042311715610665,1.203384937248853,1.5042311715610666
intact_pre_hepatectomy,912,1344,1345,6.825749925941287,0.03235672845454972,0.15,1,250.0,0.005468288706114828,0.001367072176528707,0.12033849372488531,0.15042311715610665,1.203384937248853,1.5042311715610666
intact_pre_hepatectomy,913,944,1278,5.693416708051555,0.04737256724668069,0.15,3,250.0,0.010936577412229656,0.002734144353057414,0.24067698744977062,0.3008462343122133,2.406769874497706,3.008462343122133
intact_pre_hepatectomy,914,1278,1288,5.058425539171656,0.04173031641345998,0.15,2,250.0,0.005468288706114828,0.001367072176528707,0.12033849372488531,0.15042311715610665,1.203384937248853,1.5042311715610666
intact_pre_hepatectomy,915,1288,945,0.6897853007961336,0.0331213740868461,0.15,1,250.0,0.002734144353057414,0.0006835360882643535,0.060169246862442655,0.07521155857805333,0.6016924686244265,0.7521155857805333
intact_pre_hepatectomy,916,1288,1289,11.30131759026131,0.0331213740868461,0.15,1,250.0,0.002734144353057414,0.0006835360882643535,0.060169246862442655,0.07521155857805333,0.6016924686244265,0.7521155857805333
intact_pre_hepatectomy,917,1278,1279,8.26311565489139,0.0322818999142128,0.15,1,250.0,0.005468288706114828,0.001367072176528707,0.12033849372488531,0.15042311715610665,1.203384937248853,1.5042311715610666
intact_pre_hepatectomy,918,170,1306,3.7113112929836305,0.05345557377401361,0.15,5,250.0,0.1749852385956745,0.043746309648918624,3.85083179919633,4.813539748995413,38.508317991963295,48.13539748995413
intact_pre_hepatectomy,919,1306,344,7.094436325918524,0.05010522533602449,0.15,4,250.0,0.08749261929783725,0.021873154824459312,1.925415899598165,2.4067698744977064,19.254158995981648,24.067698744977065
intact_pre_hepatectomy,920,344,678,1.2966897142682698,0.03976854370375449,0.15,2,250.0,0.043746309648918624,0.010936577412229656,0.9627079497990825,1.2033849372488532,9.627079497990824,12.033849372488532
intact_pre_hepatectomy,921,678,171,0.17682132467293823,0.0315643140552916,0.15,1,250.0,0.021873154824459312,0.005468288706114828,0.48135397489954124,0.6016924686244266,4.813539748995412,6.016924686244266
intact_pre_hepatectomy,922,678,679,11.132904631532165,0.0315643140552916,0.15,1,250.0,0.021873154824459312,0.005468288706114828,0.48135397489954124,0.6016924686244266,4.813539748995412,6.016924686244266
intact_pre_hepatectomy,923,344,536,7.5437303654618395,0.03976854370375449,0.15,2,250.0,0.043746309648918624,0.010936577412229656,0.9627079497990825,1.2033849372488532,9.627079497990824,12.033849372488532
intact_pre_hepatectomy,924,536,345,1.0286905043811638,0.0315643140552916,0.15,1,250.0,0.021873154824459312,0.005468288706114828,0.48135397489954124,0.6016924686244266,4.813539748995412,6.016924686244266
intact_pre_hepatectomy,925,536,537,6.4791219644413545,0.0315643140552916,0.15,1,250.0,0.021873154824459312,0.005468288706114828,0.48135397489954124,0.6016924686244266,4.813539748995412,6.016924686244266
intact_pre_hepatectomy,926,1306,1307,5.936496488663743,0.02998457086331568,0.15,1,250.0,0.08749261929783725,0.021873154824459312,1.925415899598165,2.4067698744977064,19.254158995981648,24.067698744977065
intact_pre_hepatectomy,927,962,963,6.373115059958675,0.028737214541907793,0.18095440857665393,1,250.0,0.349970477191349,0.08749261929783725,4.386830128589043,5.483537660736305,43.86830128589043,54.835376607363045
intact_pre_hepatectomy,928,104,124,5.790850870521845,0.2074023286281424,0.39717161343781904,49,250.0,3.7004838087951897,0.9251209521987974,4.386830128589047,5.4835376607363076,43.86830128589047,54.835376607363074
intact_pre_hepatectomy,929,124,122,3.150390738602774,0.07428150628576298,0.26104522127739765,3,250.0,1.0506816490856306,0.26267041227140764,4.386830128589042,5.483537660736302,43.868301285890425,54.835376607363024
intact_pre_hepatectomy,930,122,105,1.2192602194260806,0.050618919150133015,0.2071917294335062,1,250.0,0.5253408245428153,0.13133520613570382,4.386830128589044,5.483537660736305,43.86830128589044,54.835376607363045
intact_pre_hepatectomy,931,122,798,2.274296055822983,0.06543429966191039,0.2071917294335062,2,250.0,0.5253408245428153,0.13133520613570382,4.386830128589044,5.483537660736305,43.86830128589044,54.835376607363045
intact_pre_hepatectomy,932,798,123,6.909146378629328,0.05193523805905949,0.16444818463092914,1,250.0,0.26267041227140764,0.06566760306785191,4.386830128589044,5.483537660736305,43.86830128589044,54.835376607363045
intact_pre_hepatectomy,933,798,799,6.61409356039502,0.05193523805905949,0.16444818463092914,1,250.0,0.26267041227140764,0.06566760306785191,4.386830128589044,5.483537660736305,43.86830128589044,54.835376607363045
intact_pre_hepatectomy,934,124,220,10.852784348368242,0.2041763143407186,0.3553283410445091,46,250.0,2.649802159709559,0.6624505399273898,4.386830128589047,5.483537660736308,43.86830128589047,54.83537660736309
intact_pre_hepatectomy,935,220,254,1.3023341218041795,0.16711149258579383,0.29082437706703157,25,250.0,1.4528351026635782,0.36320877566589455,4.386830128589045,5.483537660736307,43.86830128589045,54.83537660736307
intact_pre_hepatectomy,936,254,125,0.17759101660966223,0.05100825232209888,0.21895088491025572,1,250.0,0.6199604991289591,0.15499012478223978,4.386830128589043,5.483537660736305,43.86830128589043,54.835376607363045
intact_pre_hepatectomy,937,254,420,10.309840794101696,0.16551211657563678,0.24159349591736715,24,250.0,0.8328746035346188,0.2082186508836547,4.386830128589046,5.483537660736308,43.86830128589046,54.83537660736309
intact_pre_hepatectomy,938,420,972,0.05723158927395436,0.10108615456653457,0.19057307721615088,6,250.0,0.40879779527385185,0.10219944881846296,4.386830128589045,5.483537660736306,43.86830128589045,54.83537660736306
intact_pre_hepatectomy,939,972,670,0.4196983213423929,0.09600717467779243,0.1512579516248674,5,250.0,0.20439889763692592,0.05109972440923148,4.386830128589043,5.483537660736305,43.86830128589043,54.835376607363045
intact_pre_hepatectomy,940,670,255,0.9289574703975237,0.053852830103049705,0.15,1,250.0,0.10219944881846296,0.02554986220461574,2.2490633525941504,2.811329190742688,22.490633525941504,28.11329190742688
intact_pre_hepatectomy,941,670,1006,5.4642229732248095,0.08998988845283645,0.15,4,250.0,0.10219944881846296,0.02554986220461574,2.2490633525941504,2.811329190742688,22.490633525941504,28.11329190742688
intact_pre_hepatectomy,942,1006,671,3.9664959113903446,0.05496112285780327,0.15,1,250.0,0.05109972440923148,0.01277493110230787,1.1245316762970752,1.405664595371344,11.245316762970752,14.05664595371344
intact_pre_hepatectomy,943,1006,1292,6.740302826183582,0.08255952253002954,0.15,3,250.0,0.05109972440923148,0.01277493110230787,1.1245316762970752,1.405664595371344,11.245316762970752,14.05664595371344
intact_pre_hepatectomy,944,1292,1007,1.393325694406904,0.05625994954846688,0.15,1,250.0,0.02554986220461574,0.006387465551153935,0.5622658381485376,0.702832297685672,5.622658381485376,7.02832297685672
intact_pre_hepatectomy,945,1292,1312,6.550666495996173,0.07272637305430628,0.15,2,250.0,0.02554986220461574,0.006387465551153935,0.5622658381485376,0.702832297685672,5.622658381485376,7.02832297685672
intact_pre_hepatectomy,946,1312,1293,0.8932727039994766,0.057722960546118765,0.15,1,250.0,0.01277493110230787,0.0031937327755769676,0.2811329190742688,0.351416148842836,2.811329190742688,3.51416148842836
intact_pre_hepatectomy,947,1312,1313,6.180046823014475,0.057722960546118765,0.15,1,250.0,0.01277493110230787,0.0031937327755769676,0.2811329190742688,0.351416148842836,2.811329190742688,3.51416148842836
intact_pre_hepatectomy,948,972,973,3.9993489721457873,0.052896374904229555,0.1512579516248674,1,250.0,0.20439889763692592,0.05109972440923148,4.386830128589043,5.483537660736305,43.86830128589043,54.835376607363045
intact_pre_hepatectomy,949,420,608,11.7323369901575,0.15184596350045212,0.1929183501808833,18,250.0,0.424076808260767,0.10601920206519175,4.386830128589044,5.483537660736306,43.86830128589044,54.83537660736306
intact_pre_hepatectomy,950,608,728,0.3949541723449332,0.10969638782744019,0.1531193960105518,7,250.0,0.2120384041303835,0.053009601032595874,4.386830128589045,5.483537660736307,43.86830128589045,54.83537660736307
intact_pre_hepatectomy,951,728,421,1.2049099626765383,0.054132091592206666,0.15,1,250.0,0.10601920206519175,0.026504800516297937,2.3331231703572595,2.9164039629465743,23.331231703572595,29.164039629465744
intact_pre_hepatectomy,952,728,746,15.723173714543465,0.10511361559666446,0.15,6,250.0,0.10601920206519175,0.026504800516297937,2.3331231703572595,2.9164039629465743,23.331231703572595,29.164039629465744
intact_pre_hepatectomy,953,746,1060,0.22641370148943277,0.09259418885555454,0.15,4,250.0,0.053009601032595874,0.013252400258148968,1.1665615851786297,1.4582019814732872,11.665615851786297,14.582019814732872
intact_pre_hepatectomy,954,1060,1052,1.660367144255791,0.08494878871837308,0.15,3,250.0,0.026504800516297937,0.006626200129074484,0.5832807925893149,0.7291009907366436,5.832807925893149,7.291009907366436
intact_pre_hepatectomy,955,1052,729,0.2572882971470718,0.057888108131447694,0.15,1,250.0,0.013252400258148968,0.003313100064537242,0.29164039629465743,0.3645504953683218,2.9164039629465743,3.645504953683218
intact_pre_hepatectomy,956,1052,1316,13.924700263019313,0.07483106865833318,0.15,2,250.0,0.013252400258148968,0.003313100064537242,0.29164039629465743,0.3645504953683218,2.9164039629465743,3.645504953683218
intact_pre_hepatectomy,957,1316,1053,1.8988227631389887,0.05939345855407134,0.15,1,250.0,0.006626200129074484,0.001656550032268621,0.14582019814732872,0.1822752476841609,1.4582019814732872,1.822752476841609
intact_pre_hepatectomy,958,1316,1317,8.524406277045154,0.05939345855407134,0.15,1,250.0,0.006626200129074484,0.001656550032268621,0.14582019814732872,0.1822752476841609,1.4582019814732872,1.822752476841609
intact_pre_hepatectomy,959,1060,1061,11.895398402813019,0.05655169349694159,0.15,1,250.0,0.026504800516297937,0.006626200129074484,0.5832807925893149,0.7291009907366436,5.832807925893149,7.291009907366436
intact_pre_hepatectomy,960,746,868,15.01375075495292,0.07162937150192805,0.15,2,250.0,0.053009601032595874,0.013252400258148968,1.1665615851786297,1.4582019814732872,11.665615851786297,14.582019814732872
intact_pre_hepatectomy,961,868,747,2.0473296484026617,0.05685226983699079,0.15,1,250.0,0.026504800516297937,0.006626200129074484,0.5832807925893149,0.7291009907366436,5.832807925893149,7.291009907366436
intact_pre_hepatectomy,962,868,869,8.854399931745084,0.05685226983699079,0.15,1,250.0,0.026504800516297937,0.006626200129074484,0.5832807925893149,0.7291009907366436,5.832807925893149,7.291009907366436
intact_pre_hepatectomy,963,608,920,9.49031230553801,0.12968628434896967,0.1531193960105518,11,250.0,0.2120384041303835,0.053009601032595874,4.386830128589045,5.483537660736307,43.86830128589045,54.83537660736307
intact_pre_hepatectomy,964,920,714,3.5704366109519245,0.11774112838470563,0.15,8,250.0,0.10601920206519175,0.026504800516297937,2.3331231703572595,2.9164039629465743,23.331231703572595,29.164039629465744
intact_pre_hepatectomy,965,714,934,1.5672898699787847,0.09345119552890227,0.15,4,250.0,0.053009601032595874,0.013252400258148968,1.1665615851786297,1.4582019814732872,11.665615851786297,14.582019814732872
intact_pre_hepatectomy,966,934,609,0.2137213459061939,0.05707510840358978,0.15,1,250.0,0.026504800516297937,0.006626200129074484,0.5832807925893149,0.7291009907366436,5.832807925893149,7.291009907366436
intact_pre_hepatectomy,967,934,1144,14.770052440721855,0.08573503329510372,0.15,3,250.0,0.026504800516297937,0.006626200129074484,0.5832807925893149,0.7291009907366436,5.832807925893149,7.291009907366436
intact_pre_hepatectomy,968,1144,935,2.014098060098444,0.05842389224046471,0.15,1,250.0,0.013252400258148968,0.003313100064537242,0.29164039629465743,0.3645504953683218,2.9164039629465743,3.645504953683218
intact_pre_hepatectomy,969,1144,1198,8.96689971795283,0.07552366855047087,0.15,2,250.0,0.013252400258148968,0.003313100064537242,0.29164039629465743,0.3645504953683218,2.9164039629465743,3.645504953683218
intact_pre_hepatectomy,970,1198,1145,1.2227590524481045,0.059943175452757555,0.15,1,250.0,0.006626200129074484,0.001656550032268621,0.14582019814732872,0.1822752476841609,1.4582019814732872,1.822752476841609
intact_pre_hepatectomy,971,1198,1199,15.979459505183375,0.059943175452757555,0.15,1,250.0,0.006626200129074484,0.001656550032268621,0.14582019814732872,0.1822752476841609,1.4582019814732872,1.822752476841609
intact_pre_hepatectomy,972,714,1308,8.655565822761652,0.09345119552890227,0.15,4,250.0,0.053009601032595874,0.013252400258148968,1.1665615851786297,1.4582019814732872,11.665615851786297,14.582019814732872
intact_pre_hepatectomy,973,1308,732,6.095118516820935,0.08573503329510372,0.15,3,250.0,0.026504800516297937,0.006626200129074484,0.5832807925893149,0.7291009907366436,5.832807925893149,7.291009907366436
intact_pre_hepatectomy,974,732,715,2.0114569553976276,0.05842389224046471,0.15,1,250.0,0.013252400258148968,0.003313100064537242,0.29164039629465743,0.3645504953683218,2.9164039629465743,3.645504953683218
intact_pre_hepatectomy,975,732,1008,3.9275070357736204,0.07552366855047087,0.15,2,250.0,0.013252400258148968,0.003313100064537242,0.29164039629465743,0.3645504953683218,2.9164039629465743,3.645504953683218
intact_pre_hepatectomy,976,1008,733,3.517532865035427,0.059943175452757555,0.15,1,250.0,0.006626200129074484,0.001656550032268621,0.14582019814732872,0.1822752476841609,1.4582019814732872,1.822752476841609
intact_pre_hepatectomy,977,1008,1009,8.022231668120483,0.059943175452757555,0.15,1,250.0,0.006626200129074484,0.001656550032268621,0.14582019814732872,0.1822752476841609,1.4582019814732872,1.822752476841609
intact_pre_hepatectomy,978,1308,1309,9.591814915082683,0.05707510840358978,0.15,1,250.0,0.026504800516297937,0.006626200129074484,0.5832807925893149,0.7291009907366436,5.832807925893149,7.291009907366436
intact_pre_hepatectomy,979,920,1046,6.871774766170244,0.08187701411617203,0.15,3,250.0,0.10601920206519175,0.026504800516297937,2.3331231703572595,2.9164039629465743,23.331231703572595,29.164039629465744
intact_pre_hepatectomy,980,1046,921,0.937060195386846,0.05579485614974887,0.15,1,250.0,0.053009601032595874,0.013252400258148968,1.1665615851786297,1.4582019814732872,11.665615851786297,14.582019814732872
intact_pre_hepatectomy,981,1046,1294,8.58969165264828,0.07212515395809785,0.15,2,250.0,0.053009601032595874,0.013252400258148968,1.1665615851786297,1.4582019814732872,11.665615851786297,14.582019814732872
intact_pre_hepatectomy,982,1294,1047,1.1713215889974948,0.05724577263322645,0.15,1,250.0,0.026504800516297937,0.006626200129074484,0.5832807925893149,0.7291009907366436,5.832807925893149,7.291009907366436
intact_pre_hepatectomy,983,1294,1295,11.169758672598066,0.05724577263322645,0.15,1,250.0,0.026504800516297937,0.006626200129074484,0.5832807925893149,0.7291009907366436,5.832807925893149,7.291009907366436
intact_pre_hepatectomy,984,220,808,7.600289501475285,0.15666125789405969,0.2726378182170017,21,250.0,1.196967057045981,0.29924176426149524,4.386830128589045,5.483537660736306,43.86830128589045,54.83537660736306
intact_pre_hepatectomy,985,808,956,1.6649280785904312,0.15483300862050423,0.21976837395612162,20,250.0,0.626930631273008,0.156732657818252,4.386830128589043,5.483537660736304,43.86830128589043,54.83537660736304
intact_pre_hepatectomy,986,956,248,5.217089085771842,0.15058489130383734,0.17476902637675917,18,250.0,0.31529516096119287,0.07882379024029822,4.386830128589046,5.4835376607363076,43.86830128589046,54.835376607363074
intact_pre_hepatectomy,987,248,221,3.1245032771657035,0.05199642838571523,0.15,1,250.0,0.15764758048059643,0.03941189512014911,3.4692887288839565,4.336610911104946,34.692887288839565,43.366109111049454
intact_pre_hepatectomy,988,248,376,13.032161319878405,0.14848936015809128,0.15,17,250.0,0.15764758048059643,0.03941189512014911,3.4692887288839565,4.336610911104946,34.692887288839565,43.366109111049454
intact_pre_hepatectomy,989,376,322,1.7771129072561358,0.09648399198036267,0.15,5,250.0,0.07882379024029822,0.019705947560074554,1.7346443644419782,2.168305455552473,17.346443644419782,21.683054555524727
intact_pre_hepatectomy,990,322,249,2.0194464855183543,0.05412028887653914,0.15,1,250.0,0.03941189512014911,0.009852973780037277,0.8673221822209891,1.0841527277762364,8.673221822209891,10.841527277762363
intact_pre_hepatectomy,991,322,890,6.022025011202666,0.09043682104943335,0.15,4,250.0,0.03941189512014911,0.009852973780037277,0.8673221822209891,1.0841527277762364,8.673221822209891,10.841527277762363
intact_pre_hepatectomy,992,890,398,8.687012964543086,0.08296955239463466,0.15,3,250.0,0.019705947560074554,0.0049264868900186385,0.43366109111049456,0.5420763638881182,4.336610911104946,5.420763638881182
intact_pre_hepatectomy,993,398,323,2.00577790578352,0.056539363222251844,0.15,1,250.0,0.009852973780037277,0.0024632434450093193,0.21683054555524728,0.2710381819440591,2.168305455552473,2.710381819440591
intact_pre_hepatectomy,994,398,1296,2.3391756378544106,0.07308756682072894,0.15,2,250.0,0.009852973780037277,0.0024632434450093193,0.21683054555524728,0.2710381819440591,2.168305455552473,2.710381819440591
intact_pre_hepatectomy,995,1296,399,4.940809319412978,0.05800964022851061,0.15,1,250.0,0.0049264868900186385,0.0012316217225046596,0.10841527277762364,0.13551909097202955,1.0841527277762364,1.3551909097202954
intact_pre_hepatectomy,996,1296,1297,4.708321776860277,0.05800964022851061,0.15,1,250.0,0.0049264868900186385,0.0012316217225046596,0.10841527277762364,0.13551909097202955,1.0841527277762364,1.3551909097202954
intact_pre_hepatectomy,997,890,891,3.205946712042458,0.055234085940356614,0.15,1,250.0,0.019705947560074554,0.0049264868900186385,0.43366109111049456,0.5420763638881182,4.336610911104946,5.420763638881182
intact_pre_hepatectomy,998,376,390,11.035243233866446,0.1334363771880673,0.15,12,250.0,0.07882379024029822,0.019705947560074554,1.7346443644419782,2.168305455552473,17.346443644419782,21.683054555524727
intact_pre_hepatectomy,999,390,470,1.324229188063965,0.11206681571421302,0.15,7,250.0,0.03941189512014911,0.009852973780037277,0.8673221822209891,1.0841527277762364,8.673221822209891,10.841527277762363
intact_pre_hepatectomy,1000,470,377,0.18057670746327223,0.055301831289391215,0.15,1,250.0,0.019705947560074554,0.0049264868900186385,0.43366109111049456,0.5420763638881182,4.336610911104946,5.420763638881182
intact_pre_hepatectomy,1001,470,498,6.825693706307928,0.10738501441502671,0.15,6,250.0,0.019705947560074554,0.0049264868900186385,0.43366109111049456,0.5420763638881182,4.336610911104946,5.420763638881182
intact_pre_hepatectomy,1002,498,976,3.5536567918468656,0.10198955416723164,0.15,5,250.0,0.009852973780037277,0.0024632434450093193,0.21683054555524728,0.2710381819440591,2.168305455552473,2.710381819440591
intact_pre_hepatectomy,1003,976,1082,0.42643881502161907,0.0744664644107739,0.15,2,250.0,0.0049264868900186385,0.0012316217225046596,0.10841527277762364,0.13551909097202955,1.0841527277762364,1.3551909097202954
intact_pre_hepatectomy,1004,1082,471,0.058150747502947145,0.059104071971007505,0.15,1,250.0,0.0024632434450093193,0.0006158108612523298,0.05420763638881182,0.06775954548601477,0.5420763638881182,0.6775954548601477
intact_pre_hepatectomy,1005,1082,1083,8.009969935179827,0.059104071971007505,0.15,1,250.0,0.0024632434450093193,0.0006158108612523298,0.05420763638881182,0.06775954548601477,0.5420763638881182,0.6775954548601477
intact_pre_hepatectomy,1006,976,1148,8.510904114605413,0.08653259330380507,0.15,3,250.0,0.0049264868900186385,0.0012316217225046596,0.10841527277762364,0.13551909097202955,1.0841527277762364,1.3551909097202954
intact_pre_hepatectomy,1007,1148,1112,1.1605778338098214,0.07622623616409668,0.15,2,250.0,0.0024632434450093193,0.0006158108612523298,0.05420763638881182,0.06775954548601477,0.5420763638881182,0.6775954548601477
intact_pre_hepatectomy,1008,1112,977,1.3188384475111636,0.060500803737231754,0.15,1,250.0,0.0012316217225046596,0.0003079054306261649,0.02710381819440591,0.03387977274300739,0.2710381819440591,0.33879772743007386
intact_pre_hepatectomy,1009,1112,1113,15.691579126214771,0.060500803737231754,0.15,1,250.0,0.0012316217225046596,0.0003079054306261649,0.02710381819440591,0.03387977274300739,0.2710381819440591,0.33879772743007386
intact_pre_hepatectomy,1010,1148,1149,16.80957665833642,0.058967387218104524,0.15,1,250.0,0.0024632434450093193,0.0006158108612523298,0.05420763638881182,0.06775954548601477,0.5420763638881182,0.6775954548601477
intact_pre_hepatectomy,1011,498,499,3.86831530565582,0.05619244302991671,0.15,1,250.0,0.009852973780037277,0.0024632434450093193,0.21683054555524728,0.2710381819440591,2.168305455552473,2.710381819440591
intact_pre_hepatectomy,1012,390,458,9.990917885257039,0.09893627098202099,0.15,5,250.0,0.03941189512014911,0.009852973780037277,0.8673221822209891,1.0841527277762364,8.673221822209891,10.841527277762363
intact_pre_hepatectomy,1013,458,391,1.3623978934441345,0.05549583361978143,0.15,1,250.0,0.019705947560074554,0.0049264868900186385,0.43366109111049456,0.5420763638881182,4.336610911104946,5.420763638881182
intact_pre_hepatectomy,1014,458,598,11.116954679229362,0.09273540253102662,0.15,4,250.0,0.019705947560074554,0.0049264868900186385,0.43366109111049456,0.5420763638881182,4.336610911104946,5.420763638881182
intact_pre_hepatectomy,1015,598,1004,1.3340345615075262,0.07360413776622306,0.15,2,250.0,0.009852973780037277,0.0024632434450093193,0.21683054555524728,0.2710381819440591,2.168305455552473,2.710381819440591
intact_pre_hepatectomy,1016,1004,459,0.18191380384193548,0.058419642859657395,0.15,1,250.0,0.0049264868900186385,0.0012316217225046596,0.10841527277762364,0.13551909097202955,1.0841527277762364,1.3551909097202954
intact_pre_hepatectomy,1017,1004,1005,12.724783565099727,0.058419642859657395,0.15,1,250.0,0.0049264868900186385,0.0012316217225046596,0.10841527277762364,0.13551909097202955,1.0841527277762364,1.3551909097202954
intact_pre_hepatectomy,1018,598,882,8.83797899145703,0.07360413776622306,0.15,2,250.0,0.009852973780037277,0.0024632434450093193,0.21683054555524728,0.2710381819440591,2.168305455552473,2.710381819440591
intact_pre_hepatectomy,1019,882,599,1.2051789533805055,0.058419642859657395,0.15,1,250.0,0.0049264868900186385,0.0012316217225046596,0.10841527277762364,0.13551909097202955,1.0841527277762364,1.3551909097202954
intact_pre_hepatectomy,1020,882,883,10.313449451851659,0.058419642859657395,0.15,1,250.0,0.0049264868900186385,0.0012316217225046596,0.10841527277762364,0.13551909097202955,1.0841527277762364,1.3551909097202954
intact_pre_hepatectomy,1021,956,1128,4.375247556479248,0.06673570429583434,0.17409020074675866,2,250.0,0.31163547031181515,0.07790886757795379,4.386830128589045,5.483537660736306,43.86830128589045,54.83537660736306
intact_pre_hepatectomy,1022,1128,957,1.276939315482369,0.052968163601523066,0.15,1,250.0,0.15581773515590758,0.038954433788976894,3.4290200375333435,4.286275046916679,34.290200375333434,42.86275046916679
intact_pre_hepatectomy,1023,1128,1129,2.7225275711940373,0.052968163601523066,0.15,1,250.0,0.15581773515590758,0.038954433788976894,3.4290200375333435,4.286275046916679,34.290200375333434,42.86275046916679
intact_pre_hepatectomy,1024,808,809,5.156731379537152,0.05105056952257906,0.21290845141565448,1,250.0,0.5700364257729729,0.14250910644324322,4.386830128589046,5.483537660736307,43.86830128589046,54.83537660736307
intact_pre_hepatectomy,1025,282,1176,4.957609193886706,0.2313799650234175,0.4835454049043391,5,250.0,6.67783504027208,1.66945876006802,4.386830128589047,5.483537660736309,43.86830128589047,54.835376607363095
intact_pre_hepatectomy,1026,1176,618,0.6760376173481812,0.21687813762417565,0.43960363955447695,4,250.0,5.017735250610597,1.2544338126526493,4.386830128589044,5.483537660736306,43.86830128589044,54.83537660736306
intact_pre_hepatectomy,1027,618,1034,5.93520276797684,0.19897074879516205,0.39033635799739186,3,250.0,3.5126988771180727,0.8781747192795182,4.386830128589048,5.483537660736309,43.868301285890475,54.835376607363095
intact_pre_hepatectomy,1028,1034,283,0.8093458319968377,0.13558804539797148,0.2840345629501954,1,250.0,1.3534352300563888,0.3383588075140972,4.386830128589045,5.483537660736307,43.86830128589045,54.83537660736307
intact_pre_hepatectomy,1029,1034,1088,10.554342018788656,0.17527258467983825,0.33188981324459316,2,250.0,2.1592636470616835,0.5398159117654209,4.386830128589045,5.483537660736306,43.86830128589045,54.83537660736306
intact_pre_hepatectomy,1030,1088,1035,3.555669617476543,0.1391139426509803,0.26342111934099827,1,250.0,1.0796318235308417,0.26990795588271044,4.386830128589043,5.483537660736305,43.86830128589043,54.835376607363045
intact_pre_hepatectomy,1031,1088,1089,3.8197533214005124,0.1391139426509803,0.26342111934099827,1,250.0,1.0796318235308417,0.26990795588271044,4.386830128589043,5.483537660736305,43.86830128589043,54.835376607363045
intact_pre_hepatectomy,1032,618,619,1.7869527534565175,0.13245783689776505,0.29426663996669056,1,250.0,1.5050363734925245,0.3762590933731311,4.386830128589048,5.483537660736309,43.868301285890475,54.835376607363095
intact_pre_hepatectomy,1033,1176,1177,7.306378460363832,0.12978682048996837,0.3040442280421956,1,250.0,1.6600997896614824,0.4150249474153706,4.386830128589046,5.483537660736307,43.86830128589046,54.83537660736307
intact_pre_hepatectomy,1034,516,517,9.67049753939817,0.16850282379314405,0.35214270237414047,1,250.0,2.579170086143273,0.6447925215358182,4.386830128589046,5.4835376607363076,43.86830128589046,54.835376607363074
intact_pre_hepatectomy,1035,226,774,14.592326337861815,0.15654035335774477,0.30711656801440207,2,250.0,1.7109355207537538,0.42773388018843844,4.386830128589046,5.483537660736307,43.86830128589046,54.83537660736307
intact_pre_hepatectomy,1036,774,227,1.9898626824357066,0.12424616079777888,0.2437585815714625,1,250.0,0.8554677603768769,0.21386694009421922,4.386830128589045,5.483537660736306,43.86830128589045,54.83537660736306
intact_pre_hepatectomy,1037,774,775,7.215217463217462,0.12424616079777888,0.2437585815714625,1,250.0,0.8554677603768769,0.21386694009421922,4.386830128589045,5.483537660736306,43.86830128589045,54.83537660736306
intact_pre_hepatectomy,1038,852,853,5.73620896330965,0.14456316660863852,0.2942850467245426,1,250.0,1.5053188170577176,0.3763297042644294,4.386830128589045,5.483537660736306,43.86830128589045,54.83537660736306
intact_pre_hepatectomy,1039,30,318,2.986645436477875,0.48352601470718043,0.9495047157123669,155,250.0,50.56095669765358,12.640239174413395,4.386830128589045,5.483537660736306,43.86830128589045,54.83537660736306
intact_pre_hepatectomy,1040,318,302,5.159666056609087,0.47919316254130295,0.9399908690437204,154,250.0,49.05630233365693,12.264075583414233,4.386830128589045,5.483537660736306,43.86830128589045,54.83537660736306
intact_pre_hepatectomy,1041,302,352,2.330348844294855,0.4748991368445716,0.9303198150830402,153,250.0,47.55768636840122,11.889421592100305,4.386830128589047,5.4835376607363076,43.86830128589047,54.835376607363074
intact_pre_hepatectomy,1042,352,32,0.3177748424038441,0.46106009468206555,0.9032093527834155,150,250.0,43.52002971060353,10.880007427650883,4.386830128589047,5.4835376607363076,43.86830128589047,54.835376607363074
intact_pre_hepatectomy,1043,32,806,2.968946098941239,0.423066504639987,0.9032093527834155,150,250.0,43.52002971060353,10.880007427650883,4.386830128589047,5.4835376607363076,43.86830128589047,54.835376607363074
intact_pre_hepatectomy,1044,806,33,12.333183392155052,0.41273155206082335,0.8811451483907349,149,250.0,40.40789880757148,10.10197470189287,4.386830128589045,5.483537660736307,43.86830128589045,54.83537660736307
intact_pre_hepatectomy,1045,33,34,0.030769852546998492,0.2986352715102853,0.8811451483907349,149,250.0,40.40789880757148,10.10197470189287,4.386830128589045,5.483537660736307,43.86830128589045,54.83537660736307
intact_pre_hepatectomy,1046,34,246,4.267632873159575,0.23702702446422821,0.6993655223239547,68,250.0,20.203962800579685,5.050990700144921,4.386830128589046,5.483537660736307,43.86830128589046,54.83537660736307
intact_pre_hepatectomy,1047,246,62,3.4717486057629845,0.22188755820134537,0.6393385774293521,67,250.0,15.435355487645,3.85883887191125,4.386830128589046,5.4835376607363076,43.86830128589046,54.835376607363074
intact_pre_hepatectomy,1048,62,92,0.9287257774707137,0.14592438282323542,0.4287307204788371,58,250.0,4.654550174822083,1.1636375437055209,4.386830128589046,5.4835376607363076,43.86830128589046,54.835376607363074
intact_pre_hepatectomy,1049,92,35,0.12664442420054395,0.05326651842105094,0.3402837983495951,1,250.0,2.3272750874110417,0.5818187718527604,4.386830128589043,5.483537660736304,43.86830128589043,54.83537660736304
intact_pre_hepatectomy,1050,92,100,7.4859044655465885,0.1435191114100915,0.3402837983495951,57,250.0,2.3272750874110417,0.5818187718527604,4.386830128589043,5.483537660736304,43.86830128589043,54.83537660736304
intact_pre_hepatectomy,1051,100,450,0.8983085358656099,0.04170864531688865,0.27008342973394095,2,250.0,1.1636375437055209,0.2909093859263802,4.386830128589046,5.4835376607363076,43.86830128589046,54.835376607363074
intact_pre_hepatectomy,1052,450,93,0.12249661852711834,0.03310417372609879,0.21436536023941855,1,250.0,0.5818187718527604,0.1454546929631901,4.386830128589046,5.4835376607363076,43.86830128589046,54.835376607363074
intact_pre_hepatectomy,1053,450,451,6.3768936401891025,0.03310417372609879,0.21436536023941855,1,250.0,0.5818187718527604,0.1454546929631901,4.386830128589046,5.4835376607363076,43.86830128589046,54.835376607363074
intact_pre_hepatectomy,1054,100,154,11.619647523834157,0.14233518403892254,0.27008342973394095,55,250.0,1.1636375437055209,0.2909093859263802,4.386830128589046,5.4835376607363076,43.86830128589046,54.835376607363074
intact_pre_hepatectomy,1055,154,512,1.3943577028600789,0.05917605784192837,0.21436536023941855,5,250.0,0.5818187718527604,0.1454546929631901,4.386830128589046,5.4835376607363076,43.86830128589046,54.835376607363074
intact_pre_hepatectomy,1056,512,101,0.1901396867536602,0.03319333372557576,0.17014189917479755,1,250.0,0.2909093859263802,0.07272734648159505,4.386830128589043,5.483537660736304,43.86830128589043,54.83537660736304
intact_pre_hepatectomy,1057,512,1332,5.891914914399505,0.05546717588706965,0.17014189917479755,4,250.0,0.2909093859263802,0.07272734648159505,4.386830128589043,5.483537660736304,43.86830128589043,54.83537660736304
intact_pre_hepatectomy,1058,1332,992,3.188837552782621,0.05088731229759957,0.15,3,250.0,0.1454546929631901,0.03636367324079753,3.2009646156452245,4.00120576955653,32.00964615645225,40.012057695565304
intact_pre_hepatectomy,1059,992,513,1.2382844273430296,0.03467701283614734,0.15,1,250.0,0.07272734648159505,0.018181836620398763,1.6004823078226122,2.000602884778265,16.004823078226124,20.006028847782652
intact_pre_hepatectomy,1060,992,1202,10.111728640255874,0.04482644211683875,0.15,2,250.0,0.07272734648159505,0.018181836620398763,1.6004823078226122,2.000602884778265,16.004823078226124,20.006028847782652
intact_pre_hepatectomy,1061,1202,993,1.3788720873076288,0.035578770686130724,0.15,1,250.0,0.03636367324079753,0.009090918310199382,0.8002411539113061,1.0003014423891325,8.002411539113062,10.003014423891326
intact_pre_hepatectomy,1062,1202,1203,9.600614648219683,0.035578770686130724,0.15,1,250.0,0.03636367324079753,0.009090918310199382,0.8002411539113061,1.0003014423891325,8.002411539113062,10.003014423891326
intact_pre_hepatectomy,1063,1332,1333,11.416012858345486,0.033876453465128485,0.15,1,250.0,0.1454546929631901,0.03636367324079753,3.2009646156452245,4.00120576955653,32.00964615645225,40.012057695565304
intact_pre_hepatectomy,1064,154,176,3.113973505639893,0.13884057402806751,0.21436536023941855,50,250.0,0.5818187718527604,0.1454546929631901,4.386830128589046,5.4835376607363076,43.86830128589046,54.835376607363074
intact_pre_hepatectomy,1065,176,1274,2.1132139932093605,0.12055179529087266,0.17014189917479755,32,250.0,0.2909093859263802,0.07272734648159505,4.386830128589043,5.483537660736304,43.86830128589043,54.83537660736304
intact_pre_hepatectomy,1066,1274,370,3.6995346334039625,0.11967949033198673,0.15,31,250.0,0.1454546929631901,0.03636367324079753,3.2009646156452245,4.00120576955653,32.00964615645225,40.012057695565304
intact_pre_hepatectomy,1067,370,720,2.282653005814446,0.11878184433417908,0.15,30,250.0,0.07272734648159505,0.018181836620398763,1.6004823078226122,2.000602884778265,16.004823078226124,20.006028847782652
intact_pre_hepatectomy,1068,720,252,3.1931631096452513,0.11785726141155788,0.15,29,250.0,0.03636367324079753,0.009090918310199382,0.8002411539113061,1.0003014423891325,8.002411539113062,10.003014423891326
intact_pre_hepatectomy,1069,252,312,1.3546277690487445,0.10505881889615401,0.15,20,250.0,0.018181836620398763,0.004545459155099691,0.40012057695565306,0.5001507211945663,4.001205769556531,5.001507211945663
intact_pre_hepatectomy,1070,312,155,0.18472196850666006,0.034868119309964085,0.15,1,250.0,0.009090918310199382,0.0022727295775498454,0.20006028847782653,0.25007536059728314,2.0006028847782655,2.5007536059728315
intact_pre_hepatectomy,1071,312,392,4.5498414451868054,0.10376262932656795,0.15,19,250.0,0.009090918310199382,0.0022727295775498454,0.20006028847782653,0.25007536059728314,2.0006028847782655,2.5007536059728315
intact_pre_hepatectomy,1072,392,324,4.085376931394018,0.1024052236284995,0.15,18,250.0,0.004545459155099691,0.0011363647887749227,0.10003014423891327,0.12503768029864157,1.0003014423891328,1.2503768029864157
intact_pre_hepatectomy,1073,324,672,1.0362262051896916,0.08127907985745943,0.15,9,250.0,0.0022727295775498454,0.0005681823943874614,0.05001507211945663,0.06251884014932078,0.5001507211945664,0.6251884014932079
intact_pre_hepatectomy,1074,672,313,0.14130357343495384,0.03645919795669044,0.15,1,250.0,0.0011363647887749227,0.0002840911971937307,0.025007536059728316,0.03125942007466039,0.2500753605972832,0.31259420074660393
intact_pre_hepatectomy,1075,672,818,11.880591161694047,0.07875622365065194,0.15,8,250.0,0.0011363647887749227,0.0002840911971937307,0.025007536059728316,0.03125942007466039,0.2500753605972832,0.31259420074660393
intact_pre_hepatectomy,1076,818,850,1.425670939403286,0.07594796265507621,0.15,7,250.0,0.0005681823943874614,0.00014204559859686534,0.012503768029864158,0.015629710037330196,0.1250376802986416,0.15629710037330197
intact_pre_hepatectomy,1077,850,673,0.19440967355498226,0.037478190049004226,0.15,1,250.0,0.0002840911971937307,7.102279929843267e-05,0.006251884014932079,0.007814855018665098,0.0625188401493208,0.07814855018665098
intact_pre_hepatectomy,1078,850,1072,5.072141030858916,0.07277509414834667,0.15,6,250.0,0.0002840911971937307,7.102279929843267e-05,0.006251884014932079,0.007814855018665098,0.0625188401493208,0.07814855018665098
intact_pre_hepatectomy,1079,1072,1120,7.897899734744571,0.057761630504085136,0.15,3,250.0,0.00014204559859686534,3.5511399649216335e-05,0.0031259420074660395,0.003907427509332549,0.0312594200746604,0.03907427509332549
intact_pre_hepatectomy,1080,1120,851,1.0769863274651574,0.03936149723752348,0.15,1,250.0,7.102279929843267e-05,1.7755699824608167e-05,0.0015629710037330198,0.0019537137546662745,0.0156297100373302,0.019537137546662746
intact_pre_hepatectomy,1081,1120,1194,4.8709066983017095,0.05088200318427387,0.15,2,250.0,7.102279929843267e-05,1.7755699824608167e-05,0.0015629710037330198,0.0019537137546662745,0.0156297100373302,0.019537137546662746
intact_pre_hepatectomy,1082,1194,1121,0.6642145497684114,0.04038507269048282,0.15,1,250.0,3.5511399649216335e-05,8.877849912304084e-06,0.0007814855018665099,0.0009768568773331373,0.0078148550186651,0.009768568773331373
intact_pre_hepatectomy,1083,1194,1195,4.186348256257676,0.04038507269048282,0.15,1,250.0,3.5511399649216335e-05,8.877849912304084e-06,0.0007814855018665099,0.0009768568773331373,0.0078148550186651,0.009768568773331373
intact_pre_hepatectomy,1084,1072,1164,12.274363243958637,0.057761630504085136,0.15,3,250.0,0.00014204559859686534,3.5511399649216335e-05,0.0031259420074660395,0.003907427509332549,0.0312594200746604,0.03907427509332549
intact_pre_hepatectomy,1085,1164,1073,4.680869435657988,0.03936149723752348,0.15,1,250.0,7.102279929843267e-05,1.7755699824608167e-05,0.0015629710037330198,0.0019537137546662745,0.0156297100373302,0.019537137546662746
intact_pre_hepatectomy,1086,1164,1262,4.174931192016791,0.05088200318427387,0.15,2,250.0,7.102279929843267e-05,1.7755699824608167e-05,0.0015629710037330198,0.0019537137546662745,0.0156297100373302,0.019537137546662746
intact_pre_hepatectomy,1087,1262,1165,4.0835107229425365,0.04038507269048282,0.15,1,250.0,3.5511399649216335e-05,8.877849912304084e-06,0.0007814855018665099,0.0009768568773331373,0.0078148550186651,0.009768568773331373
intact_pre_hepatectomy,1088,1262,1263,7.340842643004779,0.04038507269048282,0.15,1,250.0,3.5511399649216335e-05,8.877849912304084e-06,0.0007814855018665099,0.0009768568773331373,0.0078148550186651,0.009768568773331373
intact_pre_hepatectomy,1089,818,819,9.313358300293215,0.03694169804079225,0.15,1,250.0,0.0005681823943874614,0.00014204559859686534,0.012503768029864158,0.015629710037330196,0.1250376802986416,0.15629710037330197
intact_pre_hepatectomy,1090,324,522,6.303802813573925,0.08127907985745943,0.15,9,250.0,0.0022727295775498454,0.0005681823943874614,0.05001507211945663,0.06251884014932078,0.5001507211945664,0.6251884014932079
intact_pre_hepatectomy,1091,522,325,0.8596094745782606,0.03645919795669044,0.15,1,250.0,0.0011363647887749227,0.0002840911971937307,0.025007536059728316,0.03125942007466039,0.2500753605972832,0.31259420074660393
intact_pre_hepatectomy,1092,522,594,7.875287156819477,0.07875622365065194,0.15,8,250.0,0.0011363647887749227,0.0002840911971937307,0.025007536059728316,0.03125942007466039,0.2500753605972832,0.31259420074660393
intact_pre_hepatectomy,1093,594,1326,5.495970857699693,0.07594796265507621,0.15,7,250.0,0.0005681823943874614,0.00014204559859686534,0.012503768029864158,0.015629710037330196,0.1250376802986416,0.15629710037330197
intact_pre_hepatectomy,1094,1326,636,3.3589912880980757,0.07277509414834667,0.15,6,250.0,0.0002840911971937307,7.102279929843267e-05,0.006251884014932079,0.007814855018665098,0.0625188401493208,0.07814855018665098
intact_pre_hepatectomy,1095,636,1026,1.0625954574957375,0.04959237892493474,0.15,2,250.0,0.00014204559859686534,3.5511399649216335e-05,0.0031259420074660395,0.003907427509332549,0.0312594200746604,0.03907427509332549
intact_pre_hepatectomy,1096,1026,523,0.14489938056759571,0.039361497237523496,0.15,1,250.0,7.102279929843267e-05,1.7755699824608167e-05,0.0015629710037330198,0.0019537137546662745,0.0156297100373302,0.019537137546662746
intact_pre_hepatectomy,1097,1026,1027,9.595781714097747,0.039361497237523496,0.15,1,250.0,7.102279929843267e-05,1.7755699824608167e-05,0.0015629710037330198,0.0019537137546662745,0.0156297100373302,0.019537137546662746
intact_pre_hepatectomy,1098,636,790,5.444124639862383,0.0641073068726846,0.15,4,250.0,0.00014204559859686534,3.5511399649216335e-05,0.0031259420074660395,0.003907427509332549,0.0312594200746604,0.03907427509332549
intact_pre_hepatectomy,1099,790,1022,9.033296077245478,0.05881403718895374,0.15,3,250.0,7.102279929843267e-05,1.7755699824608167e-05,0.0015629710037330198,0.0019537137546662745,0.0156297100373302,0.019537137546662746
intact_pre_hepatectomy,1100,1022,637,1.231813101442577,0.040078656750814526,0.15,1,250.0,3.5511399649216335e-05,8.877849912304084e-06,0.0007814855018665099,0.0009768568773331373,0.0078148550186651,0.009768568773331373
intact_pre_hepatectomy,1101,1022,1348,4.8360138570406965,0.05180906427696321,0.15,2,250.0,3.5511399649216335e-05,8.877849912304084e-06,0.0007814855018665099,0.0009768568773331373,0.0078148550186651,0.009768568773331373
intact_pre_hepatectomy,1102,1348,1023,5.740958031918233,0.041120881567369746,0.15,1,250.0,1.7755699824608167e-05,4.438924956152042e-06,0.00039074275093325494,0.0004884284386665686,0.00390742750933255,0.0048842843866656865
intact_pre_hepatectomy,1103,1348,1349,5.466446386438653,0.041120881567369746,0.15,1,250.0,1.7755699824608167e-05,4.438924956152042e-06,0.00039074275093325494,0.0004884284386665686,0.00390742750933255,0.0048842843866656865
intact_pre_hepatectomy,1104,790,791,7.785545166445014,0.0391533941167082,0.15,1,250.0,7.102279929843267e-05,1.7755699824608167e-05,0.0015629710037330198,0.0019537137546662745,0.0156297100373302,0.019537137546662746
intact_pre_hepatectomy,1105,1326,1327,7.034338378634608,0.037478190049004226,0.15,1,250.0,0.0002840911971937307,7.102279929843267e-05,0.006251884014932079,0.007814855018665098,0.0625188401493208,0.07814855018665098
intact_pre_hepatectomy,1106,594,595,10.552784169262127,0.03694169804079225,0.15,1,250.0,0.0005681823943874614,0.00014204559859686534,0.012503768029864158,0.015629710037330196,0.1250376802986416,0.15629710037330197
intact_pre_hepatectomy,1107,392,393,5.666821428632119,0.035108022472338636,0.15,1,250.0,0.004545459155099691,0.0011363647887749227,0.10003014423891327,0.12503768029864157,1.0003014423891328,1.2503768029864157
intact_pre_hepatectomy,1108,252,274,12.500321082073928,0.0781614674171565,0.15,9,250.0,0.018181836620398763,0.004545459155099691,0.40012057695565306,0.5001507211945663,4.001205769556531,5.001507211945663
intact_pre_hepatectomy,1109,274,284,1.500038529848874,0.059373619127433566,0.15,4,250.0,0.009090918310199382,0.0022727295775498454,0.20006028847782653,0.25007536059728314,2.0006028847782655,2.5007536059728315
intact_pre_hepatectomy,1110,284,253,0.2045507086157466,0.03626230492646463,0.15,1,250.0,0.004545459155099691,0.0011363647887749227,0.10003014423891327,0.12503768029864157,1.0003014423891328,1.2503768029864157
intact_pre_hepatectomy,1111,284,468,3.637773798025142,0.05447120482441536,0.15,3,250.0,0.004545459155099691,0.0011363647887749227,0.10003014423891327,0.12503768029864157,1.0003014423891328,1.2503768029864157
intact_pre_hepatectomy,1112,468,796,3.3974697791921082,0.04798347957180878,0.15,2,250.0,0.0022727295775498454,0.0005681823943874614,0.05001507211945663,0.06251884014932078,0.5001507211945664,0.6251884014932079
intact_pre_hepatectomy,1113,796,285,0.46329133352620194,0.038084512974691946,0.15,1,250.0,0.0011363647887749227,0.0002840911971937307,0.025007536059728316,0.03125942007466039,0.2500753605972832,0.31259420074660393
intact_pre_hepatectomy,1114,796,797,3.7344961208113685,0.038084512974691946,0.15,1,250.0,0.0011363647887749227,0.0002840911971937307,0.025007536059728316,0.03125942007466039,0.2500753605972832,0.31259420074660393
intact_pre_hepatectomy,1115,468,469,3.983420877641131,0.03711924610696653,0.15,1,250.0,0.0022727295775498454,0.0005681823943874614,0.05001507211945663,0.06251884014932078,0.5001507211945664,0.6251884014932079
intact_pre_hepatectomy,1116,274,1084,5.516478933108666,0.0644890708352226,0.15,5,250.0,0.009090918310199382,0.0022727295775498454,0.20006028847782653,0.25007536059728314,2.0006028847782655,2.5007536059728315
intact_pre_hepatectomy,1117,1084,1310,1.7795170038007118,0.060447193768229227,0.15,4,250.0,0.004545459155099691,0.0011363647887749227,0.10003014423891327,0.12503768029864157,1.0003014423891328,1.2503768029864157
intact_pre_hepatectomy,1118,1310,418,0.25246119807104533,0.05545613559017456,0.15,3,250.0,0.0022727295775498454,0.0005681823943874614,0.05001507211945663,0.06251884014932078,0.5001507211945664,0.6251884014932079
intact_pre_hepatectomy,1119,418,275,1.0293350638609706,0.0377904243489457,0.15,1,250.0,0.0011363647887749227,0.0002840911971937307,0.025007536059728316,0.03125942007466039,0.2500753605972832,0.31259420074660393
intact_pre_hepatectomy,1120,418,1154,9.508833574427632,0.048851101380997575,0.15,2,250.0,0.0011363647887749227,0.0002840911971937307,0.025007536059728316,0.03125942007466039,0.2500753605972832,0.31259420074660393
intact_pre_hepatectomy,1121,1154,419,8.02494934586056,0.038773144861000364,0.15,1,250.0,0.0005681823943874614,0.00014204559859686534,0.012503768029864158,0.015629710037330196,0.1250376802986416,0.15629710037330197
intact_pre_hepatectomy,1122,1154,1155,9.78042792426138,0.038773144861000364,0.15,1,250.0,0.0005681823943874614,0.00014204559859686534,0.012503768029864158,0.015629710037330196,0.1250376802986416,0.15629710037330197
intact_pre_hepatectomy,1123,1310,1311,5.907169680797922,0.036917988234270005,0.15,1,250.0,0.0022727295775498454,0.0005681823943874614,0.05001507211945663,0.06251884014932078,0.5001507211945664,0.6251884014932079
intact_pre_hepatectomy,1124,1084,1085,7.754019854583603,0.03617353585133785,0.15,1,250.0,0.004545459155099691,0.0011363647887749227,0.10003014423891327,0.12503768029864157,1.0003014423891328,1.2503768029864157
intact_pre_hepatectomy,1125,720,721,1.4118035125024433,0.03386315802537857,0.15,1,250.0,0.03636367324079753,0.009090918310199382,0.8002411539113061,1.0003014423891325,8.002411539113062,10.003014423891326
intact_pre_hepatectomy,1126,370,371,4.7287850516133725,0.033702965679005825,0.15,1,250.0,0.07272734648159505,0.018181836620398763,1.6004823078226122,2.000602884778265,16.004823078226124,20.006028847782652
intact_pre_hepatectomy,1127,1274,1275,5.720326869652381,0.03354776159980091,0.15,1,250.0,0.1454546929631901,0.03636367324079753,3.2009646156452245,4.00120576955653,32.00964615645225,40.012057695565304
intact_pre_hepatectomy,1128,176,208,13.450786186062516,0.09741514248636084,0.17014189917479755,18,250.0,0.2909093859263802,0.07272734648159505,4.386830128589043,5.483537660736304,43.86830128589043,54.83537660736304
intact_pre_hepatectomy,1129,208,332,1.2761378708645439,0.0436973200252522,0.15,2,250.0,0.1454546929631901,0.03636367324079753,3.2009646156452245,4.00120576955653,32.00964615645225,40.012057695565304
intact_pre_hepatectomy,1130,332,177,0.5580602454167161,0.03468258588813822,0.15,1,250.0,0.07272734648159505,0.018181836620398763,1.6004823078226122,2.000602884778265,16.004823078226124,20.006028847782652
intact_pre_hepatectomy,1131,332,333,10.16918841993197,0.03468258588813822,0.15,1,250.0,0.07272734648159505,0.018181836620398763,1.6004823078226122,2.000602884778265,16.004823078226124,20.006028847782652
intact_pre_hepatectomy,1132,208,264,7.785939149559653,0.09439143211353485,0.15,16,250.0,0.1454546929631901,0.03636367324079753,3.2009646156452245,4.00120576955653,32.00964615645225,40.012057695565304
intact_pre_hepatectomy,1133,264,210,4.392560896229363,0.08892282097198473,0.15,13,250.0,0.07272734648159505,0.018181836620398763,1.6004823078226122,2.000602884778265,16.004823078226124,20.006028847782652
intact_pre_hepatectomy,1134,210,244,1.4614200054946729,0.08486424285033704,0.15,11,250.0,0.03636367324079753,0.009090918310199382,0.8002411539113061,1.0003014423891325,8.002411539113062,10.003014423891326
intact_pre_hepatectomy,1135,244,209,0.19928454620382566,0.03528243123815205,0.15,1,250.0,0.018181836620398763,0.004545459155099691,0.40012057695565306,0.5001507211945663,4.001205769556531,5.001507211945663
intact_pre_hepatectomy,1136,244,1096,6.5369197549765365,0.08278065800354809,0.15,10,250.0,0.018181836620398763,0.004545459155099691,0.40012057695565306,0.5001507211945663,4.001205769556531,5.001507211945663
intact_pre_hepatectomy,1137,1096,502,6.4820977897622996,0.07759234874677373,0.15,8,250.0,0.009090918310199382,0.0022727295775498454,0.20006028847782653,0.25007536059728314,2.0006028847782655,2.5007536059728315
intact_pre_hepatectomy,1138,502,946,0.2130384689139081,0.05528910320779139,0.15,3,250.0,0.004545459155099691,0.0011363647887749227,0.10003014423891327,0.12503768029864157,1.0003014423891328,1.2503768029864157
intact_pre_hepatectomy,1139,946,1236,1.374808252724427,0.0487039631832333,0.15,2,250.0,0.0022727295775498454,0.0005681823943874614,0.05001507211945663,0.06251884014932078,0.5001507211945664,0.6251884014932079
intact_pre_hepatectomy,1140,1236,245,0.18747385264423602,0.03865636119604251,0.15,1,250.0,0.0011363647887749227,0.0002840911971937307,0.025007536059728316,0.03125942007466039,0.2500753605972832,0.31259420074660393
intact_pre_hepatectomy,1141,1236,1237,11.987219919059052,0.03865636119604251,0.15,1,250.0,0.0011363647887749227,0.0002840911971937307,0.025007536059728316,0.03125942007466039,0.2500753605972832,0.31259420074660393
intact_pre_hepatectomy,1142,946,947,11.07492873734549,0.03767660061162431,0.15,1,250.0,0.0022727295775498454,0.0005681823943874614,0.05001507211945663,0.06251884014932078,0.5001507211945664,0.6251884014932079
intact_pre_hepatectomy,1143,502,794,8.792673956267112,0.06680450483355349,0.15,5,250.0,0.004545459155099691,0.0011363647887749227,0.10003014423891327,0.12503768029864157,1.0003014423891328,1.2503768029864157
intact_pre_hepatectomy,1144,794,1298,2.5795636786167866,0.04877651757855717,0.15,2,250.0,0.0022727295775498454,0.0005681823943874614,0.05001507211945663,0.06251884014932078,0.5001507211945664,0.6251884014932079
intact_pre_hepatectomy,1145,1298,503,0.35175868344774525,0.03871394765777353,0.15,1,250.0,0.0011363647887749227,0.0002840911971937307,0.025007536059728316,0.03125942007466039,0.2500753605972832,0.31259420074660393
intact_pre_hepatectomy,1146,1298,1299,5.817934762890325,0.03871394765777353,0.15,1,250.0,0.0011363647887749227,0.0002840911971937307,0.025007536059728316,0.03125942007466039,0.2500753605972832,0.31259420074660393
intact_pre_hepatectomy,1147,794,1014,5.988742649745268,0.0566799913464204,0.15,3,250.0,0.0022727295775498454,0.0005681823943874614,0.05001507211945663,0.06251884014932078,0.5001507211945664,0.6251884014932079
intact_pre_hepatectomy,1148,1014,795,0.8166467249652687,0.03862441733959008,0.15,1,250.0,0.0011363647887749227,0.0002840911971937307,0.025007536059728316,0.03125942007466039,0.2500753605972832,0.31259420074660393
intact_pre_hepatectomy,1149,1014,1260,8.696579050695767,0.049929191316183674,0.15,2,250.0,0.0011363647887749227,0.0002840911971937307,0.025007536059728316,0.03125942007466039,0.2500753605972832,0.31259420074660393
intact_pre_hepatectomy,1150,1260,1015,3.0663031302086563,0.03962882540961574,0.15,1,250.0,0.0005681823943874614,0.00014204559859686534,0.012503768029864158,0.015629710037330196,0.1250376802986416,0.15629710037330197
intact_pre_hepatectomy,1151,1260,1261,7.026402643390492,0.03962882540961574,0.15,1,250.0,0.0005681823943874614,0.00014204559859686534,0.012503768029864158,0.015629710037330196,0.1250376802986416,0.15629710037330197
intact_pre_hepatectomy,1152,1096,1284,4.892323102873233,0.04643374545959758,0.15,2,250.0,0.009090918310199382,0.0022727295775498454,0.20006028847782653,0.25007536059728314,2.0006028847782655,2.5007536059728315
intact_pre_hepatectomy,1153,1284,1097,0.6671349685736332,0.03685448819469441,0.15,1,250.0,0.004545459155099691,0.0011363647887749227,0.10003014423891327,0.12503768029864157,1.0003014423891328,1.2503768029864157
intact_pre_hepatectomy,1154,1284,1285,10.70743282792514,0.03685448819469441,0.15,1,250.0,0.004545459155099691,0.0011363647887749227,0.10003014423891327,0.12503768029864157,1.0003014423891328,1.2503768029864157
intact_pre_hepatectomy,1155,210,904,9.19030884685958,0.045135300406019985,0.15,2,250.0,0.03636367324079753,0.009090918310199382,0.8002411539113061,1.0003014423891325,8.002411539113062,10.003014423891326
intact_pre_hepatectomy,1156,904,211,1.2532239336626632,0.035823911672708424,0.15,1,250.0,0.018181836620398763,0.004545459155099691,0.40012057695565306,0.5001507211945663,4.001205769556531,5.001507211945663
intact_pre_hepatectomy,1157,904,905,9.145869178786986,0.035823911672708424,0.15,1,250.0,0.018181836620398763,0.004545459155099691,0.40012057695565306,0.5001507211945663,4.001205769556531,5.001507211945663
intact_pre_hepatectomy,1158,264,484,4.797196408140367,0.05165985651451786,0.15,3,250.0,0.07272734648159505,0.018181836620398763,1.6004823078226122,2.000602884778265,16.004823078226124,20.006028847782652
intact_pre_hepatectomy,1159,484,1212,11.132560389698718,0.04550697341351759,0.15,2,250.0,0.03636367324079753,0.009090918310199382,0.8002411539113061,1.0003014423891325,8.002411539113062,10.003014423891326
intact_pre_hepatectomy,1160,1212,265,1.5180764167770848,0.036118908734253365,0.15,1,250.0,0.018181836620398763,0.004545459155099691,0.40012057695565306,0.5001507211945663,4.001205769556531,5.001507211945663
intact_pre_hepatectomy,1161,1212,1213,9.033911062213296,0.036118908734253365,0.15,1,250.0,0.018181836620398763,0.004545459155099691,0.40012057695565306,0.5001507211945663,4.001205769556531,5.001507211945663
intact_pre_hepatectomy,1162,484,485,6.948365219806506,0.03520346087431246,0.15,1,250.0,0.03636367324079753,0.009090918310199382,0.8002411539113061,1.0003014423891325,8.002411539113062,10.003014423891326
intact_pre_hepatectomy,1163,62,406,10.687331544824676,0.1984643112923794,0.5672516477981202,9,250.0,10.780805312822917,2.695201328205729,4.386830128589046,5.4835376607363076,43.86830128589046,54.835376607363074
intact_pre_hepatectomy,1164,406,328,3.935466384050089,0.18430737615029846,0.491310735941509,7,250.0,7.004750449558795,1.7511876123896988,4.386830128589046,5.4835376607363076,43.86830128589046,54.835376607363074
intact_pre_hepatectomy,1165,328,444,0.23928214792704766,0.13810884666934042,0.38522774435300194,3,250.0,3.376576380246069,0.8441440950615172,4.386830128589044,5.483537660736306,43.86830128589044,54.83537660736306
intact_pre_hepatectomy,1166,444,63,1.7547357514649669,0.09411387696661938,0.30575546331664594,1,250.0,1.6882881901230344,0.4220720475307586,4.386830128589045,5.483537660736307,43.86830128589045,54.83537660736307
intact_pre_hepatectomy,1167,444,980,7.76008033016298,0.121659563877941,0.30575546331664594,2,250.0,1.6882881901230344,0.4220720475307586,4.386830128589045,5.483537660736307,43.86830128589045,54.83537660736307
intact_pre_hepatectomy,1168,980,445,1.0581927722949602,0.09656125984091797,0.24267827205693399,1,250.0,0.8441440950615172,0.2110360237653793,4.386830128589045,5.483537660736307,43.86830128589045,54.83537660736307
intact_pre_hepatectomy,1169,980,981,10.742530423722638,0.09656125984091797,0.24267827205693399,1,250.0,0.8441440950615172,0.2110360237653793,4.386830128589045,5.483537660736307,43.86830128589045,54.83537660736307
intact_pre_hepatectomy,1170,328,562,9.865596554882027,0.15363674755060952,0.39456758472435266,4,250.0,3.6281740693127267,0.9070435173281817,4.386830128589045,5.483537660736307,43.86830128589045,54.83537660736307
intact_pre_hepatectomy,1171,562,708,1.9013777267020098,0.12194156734140515,0.31316849953199455,2,250.0,1.8140870346563633,0.45352175866409083,4.386830128589045,5.483537660736307,43.86830128589045,54.83537660736307
intact_pre_hepatectomy,1172,708,329,0.2592787809139082,0.0967850861381988,0.24856200280019536,1,250.0,0.9070435173281817,0.22676087933204542,4.386830128589045,5.483537660736307,43.86830128589045,54.83537660736307
intact_pre_hepatectomy,1173,708,709,7.551822970181736,0.0967850861381988,0.24856200280019536,1,250.0,0.9070435173281817,0.22676087933204542,4.386830128589045,5.483537660736307,43.86830128589045,54.83537660736307
intact_pre_hepatectomy,1174,562,800,8.545471879688552,0.12194156734140515,0.31316849953199455,2,250.0,1.8140870346563633,0.45352175866409083,4.386830128589045,5.483537660736307,43.86830128589045,54.83537660736307
intact_pre_hepatectomy,1175,800,563,1.1652916199575358,0.0967850861381988,0.24856200280019536,1,250.0,0.9070435173281817,0.22676087933204542,4.386830128589045,5.483537660736307,43.86830128589045,54.83537660736307
intact_pre_hepatectomy,1176,800,801,7.872818880645283,0.0967850861381988,0.24856200280019536,1,250.0,0.9070435173281817,0.22676087933204542,4.386830128589045,5.483537660736307,43.86830128589045,54.83537660736307
intact_pre_hepatectomy,1177,406,950,2.248408262732116,0.11588735036999677,0.39985708619240745,2,250.0,3.7760548632641213,0.9440137158160303,4.386830128589044,5.483537660736305,43.86830128589044,54.835376607363045
intact_pre_hepatectomy,1178,950,407,0.3066011267361971,0.09197985094357011,0.3173667796293833,1,250.0,1.8880274316320607,0.47200685790801516,4.386830128589044,5.483537660736305,43.86830128589044,54.835376607363045
intact_pre_hepatectomy,1179,950,951,4.736893827787192,0.09197985094357011,0.3173667796293833,1,250.0,1.8880274316320607,0.47200685790801516,4.386830128589044,5.483537660736305,43.86830128589044,54.835376607363045
intact_pre_hepatectomy,1180,246,247,3.843248374097103,0.13374093513554244,0.43220443449731616,1,250.0,4.768607312934686,1.1921518282336716,4.386830128589046,5.4835376607363076,43.86830128589046,54.835376607363074
intact_pre_hepatectomy,1181,34,162,8.792266781791641,0.2370269196859844,0.6993652131681046,81,250.0,20.203936006991793,5.050984001747948,4.386830128589047,5.483537660736308,43.86830128589047,54.83537660736309
intact_pre_hepatectomy,1182,162,58,6.032147183321015,0.22188744249553555,0.6393382161205676,80,250.0,15.435329318757775,3.858832329689444,4.386830128589045,5.483537660736307,43.86830128589045,54.83537660736307
intact_pre_hepatectomy,1183,58,52,2.021510995242629,0.13167213480045165,0.4186927284325353,67,250.0,4.335210203864115,1.0838025509660287,4.386830128589047,5.483537660736308,43.86830128589047,54.83537660736309
intact_pre_hepatectomy,1184,52,72,3.346546134142205,0.06960092146203106,0.33231663878262113,48,250.0,2.1676051019320575,0.5419012754830144,4.386830128589045,5.483537660736306,43.86830128589045,54.83537660736306
intact_pre_hepatectomy,1185,72,36,4.821998689058098,0.02718293619749218,0.26375989099503444,1,250.0,1.0838025509660287,0.2709506377415072,4.386830128589047,5.483537660736308,43.86830128589047,54.83537660736309
intact_pre_hepatectomy,1186,72,320,10.039831462982516,0.06819043568932663,0.26375989099503444,47,250.0,1.0838025509660287,0.2709506377415072,4.386830128589047,5.483537660736308,43.86830128589047,54.83537660736309
intact_pre_hepatectomy,1187,320,116,3.8713207705940187,0.06749027577110535,0.20934636421626768,45,250.0,0.5419012754830144,0.1354753188707536,4.386830128589045,5.483537660736306,43.86830128589045,54.83537660736306
intact_pre_hepatectomy,1188,116,916,1.8847546162429558,0.0278217844029734,0.16615831939131057,4,250.0,0.2709506377415072,0.0677376594353768,4.386830128589045,5.483537660736306,43.86830128589045,54.83537660736306
intact_pre_hepatectomy,1189,916,73,0.25701199312403916,0.01699209252266762,0.15,1,250.0,0.1354753188707536,0.0338688297176884,2.9813524277850507,3.7266905347313135,29.813524277850508,37.266905347313134
intact_pre_hepatectomy,1190,916,924,7.030293561118764,0.025524570323772946,0.15,3,250.0,0.1354753188707536,0.0338688297176884,2.9813524277850507,3.7266905347313135,29.813524277850508,37.266905347313134
intact_pre_hepatectomy,1191,924,917,0.9586763946980171,0.017393645150254326,0.15,1,250.0,0.0677376594353768,0.0169344148588442,1.4906762138925254,1.8633452673656568,14.906762138925254,18.633452673656567
intact_pre_hepatectomy,1192,924,1240,5.909383718953437,0.02248449805099572,0.15,2,250.0,0.0677376594353768,0.0169344148588442,1.4906762138925254,1.8633452673656568,14.906762138925254,18.633452673656567
intact_pre_hepatectomy,1193,1240,925,4.37357631953974,0.017845957929563772,0.15,1,250.0,0.0338688297176884,0.0084672074294221,0.7453381069462627,0.9316726336828284,7.453381069462627,9.316726336828284
intact_pre_hepatectomy,1194,1240,1241,6.382282812713097,0.017845957929563772,0.15,1,250.0,0.0338688297176884,0.0084672074294221,0.7453381069462627,0.9316726336828284,7.453381069462627,9.316726336828284
intact_pre_hepatectomy,1195,116,198,4.5168921742975785,0.06587598973725106,0.16615831939131057,41,250.0,0.2709506377415072,0.0677376594353768,4.386830128589045,5.483537660736306,43.86830128589045,54.83537660736306
intact_pre_hepatectomy,1196,198,182,8.401394077101951,0.057779676964832376,0.15,27,250.0,0.1354753188707536,0.0338688297176884,2.9813524277850507,3.7266905347313135,29.813524277850508,37.266905347313134
intact_pre_hepatectomy,1197,182,120,2.415211915166133,0.046480334656457956,0.15,14,250.0,0.0677376594353768,0.0169344148588442,1.4906762138925254,1.8633452673656568,14.906762138925254,18.633452673656567
intact_pre_hepatectomy,1198,120,222,1.8400197799878775,0.02293674188085172,0.15,2,250.0,0.0338688297176884,0.0084672074294221,0.7453381069462627,0.9316726336828284,7.453381069462627,9.316726336828284
intact_pre_hepatectomy,1199,222,117,0.2509117881801583,0.018204904095193545,0.15,1,250.0,0.0169344148588442,0.00423360371471105,0.37266905347313134,0.4658363168414142,3.7266905347313135,4.658363168414142
intact_pre_hepatectomy,1200,222,223,7.1240940745851855,0.018204904095193545,0.15,1,250.0,0.0169344148588442,0.00423360371471105,0.37266905347313134,0.4658363168414142,3.7266905347313135,4.658363168414142
intact_pre_hepatectomy,1201,120,298,13.21728021681745,0.04453853154735416,0.15,12,250.0,0.0338688297176884,0.0084672074294221,0.7453381069462627,0.9316726336828284,7.453381069462627,9.316726336828284
intact_pre_hepatectomy,1202,298,310,1.5860736260180897,0.030350654425181894,0.15,4,250.0,0.0169344148588442,0.00423360371471105,0.37266905347313134,0.4658363168414142,3.7266905347313135,4.658363168414142
intact_pre_hepatectomy,1203,310,121,0.21628276718428388,0.018536594225821316,0.15,1,250.0,0.0084672074294221,0.002116801857355525,0.18633452673656567,0.2329181584207071,1.8633452673656568,2.329181584207071
intact_pre_hepatectomy,1204,310,1160,3.3737534881439273,0.027844634335003064,0.15,3,250.0,0.0084672074294221,0.002116801857355525,0.18633452673656567,0.2329181584207071,1.8633452673656568,2.329181584207071
intact_pre_hepatectomy,1205,1160,311,10.849943656622868,0.01897464610836359,0.15,1,250.0,0.00423360371471105,0.0010584009286777624,0.09316726336828283,0.11645907921035355,0.9316726336828284,1.1645907921035354
intact_pre_hepatectomy,1206,1160,1210,11.648331493364905,0.024528233717335354,0.15,2,250.0,0.00423360371471105,0.0010584009286777624,0.09316726336828283,0.11645907921035355,0.9316726336828284,1.1645907921035354
intact_pre_hepatectomy,1207,1210,1161,1.5884088400043108,0.019468072002910005,0.15,1,250.0,0.002116801857355525,0.0005292004643388812,0.04658363168414142,0.058229539605176774,0.4658363168414142,0.5822953960517677
intact_pre_hepatectomy,1208,1210,1211,8.344926073107839,0.019468072002910005,0.15,1,250.0,0.002116801857355525,0.0005292004643388812,0.04658363168414142,0.058229539605176774,0.4658363168414142,0.5822953960517677
intact_pre_hepatectomy,1209,298,624,7.1867010305669226,0.039233825019102955,0.15,8,250.0,0.0169344148588442,0.00423360371471105,0.37266905347313134,0.4658363168414142,3.7266905347313135,4.658363168414142
intact_pre_hepatectomy,1210,624,299,1.5541027031178847,0.01840316929453211,0.15,1,250.0,0.0084672074294221,0.002116801857355525,0.18633452673656567,0.2329181584207071,1.8633452673656568,2.329181584207071
intact_pre_hepatectomy,1211,624,680,8.448363132770826,0.037834839448170524,0.15,7,250.0,0.0084672074294221,0.002116801857355525,0.18633452673656567,0.2329181584207071,1.8633452673656568,2.329181584207071
intact_pre_hepatectomy,1212,680,1110,1.0138035759325104,0.02431406127425147,0.15,2,250.0,0.00423360371471105,0.0010584009286777624,0.09316726336828283,0.11645907921035355,0.9316726336828284,1.1645907921035354
intact_pre_hepatectomy,1213,1110,625,0.13824594217260838,0.01929808322218303,0.15,1,250.0,0.002116801857355525,0.0005292004643388812,0.04658363168414142,0.058229539605176774,0.4658363168414142,0.5822953960517677
intact_pre_hepatectomy,1214,1110,1111,5.846809206069624,0.01929808322218303,0.15,1,250.0,0.002116801857355525,0.0005292004643388812,0.04658363168414142,0.058229539605176774,0.4658363168414142,0.5822953960517677
intact_pre_hepatectomy,1215,680,726,2.8084088797803974,0.03413836325215781,0.15,5,250.0,0.00423360371471105,0.0010584009286777624,0.09316726336828283,0.11645907921035355,0.9316726336828284,1.1645907921035354
intact_pre_hepatectomy,1216,726,744,0.2330056017694342,0.0289645457074236,0.15,3,250.0,0.002116801857355525,0.0005292004643388812,0.04658363168414142,0.058229539605176774,0.4658363168414142,0.5822953960517677
intact_pre_hepatectomy,1217,744,736,1.7087077463091687,0.025514759435538135,0.15,2,250.0,0.0010584009286777624,0.0002646002321694406,0.02329181584207071,0.029114769802588387,0.2329181584207071,0.29114769802588386
intact_pre_hepatectomy,1218,736,681,0.2647790929198117,0.020251077984344393,0.15,1,250.0,0.0005292004643388812,0.0001323001160847203,0.011645907921035354,0.014557384901294193,0.11645907921035355,0.14557384901294193
intact_pre_hepatectomy,1219,736,737,5.365696074261926,0.020251077984344393,0.15,1,250.0,0.0005292004643388812,0.0001323001160847203,0.011645907921035354,0.014557384901294193,0.11645907921035355,0.14557384901294193
intact_pre_hepatectomy,1220,744,745,2.354075339197658,0.01973780649713905,0.15,1,250.0,0.0010584009286777624,0.0002646002321694406,0.02329181584207071,0.029114769802588387,0.2329181584207071,0.29114769802588386
intact_pre_hepatectomy,1221,726,784,4.596239933244709,0.024925721392903742,0.15,2,250.0,0.002116801857355525,0.0005292004643388812,0.04658363168414142,0.058229539605176774,0.4658363168414142,0.5822953960517677
intact_pre_hepatectomy,1222,784,727,0.6267599908970078,0.019783558180080832,0.15,1,250.0,0.0010584009286777624,0.0002646002321694406,0.02329181584207071,0.029114769802588387,0.2329181584207071,0.29114769802588386
intact_pre_hepatectomy,1223,784,785,5.213908386222874,0.019783558180080832,0.15,1,250.0,0.0010584009286777624,0.0002646002321694406,0.02329181584207071,0.029114769802588387,0.2329181584207071,0.29114769802588386
intact_pre_hepatectomy,1224,182,304,5.394568092094159,0.04522191956570028,0.15,13,250.0,0.0677376594353768,0.0169344148588442,1.4906762138925254,1.8633452673656568,14.906762138925254,18.633452673656567
intact_pre_hepatectomy,1225,304,306,4.19382567729238,0.04315791966823766,0.15,11,250.0,0.0338688297176884,0.0084672074294221,0.7453381069462627,0.9316726336828284,7.453381069462627,9.316726336828284
intact_pre_hepatectomy,1226,306,183,0.5718853196307824,0.017942967284368314,0.15,1,250.0,0.0169344148588442,0.00423360371471105,0.37266905347313134,0.4658363168414142,3.7266905347313135,4.658363168414142
intact_pre_hepatectomy,1227,306,626,1.6615112018640321,0.04209830746385778,0.15,10,250.0,0.0169344148588442,0.00423360371471105,0.37266905347313134,0.4658363168414142,3.7266905347313135,4.658363168414142
intact_pre_hepatectomy,1228,626,472,3.298598430825084,0.03945978001581667,0.15,8,250.0,0.0084672074294221,0.002116801857355525,0.18633452673656567,0.2329181584207071,1.8633452673656568,2.329181584207071
intact_pre_hepatectomy,1229,472,644,8.590267895447067,0.02409997228219513,0.15,2,250.0,0.00423360371471105,0.0010584009286777624,0.09316726336828283,0.11645907921035355,0.9316726336828284,1.1645907921035354
intact_pre_hepatectomy,1230,644,307,1.1714001675609627,0.019128160676580505,0.15,1,250.0,0.002116801857355525,0.0005292004643388812,0.04658363168414142,0.058229539605176774,0.4658363168414142,0.5822953960517677
intact_pre_hepatectomy,1231,644,645,12.680715561290485,0.019128160676580505,0.15,1,250.0,0.002116801857355525,0.0005292004643388812,0.04658363168414142,0.058229539605176774,0.4658363168414142,0.5822953960517677
intact_pre_hepatectomy,1232,472,544,6.818475648090086,0.036201629463661615,0.15,6,250.0,0.00423360371471105,0.0010584009286777624,0.09316726336828283,0.11645907921035355,0.9316726336828284,1.1645907921035354
intact_pre_hepatectomy,1233,544,473,0.9297921338304718,0.018943592942725344,0.15,1,250.0,0.002116801857355525,0.0005292004643388812,0.04658363168414142,0.058229539605176774,0.4658363168414142,0.5822953960517677
intact_pre_hepatectomy,1234,544,1138,5.632834168471058,0.03438271223633142,0.15,5,250.0,0.002116801857355525,0.0005292004643388812,0.04658363168414142,0.058229539605176774,0.4658363168414142,0.5822953960517677
intact_pre_hepatectomy,1235,1138,1254,5.214596463248055,0.02510412990819088,0.15,2,250.0,0.0010584009286777624,0.0002646002321694406,0.02329181584207071,0.029114769802588387,0.2329181584207071,0.29114769802588386
intact_pre_hepatectomy,1236,1254,545,0.7110813358974755,0.019925161112504277,0.15,1,250.0,0.0005292004643388812,0.0001323001160847203,0.011645907921035354,0.014557384901294193,0.11645907921035355,0.14557384901294193
intact_pre_hepatectomy,1237,1254,1255,4.807458836724827,0.019925161112504277,0.15,1,250.0,0.0005292004643388812,0.0001323001160847203,0.011645907921035354,0.014557384901294193,0.11645907921035355,0.14557384901294193
intact_pre_hepatectomy,1238,1138,1272,12.360560803296421,0.02917186253946919,0.15,3,250.0,0.0010584009286777624,0.0002646002321694406,0.02329181584207071,0.029114769802588387,0.2329181584207071,0.29114769802588386
intact_pre_hepatectomy,1239,1272,1139,1.6855310186313184,0.019879081957001242,0.15,1,250.0,0.0005292004643388812,0.0001323001160847203,0.011645907921035354,0.014557384901294193,0.11645907921035355,0.14557384901294193
intact_pre_hepatectomy,1240,1272,1330,7.796753385685229,0.02569738405358023,0.15,2,250.0,0.0005292004643388812,0.0001323001160847203,0.011645907921035354,0.014557384901294193,0.11645907921035355,0.14557384901294193
intact_pre_hepatectomy,1241,1330,1273,3.245095642454907,0.020396027239742053,0.15,1,250.0,0.0002646002321694406,6.615005804236015e-05,0.005822953960517677,0.007278692450647097,0.058229539605176774,0.07278692450647097
intact_pre_hepatectomy,1242,1330,1331,4.833690689806698,0.020396027239742053,0.15,1,250.0,0.0002646002321694406,6.615005804236015e-05,0.005822953960517677,0.007278692450647097,0.058229539605176774,0.07278692450647097
intact_pre_hepatectomy,1243,626,1190,4.9908069218558575,0.023613995590284688,0.15,2,250.0,0.0084672074294221,0.002116801857355525,0.18633452673656567,0.2329181584207071,1.8633452673656568,2.329181584207071
intact_pre_hepatectomy,1244,1190,627,0.6805645802530723,0.018742440720595173,0.15,1,250.0,0.00423360371471105,0.0010584009286777624,0.09316726336828283,0.11645907921035355,0.9316726336828284,1.1645907921035354
intact_pre_hepatectomy,1245,1190,1191,6.888605644217647,0.018742440720595173,0.15,1,250.0,0.00423360371471105,0.0010584009286777624,0.09316726336828283,0.11645907921035355,0.9316726336828284,1.1645907921035354
intact_pre_hepatectomy,1246,304,314,8.11668033446903,0.0229536681610428,0.15,2,250.0,0.0338688297176884,0.0084672074294221,0.7453381069462627,0.9316726336828284,7.453381069462627,9.316726336828284
intact_pre_hepatectomy,1247,314,305,1.15371682543786,0.018218338492684158,0.15,1,250.0,0.0169344148588442,0.00423360371471105,0.37266905347313134,0.4658363168414142,3.7266905347313135,4.658363168414142
intact_pre_hepatectomy,1248,314,315,7.884044548233465,0.018218338492684158,0.15,1,250.0,0.0169344148588442,0.00423360371471105,0.37266905347313134,0.4658363168414142,3.7266905347313135,4.658363168414142
intact_pre_hepatectomy,1249,198,1320,9.869337821933074,0.045303551279177,0.15,14,250.0,0.1354753188707536,0.0338688297176884,2.9813524277850507,3.7266905347313135,29.813524277850508,37.266905347313134
intact_pre_hepatectomy,1250,1320,234,2.8262207311833096,0.0444622273808933,0.15,13,250.0,0.0677376594353768,0.0169344148588442,1.4906762138925254,1.8633452673656568,14.906762138925254,18.633452673656567
intact_pre_hepatectomy,1251,234,280,1.523467026373987,0.03626730010413585,0.15,7,250.0,0.0338688297176884,0.0084672074294221,0.7453381069462627,0.9316726336828284,7.453381069462627,9.316726336828284
intact_pre_hepatectomy,1252,280,199,0.2077455035964447,0.01789689569475536,0.15,1,250.0,0.0169344148588442,0.00423360371471105,0.37266905347313134,0.4658363168414142,3.7266905347313135,4.658363168414142
intact_pre_hepatectomy,1253,280,286,13.128691803827492,0.03475216565810564,0.15,6,250.0,0.0169344148588442,0.00423360371471105,0.37266905347313134,0.4658363168414142,3.7266905347313135,4.658363168414142
intact_pre_hepatectomy,1254,286,281,1.7902761550673827,0.01818511735130956,0.15,1,250.0,0.0084672074294221,0.002116801857355525,0.18633452673656567,0.2329181584207071,1.8633452673656568,2.329181584207071
intact_pre_hepatectomy,1255,286,316,2.8250272070133304,0.0330060753925829,0.15,5,250.0,0.0084672074294221,0.002116801857355525,0.18633452673656567,0.2329181584207071,1.8633452673656568,2.329181584207071
intact_pre_hepatectomy,1256,316,287,4.564796817183098,0.018513934780921802,0.15,1,250.0,0.00423360371471105,0.0010584009286777624,0.09316726336828283,0.11645907921035355,0.9316726336828284,1.1645907921035354
intact_pre_hepatectomy,1257,316,1044,6.6323980084049605,0.030937407051219994,0.15,4,250.0,0.00423360371471105,0.0010584009286777624,0.09316726336828283,0.11645907921035355,0.9316726336828284,1.1645907921035354
intact_pre_hepatectomy,1258,1044,368,7.688060190535217,0.028382939443296812,0.15,3,250.0,0.002116801857355525,0.0005292004643388812,0.04658363168414142,0.058229539605176774,0.4658363168414142,0.5822953960517677
intact_pre_hepatectomy,1259,368,317,1.9527897544009407,0.019341472578602352,0.15,1,250.0,0.0010584009286777624,0.0002646002321694406,0.02329181584207071,0.029114769802588387,0.2329181584207071,0.29114769802588386
intact_pre_hepatectomy,1260,368,998,9.889430915316195,0.025002424663734906,0.15,2,250.0,0.0010584009286777624,0.0002646002321694406,0.02329181584207071,0.029114769802588387,0.2329181584207071,0.29114769802588386
intact_pre_hepatectomy,1261,998,369,2.1523816442537917,0.019844437606484227,0.15,1,250.0,0.0005292004643388812,0.0001323001160847203,0.011645907921035354,0.014557384901294193,0.11645907921035355,0.14557384901294193
intact_pre_hepatectomy,1262,998,999,5.3875216457238695,0.019844437606484227,0.15,1,250.0,0.0005292004643388812,0.0001323001160847203,0.011645907921035354,0.014557384901294193,0.11645907921035355,0.14557384901294193
intact_pre_hepatectomy,1263,1044,1045,7.831464426967634,0.018894952078256262,0.15,1,250.0,0.002116801857355525,0.0005292004643388812,0.04658363168414142,0.058229539605176774,0.4658363168414142,0.5822953960517677
intact_pre_hepatectomy,1264,234,576,7.4976099235238305,0.034254696086622745,0.15,6,250.0,0.0338688297176884,0.0084672074294221,0.7453381069462627,0.9316726336828284,7.453381069462627,9.316726336828284
intact_pre_hepatectomy,1265,576,235,1.0224013532077996,0.017924801415171287,0.15,1,250.0,0.0169344148588442,0.00423360371471105,0.37266905347313134,0.4658363168414142,3.7266905347313135,4.658363168414142
intact_pre_hepatectomy,1266,576,630,9.985769116188845,0.03253360071738088,0.15,5,250.0,0.0169344148588442,0.00423360371471105,0.37266905347313134,0.4658363168414142,3.7266905347313135,4.658363168414142
intact_pre_hepatectomy,1267,630,880,1.1982922939426683,0.027602991919833345,0.15,3,250.0,0.0084672074294221,0.002116801857355525,0.18633452673656567,0.2329181584207071,1.8633452673656568,2.329181584207071
intact_pre_hepatectomy,1268,880,577,0.1634034946285481,0.018809979578451513,0.15,1,250.0,0.00423360371471105,0.0010584009286777624,0.09316726336828283,0.11645907921035355,0.9316726336828284,1.1645907921035354
intact_pre_hepatectomy,1269,880,1342,6.018820716835715,0.02431537182214956,0.15,2,250.0,0.00423360371471105,0.0010584009286777624,0.09316726336828283,0.11645907921035355,0.9316726336828284,1.1645907921035354
intact_pre_hepatectomy,1270,1342,881,0.8207482795684983,0.019299123404739067,0.15,1,250.0,0.002116801857355525,0.0005292004643388812,0.04658363168414142,0.058229539605176774,0.4658363168414142,0.5822953960517677
intact_pre_hepatectomy,1271,1342,1343,9.728305758259825,0.019299123404739067,0.15,1,250.0,0.002116801857355525,0.0005292004643388812,0.04658363168414142,0.058229539605176774,0.4658363168414142,0.5822953960517677
intact_pre_hepatectomy,1272,630,748,3.2992721530173004,0.023754023044386948,0.15,2,250.0,0.0084672074294221,0.002116801857355525,0.18633452673656567,0.2329181584207071,1.8633452673656568,2.329181584207071
intact_pre_hepatectomy,1273,748,631,3.4075848787783283,0.018853580584568354,0.15,1,250.0,0.00423360371471105,0.0010584009286777624,0.09316726336828283,0.11645907921035355,0.9316726336828284,1.1645907921035354
intact_pre_hepatectomy,1274,748,749,3.7462827782739203,0.018853580584568354,0.15,1,250.0,0.00423360371471105,0.0010584009286777624,0.09316726336828283,0.11645907921035355,0.9316726336828284,1.1645907921035354
intact_pre_hepatectomy,1275,1320,1321,6.519488498728598,0.017195689850211873,0.15,1,250.0,0.0677376594353768,0.0169344148588442,1.4906762138925254,1.8633452673656568,14.906762138925254,18.633452673656567
intact_pre_hepatectomy,1276,320,1056,3.4035351994485055,0.02130261226242863,0.20934636421626768,2,250.0,0.5419012754830144,0.1354753188707536,4.386830128589045,5.483537660736306,43.86830128589045,54.83537660736306
intact_pre_hepatectomy,1277,1056,321,2.562889344589884,0.01690789455752494,0.16615831939131057,1,250.0,0.2709506377415072,0.0677376594353768,4.386830128589045,5.483537660736306,43.86830128589045,54.83537660736306
intact_pre_hepatectomy,1278,1056,1057,4.772029722587662,0.01690789455752494,0.16615831939131057,1,250.0,0.2709506377415072,0.0677376594353768,4.386830128589045,5.483537660736306,43.86830128589045,54.83537660736306
intact_pre_hepatectomy,1279,52,94,7.133405863225135,0.12484151511308933,0.33231663878262113,19,250.0,2.1676051019320575,0.5419012754830144,4.386830128589045,5.483537660736306,43.86830128589045,54.83537660736306
intact_pre_hepatectomy,1280,94,90,3.288937394653652,0.08334279099388106,0.26375989099503444,6,250.0,1.0838025509660287,0.2709506377415072,4.386830128589047,5.483537660736308,43.86830128589047,54.83537660736309
intact_pre_hepatectomy,1281,90,860,1.2506811909454654,0.056793705593908686,0.20934636421626768,2,250.0,0.5419012754830144,0.1354753188707536,4.386830128589045,5.483537660736306,43.86830128589045,54.83537660736306
intact_pre_hepatectomy,1282,860,53,0.17054743512892281,0.04507719400247145,0.16615831939131057,1,250.0,0.2709506377415072,0.0677376594353768,4.386830128589045,5.483537660736306,43.86830128589045,54.83537660736306
intact_pre_hepatectomy,1283,860,861,7.748294504809062,0.04507719400247145,0.16615831939131057,1,250.0,0.2709506377415072,0.0677376594353768,4.386830128589045,5.483537660736306,43.86830128589045,54.83537660736306
intact_pre_hepatectomy,1284,90,1242,1.4417240388219856,0.07341635129979598,0.20934636421626768,4,250.0,0.5419012754830144,0.1354753188707536,4.386830128589045,5.483537660736306,43.86830128589045,54.83537660736306
intact_pre_hepatectomy,1285,1242,296,4.862031845222926,0.06735444407606689,0.16615831939131057,3,250.0,0.2709506377415072,0.0677376594353768,4.386830128589045,5.483537660736306,43.86830128589045,54.83537660736306
intact_pre_hepatectomy,1286,296,1012,4.62942816872938,0.05933227660031257,0.15,2,250.0,0.1354753188707536,0.0338688297176884,2.9813524277850507,3.7266905347313135,29.813524277850508,37.266905347313134
intact_pre_hepatectomy,1287,1012,91,0.6312856593721875,0.047092059145502185,0.15,1,250.0,0.0677376594353768,0.0169344148588442,1.4906762138925254,1.8633452673656568,14.906762138925254,18.633452673656567
intact_pre_hepatectomy,1288,1012,1013,4.56964536514952,0.047092059145502185,0.15,1,250.0,0.0677376594353768,0.0169344148588442,1.4906762138925254,1.8633452673656568,14.906762138925254,18.633452673656567
intact_pre_hepatectomy,1289,296,297,6.87968135090463,0.04589849249922983,0.15,1,250.0,0.1354753188707536,0.0338688297176884,2.9813524277850507,3.7266905347313135,29.813524277850508,37.266905347313134
intact_pre_hepatectomy,1290,1242,1243,3.1162760641852327,0.04483887215478095,0.16615831939131057,1,250.0,0.2709506377415072,0.0677376594353768,4.386830128589045,5.483537660736306,43.86830128589045,54.83537660736306
intact_pre_hepatectomy,1291,94,496,4.319086609291274,0.11097764004148426,0.26375989099503444,13,250.0,1.0838025509660287,0.2709506377415072,4.386830128589047,5.483537660736308,43.86830128589047,54.83537660736309
intact_pre_hepatectomy,1292,496,95,5.313537244860735,0.04331748697185742,0.20934636421626768,1,250.0,0.5419012754830144,0.1354753188707536,4.386830128589045,5.483537660736306,43.86830128589045,54.83537660736306
intact_pre_hepatectomy,1293,496,650,2.5282649055905466,0.10873265966092337,0.20934636421626768,12,250.0,0.5419012754830144,0.1354753188707536,4.386830128589045,5.483537660736306,43.86830128589045,54.83537660736306
intact_pre_hepatectomy,1294,650,534,4.0269758891402905,0.10631959230336421,0.16615831939131057,11,250.0,0.2709506377415072,0.0677376594353768,4.386830128589045,5.483537660736306,43.86830128589045,54.83537660736306
intact_pre_hepatectomy,1295,534,497,0.8938964720087457,0.044202523686298456,0.15,1,250.0,0.1354753188707536,0.0338688297176884,2.9813524277850507,3.7266905347313135,29.813524277850508,37.266905347313134
intact_pre_hepatectomy,1296,534,558,5.0781281864793515,0.10370923623348513,0.15,10,250.0,0.1354753188707536,0.0338688297176884,2.9813524277850507,3.7266905347313135,29.813524277850508,37.266905347313134
intact_pre_hepatectomy,1297,558,1256,0.6093753823775251,0.058173109434193196,0.15,2,250.0,0.0677376594353768,0.0169344148588442,1.4906762138925254,1.8633452673656568,14.906762138925254,18.633452673656567
intact_pre_hepatectomy,1298,1256,535,0.08309664305147829,0.04617202755604974,0.15,1,250.0,0.0338688297176884,0.0084672074294221,0.7453381069462627,0.9316726336828284,7.453381069462627,9.316726336828284
intact_pre_hepatectomy,1299,1256,1257,4.061351285489473,0.04617202755604974,0.15,1,250.0,0.0338688297176884,0.0084672074294221,0.7453381069462627,0.9316726336828284,7.453381069462627,9.316726336828284
intact_pre_hepatectomy,1300,558,686,8.888225631258283,0.09720922036818329,0.15,8,250.0,0.0677376594353768,0.0169344148588442,1.4906762138925254,1.8633452673656568,14.906762138925254,18.633452673656567
intact_pre_hepatectomy,1301,686,888,0.17893686516517007,0.09374296907633335,0.15,7,250.0,0.0338688297176884,0.0084672074294221,0.7453381069462627,0.9316726336828284,7.453381069462627,9.316726336828284
intact_pre_hepatectomy,1302,888,762,1.312203677877941,0.0602426844515774,0.15,2,250.0,0.0169344148588442,0.00423360371471105,0.37266905347313134,0.4658363168414142,3.7266905347313135,4.658363168414142
intact_pre_hepatectomy,1303,762,559,0.20333734677860799,0.04781465033591114,0.15,1,250.0,0.0084672074294221,0.002116801857355525,0.18633452673656567,0.2329181584207071,1.8633452673656568,2.329181584207071
intact_pre_hepatectomy,1304,762,763,5.783229358536549,0.04781465033591114,0.15,1,250.0,0.0084672074294221,0.002116801857355525,0.18633452673656567,0.2329181584207071,1.8633452673656568,2.329181584207071
intact_pre_hepatectomy,1305,888,910,4.917222090825023,0.08458425031901144,0.15,5,250.0,0.0169344148588442,0.00423360371471105,0.37266905347313134,0.4658363168414142,3.7266905347313135,4.658363168414142
intact_pre_hepatectomy,1306,910,966,0.08046363421350103,0.07176513901375486,0.15,3,250.0,0.0084672074294221,0.002116801857355525,0.18633452673656567,0.2329181584207071,1.8633452673656568,2.329181584207071
intact_pre_hepatectomy,1307,966,889,0.5900666508990048,0.04890414789867507,0.15,1,250.0,0.00423360371471105,0.0010584009286777624,0.09316726336828283,0.11645907921035355,0.9316726336828284,1.1645907921035354
intact_pre_hepatectomy,1308,966,1174,3.902667229172184,0.06321764119105812,0.15,2,250.0,0.00423360371471105,0.0010584009286777624,0.09316726336828283,0.11645907921035355,0.9316726336828284,1.1645907921035354
intact_pre_hepatectomy,1309,1174,967,4.583009038965864,0.05017587506481693,0.15,1,250.0,0.002116801857355525,0.0005292004643388812,0.04658363168414142,0.058229539605176774,0.4658363168414142,0.5822953960517677
intact_pre_hepatectomy,1310,1174,1175,2.233680381945869,0.05017587506481693,0.15,1,250.0,0.002116801857355525,0.0005292004643388812,0.04658363168414142,0.058229539605176774,0.4658363168414142,0.5822953960517677
intact_pre_hepatectomy,1311,910,930,2.387129632179863,0.06175818805683504,0.15,2,250.0,0.0084672074294221,0.002116801857355525,0.18633452673656567,0.2329181584207071,1.8633452673656568,2.329181584207071
intact_pre_hepatectomy,1312,930,911,10.196951939723231,0.04901750634453493,0.15,1,250.0,0.00423360371471105,0.0010584009286777624,0.09316726336828283,0.11645907921035355,0.9316726336828284,1.1645907921035354
intact_pre_hepatectomy,1313,930,931,6.783591626944692,0.04901750634453493,0.15,1,250.0,0.00423360371471105,0.0010584009286777624,0.09316726336828283,0.11645907921035355,0.9316726336828284,1.1645907921035354
intact_pre_hepatectomy,1314,686,687,7.676217790785695,0.045597331857245946,0.15,1,250.0,0.0338688297176884,0.0084672074294221,0.7453381069462627,0.9316726336828284,7.453381069462627,9.316726336828284
intact_pre_hepatectomy,1315,650,651,2.8331345348969985,0.043743377043591825,0.16615831939131057,1,250.0,0.2709506377415072,0.0677376594353768,4.386830128589045,5.483537660736306,43.86830128589045,54.83537660736306
intact_pre_hepatectomy,1316,58,156,6.693802930200922,0.20520932195116337,0.572797672716821,13,250.0,11.100119114893662,2.7750297787234155,4.386830128589046,5.4835376607363076,43.86830128589046,54.835376607363074
intact_pre_hepatectomy,1317,156,460,0.803256351624118,0.10415981287075333,0.3876709713543369,2,250.0,3.4412304110126297,0.8603076027531574,4.386830128589045,5.483537660736307,43.86830128589045,54.83537660736307
intact_pre_hepatectomy,1318,460,59,0.10953495703964747,0.08267169826192235,0.30769465387270406,1,250.0,1.7206152055063149,0.4301538013765787,4.386830128589046,5.4835376607363076,43.86830128589046,54.835376607363074
intact_pre_hepatectomy,1319,460,461,5.251761736377516,0.08267169826192235,0.30769465387270406,1,250.0,1.7206152055063149,0.4301538013765787,4.386830128589046,5.4835376607363076,43.86830128589046,54.835376607363074
intact_pre_hepatectomy,1320,156,694,11.505413861691057,0.1958432440948216,0.5061516044761599,11,250.0,7.658888703881032,1.914722175970258,4.386830128589047,5.4835376607363076,43.86830128589047,54.835376607363074
intact_pre_hepatectomy,1321,694,196,2.3839298665720636,0.18491286121018866,0.4388927632407164,9,250.0,4.993432284459153,1.2483580711147884,4.386830128589047,5.483537660736308,43.86830128589047,54.83537660736309
intact_pre_hepatectomy,1322,196,157,1.89400141749043,0.08294600066122135,0.3150214760165577,1,250.0,1.846479077586264,0.461619769396566,4.386830128589046,5.4835376607363076,43.86830128589046,54.835376607363074
intact_pre_hepatectomy,1323,196,448,7.078252969621133,0.17917327163263952,0.37628952328286497,8,250.0,3.14695320687289,0.7867383017182225,4.386830128589043,5.483537660736305,43.86830128589043,54.835376607363045
intact_pre_hepatectomy,1324,448,438,7.336608490937385,0.14220991993711796,0.29866119255191603,4,250.0,1.573476603436445,0.3933691508591112,4.386830128589047,5.483537660736308,43.86830128589047,54.83537660736309
intact_pre_hepatectomy,1325,438,197,2.9315494355199294,0.08685439015027412,0.23704754561949423,1,250.0,0.7867383017182225,0.1966845754295556,4.386830128589046,5.4835376607363076,43.86830128589046,54.835376607363074
intact_pre_hepatectomy,1326,438,1028,14.524810423838046,0.1304678035599023,0.23704754561949423,3,250.0,0.7867383017182225,0.1966845754295556,4.386830128589046,5.4835376607363076,43.86830128589046,54.835376607363074
intact_pre_hepatectomy,1327,1028,1064,1.3051964214349547,0.11492859772562458,0.18814476164143248,2,250.0,0.3933691508591112,0.0983422877147778,4.386830128589043,5.483537660736305,43.86830128589043,54.835376607363045
intact_pre_hepatectomy,1328,1064,439,0.6754595454520502,0.09121888846544325,0.15,1,250.0,0.1966845754295556,0.0491711438573889,4.328360629467886,5.410450786834858,43.28360629467886,54.10450786834858
intact_pre_hepatectomy,1329,1064,1065,7.894250148768068,0.09121888846544325,0.15,1,250.0,0.1966845754295556,0.0491711438573889,4.328360629467886,5.410450786834858,43.28360629467886,54.10450786834858
intact_pre_hepatectomy,1330,1028,1029,13.992925135228091,0.08890691008186921,0.18814476164143248,1,250.0,0.3933691508591112,0.0983422877147778,4.386830128589043,5.483537660736305,43.86830128589043,54.835376607363045
intact_pre_hepatectomy,1331,448,510,2.5838705313896075,0.14220991993711796,0.29866119255191603,4,250.0,1.573476603436445,0.3933691508591112,4.386830128589047,5.483537660736308,43.86830128589047,54.83537660736309
intact_pre_hepatectomy,1332,510,848,5.349755141527467,0.11287208825424726,0.23704754561949423,2,250.0,0.7867383017182225,0.1966845754295556,4.386830128589046,5.4835376607363076,43.86830128589046,54.835376607363074
intact_pre_hepatectomy,1333,848,449,0.7295120647537471,0.08958663581631979,0.18814476164143248,1,250.0,0.3933691508591112,0.0983422877147778,4.386830128589043,5.483537660736305,43.86830128589043,54.835376607363045
intact_pre_hepatectomy,1334,848,849,9.387517953975747,0.08958663581631979,0.18814476164143248,1,250.0,0.3933691508591112,0.0983422877147778,4.386830128589043,5.483537660736305,43.86830128589043,54.835376607363045
intact_pre_hepatectomy,1335,510,1030,3.6901961803422023,0.11287208825424726,0.23704754561949423,2,250.0,0.7867383017182225,0.1966845754295556,4.386830128589046,5.4835376607363076,43.86830128589046,54.835376607363074
intact_pre_hepatectomy,1336,1030,511,0.5032085700466611,0.08958663581631979,0.18814476164143248,1,250.0,0.3933691508591112,0.0983422877147778,4.386830128589043,5.483537660736305,43.86830128589043,54.835376607363045
intact_pre_hepatectomy,1337,1030,1031,8.579396476769894,0.08958663581631979,0.18814476164143248,1,250.0,0.3933691508591112,0.0983422877147778,4.386830128589043,5.483537660736305,43.86830128589043,54.835376607363045
intact_pre_hepatectomy,1338,694,1116,3.779498607676712,0.10593428945840035,0.35602669308801993,2,250.0,2.665456419421878,0.6663641048554695,4.386830128589047,5.483537660736308,43.86830128589047,54.83537660736309
intact_pre_hepatectomy,1339,1116,695,5.16125324685879,0.08408010126288425,0.2825785735683411,1,250.0,1.332728209710939,0.33318205242773474,4.386830128589043,5.483537660736305,43.86830128589043,54.835376607363045
intact_pre_hepatectomy,1340,1116,1117,5.334825334020288,0.08408010126288425,0.2825785735683411,1,250.0,1.332728209710939,0.33318205242773474,4.386830128589043,5.483537660736305,43.86830128589043,54.835376607363045
intact_pre_hepatectomy,1341,162,163,2.0539555454684018,0.13374092451522754,0.4322044156239923,1,250.0,4.768606688234018,1.1921516720585046,4.386830128589046,5.4835376607363076,43.86830128589046,54.835376607363074
intact_pre_hepatectomy,1342,806,807,3.8103928300843988,0.17560283916630912,0.3748964405615138,1,250.0,3.1121309030320496,0.7780327257580124,4.386830128589044,5.483537660736306,43.86830128589044,54.83537660736306
intact_pre_hepatectomy,1343,352,566,6.077134289490632,0.2087233016950187,0.4088856103774807,3,250.0,4.037656657797695,1.0094141644494237,4.386830128589047,5.483537660736308,43.86830128589047,54.83537660736309
intact_pre_hepatectomy,1344,566,353,0.8287001303850727,0.14223389456594743,0.2886757424979898,1,250.0,1.4208714224528909,0.3552178556132227,4.386830128589044,5.483537660736305,43.86830128589044,54.835376607363045
intact_pre_hepatectomy,1345,566,780,8.993830168378212,0.1838635718693396,0.3538463541847608,2,250.0,2.6167852353448042,0.6541963088362011,4.386830128589046,5.483537660736307,43.86830128589046,54.83537660736307
intact_pre_hepatectomy,1346,780,567,1.2264313865970213,0.1459326137020102,0.28084803743400066,1,250.0,1.3083926176724021,0.32709815441810053,4.386830128589046,5.4835376607363076,43.86830128589046,54.835376607363074
intact_pre_hepatectomy,1347,780,781,12.385368604839062,0.1459326137020102,0.28084803743400066,1,250.0,1.3083926176724021,0.32709815441810053,4.386830128589046,5.4835376607363076,43.86830128589046,54.835376607363074
intact_pre_hepatectomy,1348,302,303,2.0961242895203207,0.14312094835984984,0.29384760138683574,1,250.0,1.4986159652557074,0.37465399131392685,4.386830128589046,5.483537660736307,43.86830128589046,54.83537660736307
intact_pre_hepatectomy,1349,318,319,4.52686020831873,0.1444150442684699,0.294241740864583,1,250.0,1.5046543639966456,0.3761635909991614,4.386830128589045,5.483537660736307,43.86830128589045,54.83537660736307
intact_pre_hepatectomy,1350,490,1328,6.819214572990957,0.22061937536625978,0.40080828889194176,2,250.0,3.803067099695058,0.9507667749237645,4.386830128589043,5.483537660736304,43.86830128589043,54.83537660736304
intact_pre_hepatectomy,1351,1328,491,0.9298928963169598,0.17510571427048394,0.31812174971232116,1,250.0,1.901533549847529,0.47538338746188225,4.386830128589045,5.483537660736305,43.86830128589045,54.835376607363045
intact_pre_hepatectomy,1352,1328,1329,10.925734132791993,0.17510571427048394,0.31812174971232116,1,250.0,1.901533549847529,0.47538338746188225,4.386830128589045,5.483537660736305,43.86830128589045,54.835376607363045
intact_pre_hepatectomy,1353,442,443,3.7636503539308332,0.17265309765191353,0.31366598027427806,1,250.0,1.8227460256490515,0.4556865064122629,4.386830128589044,5.483537660736306,43.86830128589044,54.83537660736306
intact_pre_hepatectomy,1354,216,217,2.212995691624967,0.14632590555607508,0.2670609431710236,1,250.0,1.125006522250821,0.28125163056270525,4.386830128589044,5.483537660736306,43.86830128589044,54.83537660736306
remnant_pre_hepatectomy_no_HABR,0,0,1,14.879061388551216,1.6176033385480426,1.6176033385480426,187,70.08995502248875,70.08995502248875,17.522488755622188,1.2298909056164193,1.5373636320205242,12.298909056164193,15.373636320205241
remnant_pre_hepatectomy_no_HABR,1,1,2,12.744757483720921,1.4185149712131324,1.6176033385480426,187,70.08995502248875,70.08995502248875,17.522488755622188,1.2298909056164193,1.5373636320205242,12.298909056164193,15.373636320205241
remnant_pre_hepatectomy_no_HABR,2,2,3,12.629562157356032,1.2443124118612137,1.6176033385480426,187,70.08995502248875,70.08995502248875,17.522488755622188,1.2298909056164193,1.5373636320205242,12.298909056164193,15.373636320205241
remnant_pre_hepatectomy_no_HABR,3,3,4,0.159881441258806,1.119879219943347,1.6176033385480426,187,70.08995502248875,70.08995502248875,17.522488755622188,1.2298909056164193,1.5373636320205242,12.298909056164193,15.373636320205241
remnant_pre_hepatectomy_no_HABR,4,4,5,4.516570406967119,1.119879219943347,1.6176033385480426,187,70.08995502248875,70.08995502248875,17.522488755622188,1.2298909056164193,1.5373636320205242,12.298909056164193,15.373636320205241
remnant_pre_hepatectomy_no_HABR,5,5,6,0.1615385257231706,0.9083450705494114,1.6176033385480426,187,70.08995502248875,70.08995502248875,17.522488755622188,1.2298909056164193,1.5373636320205242,12.298909056164193,15.373636320205241
remnant_pre_hepatectomy_no_HABR,6,6,7,12.096337243613128,0.7406745840950653,1.6176033385480426,187,70.08995502248875,70.08995502248875,17.522488755622188,1.2298909056164193,1.5373636320205242,12.298909056164193,15.373636320205241
remnant_pre_hepatectomy_no_HABR,7,7,160,0.8632794259246684,0.725861092413164,1.6176033385480426,187,70.08995502248875,70.08995502248875,17.522488755622188,1.2298909056164193,1.5373636320205242,12.298909056164193,15.373636320205241
remnant_pre_hepatectomy_no_HABR,8,160,8,6.330715790114281,0.7166307230618508,1.6176033385480426,187,70.08995502248875,70.08995502248875,17.522488755622188,1.2298909056164193,1.5373636320205242,12.298909056164193,15.373636320205241
remnant_pre_hepatectomy_no_HABR,9,8,276,3.043112179342615,0.7092577864515041,1.6176033385480426,187,70.08995502248875,70.08995502248875,17.522488755622188,1.2298909056164193,1.5373636320205242,12.298909056164193,15.373636320205241
remnant_pre_hepatectomy_no_HABR,10,276,342,5.932028860331278,0.6569273083524391,1.6176033385480426,187,70.08995502248875,70.08995502248875,17.522488755622188,1.2298909056164193,1.5373636320205242,12.298909056164193,15.373636320205241
remnant_pre_hepatectomy_no_HABR,11,342,9,1.4039110269684425,0.632634416321947,1.6176033385480426,187,70.08995502248875,70.08995502248875,17.522488755622188,1.2298909056164193,1.5373636320205242,12.298909056164193,15.373636320205241
remnant_pre_hepatectomy_no_HABR,12,9,68,8.930141145969223,0.5723837052939299,1.6176033385480426,187,70.08995502248875,70.08995502248875,17.522488755622188,1.2298909056164193,1.5373636320205242,12.298909056164193,15.373636320205241
remnant_pre_hepatectomy_no_HABR,13,68,82,3.220879984479059,0.553578469431686,1.5644581982660912,184,70.08995502248875,63.4061768825619,15.851544220640475,1.2298909056164191,1.5373636320205237,12.298909056164192,15.373636320205238
remnant_pre_hepatectomy_no_HABR,14,82,10,0.46621347915529465,0.465933910128335,1.5644581982660912,184,70.08995502248875,63.4061768825619,15.851544220640475,1.2298909056164191,1.5373636320205237,12.298909056164192,15.373636320205238
remnant_pre_hepatectomy_no_HABR,15,10,106,5.664179974150869,0.38399159959006757,1.2893219252458492,81,70.08995502248875,35.49145317224431,8.872863293061078,1.229890905616419,1.5373636320205235,12.298909056164188,15.373636320205236
remnant_pre_hepatectomy_no_HABR,16,106,11,0.7723881782933019,0.3243631941423702,1.0891086638275285,72,70.08995502248875,21.39209487869695,5.348023719674237,1.2298909056164193,1.5373636320205242,12.298909056164193,15.373636320205241
remnant_pre_hepatectomy_no_HABR,17,11,432,3.502198328660833,0.31787593025952277,1.0891086638275285,72,70.08995502248875,21.39209487869695,5.348023719674237,1.2298909056164193,1.5373636320205242,12.298909056164193,15.373636320205241
remnant_pre_hepatectomy_no_HABR,18,432,12,5.611358224310183,0.3101106231105473,1.050874776679366,71,70.08995502248875,19.21730938135684,4.80432734533921,1.2298909056164185,1.5373636320205233,12.298909056164185,15.373636320205232
remnant_pre_hepatectomy_no_HABR,19,12,13,3.609122712248635,0.2609333156950017,0.8842271738670572,14,70.08995502248875,11.44804294143533,2.8620107353588327,1.2298909056164193,1.5373636320205242,12.298909056164193,15.373636320205241
remnant_pre_hepatectomy_no_HABR,20,13,14,6.181451559077022,0.25571464938110167,0.8842271738670572,14,70.08995502248875,11.44804294143533,2.8620107353588327,1.2298909056164193,1.5373636320205242,12.298909056164193,15.373636320205241
remnant_pre_hepatectomy_no_HABR,21,14,56,5.005975968200014,0.2506003563934796,0.8842271738670572,14,70.08995502248875,11.44804294143533,2.8620107353588327,1.2298909056164193,1.5373636320205242,12.298909056164193,15.373636320205241
remnant_pre_hepatectomy_no_HABR,22,56,192,5.330587657631198,0.16993137010235973,0.5995918653086004,7,70.08995502248875,3.5694957886988585,0.8923739471747146,1.2298909056164193,1.537363632020524,12.298909056164193,15.37363632020524
remnant_pre_hepatectomy_no_HABR,23,192,258,7.406806623268444,0.15907720170950437,0.48945104769173897,6,70.08995502248875,1.9416344320031267,0.48540860800078167,1.229890905616418,1.5373636320205226,12.298909056164181,15.373636320205225
remnant_pre_hepatectomy_no_HABR,24,258,426,0.3500787179498308,0.12580443581320366,0.3884775539964019,2,70.08995502248875,0.9708172160015633,0.24270430400039084,1.229890905616419,1.5373636320205237,12.298909056164188,15.373636320205238
remnant_pre_hepatectomy_no_HABR,25,426,15,0.6599403670413233,0.11776882396553744,0.30833483893996066,1,70.08995502248875,0.48540860800078167,0.12135215200019542,1.229890905616419,1.5373636320205237,12.298909056164188,15.373636320205238
remnant_pre_hepatectomy_no_HABR,26,426,427,4.183069780780877,0.07098484747368712,0.30833483893996066,1,70.08995502248875,0.48540860800078167,0.12135215200019542,1.229890905616419,1.5373636320205237,12.298909056164188,15.373636320205238
remnant_pre_hepatectomy_no_HABR,27,258,1020,11.336423318335687,0.12671162241738348,0.3884775539964019,4,70.08995502248875,0.9708172160015633,0.24270430400039084,1.229890905616419,1.5373636320205237,12.298909056164188,15.373636320205238
remnant_pre_hepatectomy_no_HABR,28,1020,588,2.2554424050479605,0.11624918338761239,0.30833483893996066,3,70.08995502248875,0.48540860800078167,0.12135215200019542,1.229890905616419,1.5373636320205237,12.298909056164188,15.373636320205238
remnant_pre_hepatectomy_no_HABR,29,588,259,1.853436235006848,0.07921767219594417,0.24472552384586949,1,70.08995502248875,0.24270430400039084,0.06067607600009771,1.229890905616418,1.5373636320205226,12.298909056164181,15.373636320205225
remnant_pre_hepatectomy_no_HABR,30,588,658,12.615630269361239,0.10240346866384593,0.24472552384586949,2,70.08995502248875,0.24270430400039084,0.06067607600009771,1.229890905616418,1.5373636320205226,12.298909056164181,15.373636320205225
remnant_pre_hepatectomy_no_HABR,31,658,589,1.7203132185492418,0.0812776869410908,0.19423877699820094,1,70.08995502248875,0.12135215200019542,0.030338038000048854,1.229890905616419,1.5373636320205237,12.298909056164188,15.373636320205238
remnant_pre_hepatectomy_no_HABR,32,658,659,7.658015683539712,0.0812776869410908,0.19423877699820094,1,70.08995502248875,0.12135215200019542,0.030338038000048854,1.229890905616419,1.5373636320205237,12.298909056164188,15.373636320205238
remnant_pre_hepatectomy_no_HABR,33,1020,1021,3.612808369540739,0.07738883964550443,0.30833483893996066,1,70.08995502248875,0.48540860800078167,0.12135215200019542,1.229890905616419,1.5373636320205237,12.298909056164188,15.373636320205238
remnant_pre_hepatectomy_no_HABR,34,192,193,3.250405336815793,0.09588336301290157,0.4615221814614957,1,70.08995502248875,1.6278613566957318,0.40696533917393296,1.2298909056164193,1.5373636320205242,12.298909056164193,15.373636320205241
remnant_pre_hepatectomy_no_HABR,35,56,172,10.933262454272299,0.2212517157521758,0.780672390687287,7,70.08995502248875,7.878547152736471,1.9696367881841177,1.2298909056164191,1.5373636320205237,12.298909056164192,15.373636320205238
remnant_pre_hepatectomy_no_HABR,36,172,804,1.3119914945126805,0.1756076031673865,0.6196200871097644,4,70.08995502248875,3.9392735763682354,0.9848183940920588,1.2298909056164191,1.5373636320205237,12.298909056164192,15.373636320205238
remnant_pre_hepatectomy_no_HABR,37,804,57,0.17890793106990843,0.10725195039557664,0.4736306772610225,1,70.08995502248875,1.7593779703133536,0.4398444925783384,1.2298909056164191,1.5373636320205235,12.298909056164192,15.373636320205236
remnant_pre_hepatectomy_no_HABR,38,804,842,3.480264097505396,0.1611078768893102,0.5087042189544628,3,70.08995502248875,2.179895606054882,0.5449739015137205,1.229890905616419,1.5373636320205233,12.298909056164188,15.373636320205232
remnant_pre_hepatectomy_no_HABR,39,842,906,9.902301551814432,0.14191932314503694,0.40375880615448784,2,70.08995502248875,1.089947803027441,0.27248695075686025,1.229890905616419,1.5373636320205233,12.298909056164188,15.373636320205232
remnant_pre_hepatectomy_no_HABR,40,906,805,2.4861423850480397,0.11264144142752328,0.3204635768155291,1,70.08995502248875,0.5449739015137205,0.13624347537843012,1.229890905616419,1.5373636320205233,12.298909056164188,15.373636320205232
remnant_pre_hepatectomy_no_HABR,41,906,907,2.8886028254871077,0.11264144142752328,0.3204635768155291,1,70.08995502248875,0.5449739015137205,0.13624347537843012,1.229890905616419,1.5373636320205233,12.298909056164188,15.373636320205232
remnant_pre_hepatectomy_no_HABR,42,842,843,9.06167045951366,0.10978650006552988,0.40375880615448784,1,70.08995502248875,1.089947803027441,0.27248695075686025,1.229890905616419,1.5373636320205233,12.298909056164188,15.373636320205232
remnant_pre_hepatectomy_no_HABR,43,172,180,14.74435364636,0.1756076031673865,0.6196200871097644,3,70.08995502248875,3.9392735763682354,0.9848183940920588,1.2298909056164191,1.5373636320205237,12.298909056164192,15.373636320205238
remnant_pre_hepatectomy_no_HABR,44,180,610,1.7693224375632077,0.13937984700076175,0.49179278904933366,2,70.08995502248875,1.9696367881841177,0.4924091970460294,1.2298909056164185,1.5373636320205233,12.298909056164185,15.373636320205232
remnant_pre_hepatectomy_no_HABR,45,610,173,0.24127124148588872,0.11062585787608796,0.3903361953436435,1,70.08995502248875,0.9848183940920588,0.2462045985230147,1.2298909056164191,1.5373636320205237,12.298909056164192,15.373636320205238
remnant_pre_hepatectomy_no_HABR,46,610,611,4.452477566390373,0.11062585787608796,0.3903361953436435,1,70.08995502248875,0.9848183940920588,0.2462045985230147,1.2298909056164191,1.5373636320205237,12.298909056164192,15.373636320205238
remnant_pre_hepatectomy_no_HABR,47,180,240,6.897638066401447,0.13937984700076175,0.49179278904933366,1,70.08995502248875,1.9696367881841177,0.4924091970460294,1.2298909056164185,1.5373636320205233,12.298909056164185,15.373636320205232
remnant_pre_hepatectomy_no_HABR,48,240,241,4.205566875974491,0.11062585787608796,0.49179278904933366,1,70.08995502248875,1.9696367881841177,0.4924091970460294,1.2298909056164185,1.5373636320205233,12.298909056164185,15.373636320205232
remnant_pre_hepatectomy_no_HABR,49,12,16,11.825979074192642,0.22930443513129875,0.7770460896926169,57,70.08995502248875,7.769266439921512,1.942316609980378,1.2298909056164193,1.537363632020524,12.298909056164193,15.37363632020524
remnant_pre_hepatectomy_no_HABR,50,16,212,7.908825007833531,0.1476728383587099,0.5061513973946229,2,70.08995502248875,2.147242023606953,0.5368105059017383,1.2298909056164193,1.537363632020524,12.298909056164193,15.37363632020524
remnant_pre_hepatectomy_no_HABR,51,212,17,1.0784761374318426,0.12100931897786137,0.4017326303396993,1,70.08995502248875,1.0736210118034766,0.26840525295086914,1.229890905616419,1.5373636320205237,12.298909056164188,15.373636320205238
remnant_pre_hepatectomy_no_HABR,52,212,854,12.903274960297171,0.1131427098605708,0.4017326303396993,1,70.08995502248875,1.0736210118034766,0.26840525295086914,1.229890905616419,1.5373636320205237,12.298909056164188,15.373636320205238
remnant_pre_hepatectomy_no_HABR,53,854,213,1.759537494585979,0.08980142832760145,0.4017326303396993,1,70.08995502248875,1.0736210118034766,0.26840525295086914,1.229890905616419,1.5373636320205237,12.298909056164188,15.373636320205238
remnant_pre_hepatectomy_no_HABR,54,16,1170,5.912566017636421,0.2067418994932154,0.697618008856731,55,70.08995502248875,5.6220244163145585,1.4055061040786396,1.2298909056164193,1.5373636320205242,12.298909056164193,15.373636320205241
remnant_pre_hepatectomy_no_HABR,55,1170,18,2.669201163290166,0.19802828817538345,0.6185486118842723,54,70.08995502248875,3.9188729818093337,0.9797182454523334,1.229890905616419,1.5373636320205235,12.298909056164188,15.373636320205236
remnant_pre_hepatectomy_no_HABR,56,18,130,11.281960983685394,0.19406772241187578,0.6185486118842723,54,70.08995502248875,3.9188729818093337,0.9797182454523334,1.229890905616419,1.5373636320205235,12.298909056164188,15.373636320205236
remnant_pre_hepatectomy_no_HABR,57,130,236,3.689637293102002,0.18053345687677,0.5317939785659797,52,70.08995502248875,2.4904046824642854,0.6226011706160713,1.2298909056164185,1.5373636320205233,12.298909056164185,15.373636320205232
remnant_pre_hepatectomy_no_HABR,58,236,128,1.995268164507612,0.17425055783217,0.4511432501583832,51,70.08995502248875,1.5204882541072895,0.3801220635268224,1.2298909056164185,1.5373636320205233,12.298909056164185,15.373636320205232
remnant_pre_hepatectomy_no_HABR,59,128,19,2.3136636056311484,0.11541854488556796,0.35162327247667097,35,70.08995502248875,0.7199005610386896,0.1799751402596724,1.2298909056164185,1.5373636320205233,12.298909056164185,15.373636320205232
remnant_pre_hepatectomy_no_HABR,60,19,20,10.36765446977808,0.1131101739878566,0.35162327247667097,35,70.08995502248875,0.7199005610386896,0.1799751402596724,1.2298909056164185,1.5373636320205233,12.298909056164185,15.373636320205232
remnant_pre_hepatectomy_no_HABR,61,20,1106,6.22157512416166,0.08977559691502225,0.27908357631298414,2,70.08995502248875,0.3599502805193448,0.0899875701298362,1.2298909056164185,1.5373636320205233,12.298909056164185,15.373636320205232
remnant_pre_hepatectomy_no_HABR,62,1106,21,0.8483966078402229,0.08259193801695909,0.22150878131313914,1,70.08995502248875,0.1799751402596724,0.0449937850649181,1.2298909056164191,1.537363632020524,12.298909056164192,15.37363632020524
remnant_pre_hepatectomy_no_HABR,63,1106,1107,6.95608759596636,0.0543070768108566,0.22150878131313914,1,70.08995502248875,0.1799751402596724,0.0449937850649181,1.2298909056164191,1.537363632020524,12.298909056164192,15.37363632020524
remnant_pre_hepatectomy_no_HABR,64,20,66,8.85051588726593,0.08977561226160609,0.27908357631298414,33,70.08995502248875,0.3599502805193448,0.0899875701298362,1.2298909056164185,1.5373636320205233,12.298909056164185,15.373636320205232
remnant_pre_hepatectomy_no_HABR,65,66,76,1.0620619064719032,0.04747670828026064,0.22150878131313914,18,70.08995502248875,0.1799751402596724,0.0449937850649181,1.2298909056164191,1.537363632020524,12.298909056164192,15.37363632020524
remnant_pre_hepatectomy_no_HABR,66,76,22,0.14482662360981066,0.019966019802511992,0.17581163623833548,1,70.08995502248875,0.0899875701298362,0.02249689253245905,1.2298909056164185,1.5373636320205233,12.298909056164185,15.373636320205232
remnant_pre_hepatectomy_no_HABR,67,76,84,9.635773360335735,0.046269215832159476,0.17581163623833548,17,70.08995502248875,0.0899875701298362,0.02249689253245905,1.2298909056164185,1.5373636320205233,12.298909056164185,15.373636320205232
remnant_pre_hepatectomy_no_HABR,68,84,856,4.1425748036049335,0.03269037573669993,0.15,10,70.08995502248875,0.0449937850649181,0.011248446266229525,0.9901606540340167,1.237700817542521,9.901606540340167,12.37700817542521
remnant_pre_hepatectomy_no_HABR,69,856,102,1.0119785499702125,0.031887762418851245,0.15,9,70.08995502248875,0.02249689253245905,0.0056242231331147625,0.4950803270170083,0.6188504087712605,4.950803270170083,6.188504087712605
remnant_pre_hepatectomy_no_HABR,70,102,132,2.0628950463450217,0.02857233171201198,0.15,6,70.08995502248875,0.011248446266229525,0.0028121115665573813,0.24754016350850416,0.30942520438563026,2.4754016350850416,3.0942520438563026
remnant_pre_hepatectomy_no_HABR,71,132,77,0.2813038699561417,0.014099644554117642,0.15,1,70.08995502248875,0.0056242231331147625,0.0014060557832786906,0.12377008175425208,0.15471260219281513,1.2377008175425208,1.5471260219281513
remnant_pre_hepatectomy_no_HABR,72,132,788,9.681581307321734,0.027378668995019884,0.15,5,70.08995502248875,0.0056242231331147625,0.0014060557832786906,0.12377008175425208,0.15471260219281513,1.2377008175425208,1.5471260219281513
remnant_pre_hepatectomy_no_HABR,73,788,133,1.3202156328166033,0.014326713146320709,0.15,1,70.08995502248875,0.0028121115665573813,0.0007030278916393453,0.06188504087712604,0.07735630109640756,0.6188504087712604,0.7735630109640756
remnant_pre_hepatectomy_no_HABR,74,788,928,3.78346413392126,0.026003053216553332,0.15,4,70.08995502248875,0.0028121115665573813,0.0007030278916393453,0.06188504087712604,0.07735630109640756,0.6188504087712604,0.7735630109640756
remnant_pre_hepatectomy_no_HABR,75,928,1040,5.271331587038652,0.022062177318235114,0.15,3,70.08995502248875,0.0014060557832786906,0.00035151394581967266,0.03094252043856302,0.03867815054820378,0.3094252043856302,0.3867815054820378
remnant_pre_hepatectomy_no_HABR,76,1040,1350,0.632559790444639,0.019434489067601046,0.15,2,70.08995502248875,0.0007030278916393453,0.00017575697290983633,0.01547126021928151,0.01933907527410189,0.1547126021928151,0.1933907527410189
remnant_pre_hepatectomy_no_HABR,77,1350,789,0.08625815324244843,0.015425164195187191,0.15,1,70.08995502248875,0.00035151394581967266,8.787848645491816e-05,0.007735630109640755,0.009669537637050946,0.07735630109640755,0.09669537637050946
remnant_pre_hepatectomy_no_HABR,78,1350,1351,7.249681012394219,0.015425164195187191,0.15,1,70.08995502248875,0.00035151394581967266,8.787848645491816e-05,0.007735630109640755,0.009669537637050946,0.07735630109640755,0.09669537637050946
remnant_pre_hepatectomy_no_HABR,79,1040,1041,14.402257570834934,0.015034207379309486,0.15,1,70.08995502248875,0.0007030278916393453,0.00017575697290983633,0.01547126021928151,0.01933907527410189,0.1547126021928151,0.1933907527410189
remnant_pre_hepatectomy_no_HABR,80,928,1222,1.258190942821189,0.018985821172890882,0.15,1,70.08995502248875,0.0014060557832786906,0.00035151394581967266,0.03094252043856302,0.03867815054820378,0.3094252043856302,0.3867815054820378
remnant_pre_hepatectomy_no_HABR,81,1222,929,0.17157149220289483,0.015069056251163556,0.15,1,70.08995502248875,0.0014060557832786906,0.00035151394581967266,0.03094252043856302,0.03867815054820378,0.3094252043856302,0.3867815054820378
remnant_pre_hepatectomy_no_HABR,82,102,704,7.125212287827421,0.020876514198219447,0.15,3,70.08995502248875,0.011248446266229525,0.0028121115665573813,0.24754016350850416,0.30942520438563026,2.4754016350850416,3.0942520438563026
remnant_pre_hepatectomy_no_HABR,83,704,103,1.9846237885044002,0.014226240650949394,0.15,1,70.08995502248875,0.0056242231331147625,0.0014060557832786906,0.12377008175425208,0.15471260219281513,1.2377008175425208,1.5471260219281513
remnant_pre_hepatectomy_no_HABR,84,704,1142,5.843992290191028,0.01839004288210345,0.15,2,70.08995502248875,0.0056242231331147625,0.0014060557832786906,0.12377008175425208,0.15471260219281513,1.2377008175425208,1.5471260219281513
remnant_pre_hepatectomy_no_HABR,85,1142,705,2.5185336456831524,0.014596186708395664,0.15,1,70.08995502248875,0.0028121115665573813,0.0007030278916393453,0.06188504087712604,0.07735630109640756,0.6188504087712604,0.7735630109640756
remnant_pre_hepatectomy_no_HABR,86,1142,1143,4.515964396248216,0.014596186708395664,0.15,1,70.08995502248875,0.0028121115665573813,0.0007030278916393453,0.06188504087712604,0.07735630109640756,0.6188504087712604,0.7735630109640756
remnant_pre_hepatectomy_no_HABR,87,856,857,8.173900636691263,0.013591070813104988,0.15,1,70.08995502248875,0.02249689253245905,0.0056242231331147625,0.4950803270170083,0.6188504087712605,4.950803270170083,6.188504087712605
remnant_pre_hepatectomy_no_HABR,88,84,144,7.941346501112656,0.040025002028160686,0.15,7,70.08995502248875,0.0449937850649181,0.011248446266229525,0.9901606540340167,1.237700817542521,9.901606540340167,12.37700817542521
remnant_pre_hepatectomy_no_HABR,89,144,85,1.0829108865153645,0.013542435073012074,0.15,1,70.08995502248875,0.02249689253245905,0.0056242231331147625,0.4950803270170083,0.6188504087712605,4.950803270170083,6.188504087712605
remnant_pre_hepatectomy_no_HABR,90,144,200,5.2089677564442445,0.03950140151638843,0.15,6,70.08995502248875,0.02249689253245905,0.0056242231331147625,0.4950803270170083,0.6188504087712605,4.950803270170083,6.188504087712605
remnant_pre_hepatectomy_no_HABR,91,200,360,2.0946579518206576,0.03751669030901124,0.15,4,70.08995502248875,0.011248446266229525,0.0028121115665573813,0.24754016350850416,0.30942520438563026,2.4754016350850416,3.0942520438563026
remnant_pre_hepatectomy_no_HABR,92,360,582,0.6589233408969909,0.03687317860122994,0.15,3,70.08995502248875,0.0056242231331147625,0.0014060557832786906,0.12377008175425208,0.15471260219281513,1.2377008175425208,1.5471260219281513
remnant_pre_hepatectomy_no_HABR,93,582,346,2.22422338666908,0.036188413599658055,0.15,2,70.08995502248875,0.0028121115665573813,0.0007030278916393453,0.06188504087712604,0.07735630109640756,0.6188504087712604,0.7735630109640756
remnant_pre_hepatectomy_no_HABR,94,346,364,0.5973365615263925,0.035456353713500026,0.15,1,70.08995502248875,0.0014060557832786906,0.00035151394581967266,0.03094252043856302,0.03867815054820378,0.3094252043856302,0.3867815054820378
remnant_pre_hepatectomy_no_HABR,95,364,145,0.08145498566270043,0.01426416546709364,0.15,1,70.08995502248875,0.0014060557832786906,0.00035151394581967266,0.03094252043856302,0.03867815054820378,0.3094252043856302,0.3867815054820378
remnant_pre_hepatectomy_no_HABR,96,346,347,10.793650730891166,0.01412528806748277,0.15,1,70.08995502248875,0.0014060557832786906,0.00035151394581967266,0.03094252043856302,0.03867815054820378,0.3094252043856302,0.3867815054820378
remnant_pre_hepatectomy_no_HABR,97,582,583,4.065810092633975,0.013995806622551774,0.15,1,70.08995502248875,0.0028121115665573813,0.0007030278916393453,0.06188504087712604,0.07735630109640756,0.6188504087712604,0.7735630109640756
remnant_pre_hepatectomy_no_HABR,98,360,361,3.9333543923958603,0.013874543788403497,0.15,1,70.08995502248875,0.0056242231331147625,0.0014060557832786906,0.12377008175425208,0.15471260219281513,1.2377008175425208,1.5471260219281513
remnant_pre_hepatectomy_no_HABR,99,200,580,9.716406097149891,0.020670298052322237,0.15,2,70.08995502248875,0.011248446266229525,0.0028121115665573813,0.24754016350850416,0.30942520438563026,2.4754016350850416,3.0942520438563026
remnant_pre_hepatectomy_no_HABR,100,580,1282,4.346798470973838,0.01820838785435197,0.15,1,70.08995502248875,0.0056242231331147625,0.0014060557832786906,0.12377008175425208,0.15471260219281513,1.2377008175425208,1.5471260219281513
remnant_pre_hepatectomy_no_HABR,101,1282,201,0.5927452460418863,0.014452007017321657,0.15,1,70.08995502248875,0.0056242231331147625,0.0014060557832786906,0.12377008175425208,0.15471260219281513,1.2377008175425208,1.5471260219281513
remnant_pre_hepatectomy_no_HABR,102,580,581,6.080892428190592,0.014085715250502265,0.15,1,70.08995502248875,0.0056242231331147625,0.0014060557832786906,0.12377008175425208,0.15471260219281513,1.2377008175425208,1.5471260219281513
remnant_pre_hepatectomy_no_HABR,103,66,870,4.864873854262549,0.08511157963144456,0.22150878131313914,15,70.08995502248875,0.1799751402596724,0.0449937850649181,1.2298909056164191,1.537363632020524,12.298909056164192,15.37363632020524
remnant_pre_hepatectomy_no_HABR,104,870,138,7.494062562931993,0.08365168811357686,0.17581163623833548,14,70.08995502248875,0.0899875701298362,0.02249689253245905,1.2298909056164185,1.5373636320205233,12.298909056164185,15.373636320205232
remnant_pre_hepatectomy_no_HABR,105,138,372,1.4830723700633481,0.05851587218235648,0.15,5,70.08995502248875,0.0449937850649181,0.011248446266229525,0.9901606540340167,1.237700817542521,9.901606540340167,12.37700817542521
remnant_pre_hepatectomy_no_HABR,106,372,67,0.2022371413722854,0.03282301904564988,0.15,1,70.08995502248875,0.02249689253245905,0.0056242231331147625,0.4950803270170083,0.6188504087712605,4.950803270170083,6.188504087712605
remnant_pre_hepatectomy_no_HABR,107,372,730,5.861816447278734,0.054848367615058506,0.15,4,70.08995502248875,0.02249689253245905,0.0056242231331147625,0.4950803270170083,0.6188504087712605,4.950803270170083,6.188504087712605
remnant_pre_hepatectomy_no_HABR,108,730,838,5.925391234982901,0.050319598342696205,0.15,3,70.08995502248875,0.011248446266229525,0.0028121115665573813,0.24754016350850416,0.30942520438563026,2.4754016350850416,3.0942520438563026
remnant_pre_hepatectomy_no_HABR,109,838,373,0.8080078956794852,0.034290145791837506,0.15,1,70.08995502248875,0.0056242231331147625,0.0014060557832786906,0.12377008175425208,0.15471260219281513,1.2377008175425208,1.5471260219281513
remnant_pre_hepatectomy_no_HABR,110,838,926,5.626309879176384,0.04432634502800905,0.15,2,70.08995502248875,0.0056242231331147625,0.0014060557832786906,0.12377008175425208,0.15471260219281513,1.2377008175425208,1.5471260219281513
remnant_pre_hepatectomy_no_HABR,111,926,839,2.976602112506388,0.03518184336368348,0.15,1,70.08995502248875,0.0028121115665573813,0.0007030278916393453,0.06188504087712604,0.07735630109640756,0.6188504087712604,0.7735630109640756
remnant_pre_hepatectomy_no_HABR,112,926,927,1.7247928876876717,0.03518184336368348,0.15,1,70.08995502248875,0.0028121115665573813,0.0007030278916393453,0.06188504087712604,0.07735630109640756,0.6188504087712604,0.7735630109640756
remnant_pre_hepatectomy_no_HABR,113,730,731,4.043386309334638,0.03349851769869786,0.15,1,70.08995502248875,0.011248446266229525,0.0028121115665573813,0.24754016350850416,0.30942520438563026,2.4754016350850416,3.0942520438563026
remnant_pre_hepatectomy_no_HABR,114,138,520,6.103367784834926,0.07274766443663322,0.15,9,70.08995502248875,0.0449937850649181,0.011248446266229525,0.9901606540340167,1.237700817542521,9.901606540340167,12.37700817542521
remnant_pre_hepatectomy_no_HABR,115,520,178,2.441870848380496,0.07048961849078132,0.15,8,70.08995502248875,0.02249689253245905,0.0056242231331147625,0.4950803270170083,0.6188504087712605,4.950803270170083,6.188504087712605
remnant_pre_hepatectomy_no_HABR,116,178,700,1.4712563950024657,0.060689283611595056,0.15,5,70.08995502248875,0.011248446266229525,0.0028121115665573813,0.24754016350850416,0.30942520438563026,2.4754016350850416,3.0942520438563026
remnant_pre_hepatectomy_no_HABR,117,700,139,0.20062587204579088,0.034042139979430314,0.15,1,70.08995502248875,0.0056242231331147625,0.0014060557832786906,0.12377008175425208,0.15471260219281513,1.2377008175425208,1.5471260219281513
remnant_pre_hepatectomy_no_HABR,118,700,1302,5.245200150580356,0.05688555965550442,0.15,4,70.08995502248875,0.0056242231331147625,0.0014060557832786906,0.12377008175425208,0.15471260219281513,1.2377008175425208,1.5471260219281513
remnant_pre_hepatectomy_no_HABR,119,1302,1172,9.765334798057143,0.05218858168130029,0.15,3,70.08995502248875,0.0028121115665573813,0.0007030278916393453,0.06188504087712604,0.07735630109640756,0.6188504087712604,0.7735630109640756
remnant_pre_hepatectomy_no_HABR,120,1172,1270,1.8012641938365013,0.04597272542545095,0.15,2,70.08995502248875,0.0014060557832786906,0.00035151394581967266,0.03094252043856302,0.03867815054820378,0.3094252043856302,0.3867815054820378
remnant_pre_hepatectomy_no_HABR,121,1270,701,0.2456269355231507,0.03648857635110302,0.15,1,70.08995502248875,0.0007030278916393453,0.00017575697290983633,0.01547126021928151,0.01933907527410189,0.1547126021928151,0.1933907527410189
remnant_pre_hepatectomy_no_HABR,122,1270,1271,3.537058960461442,0.03648857635110302,0.15,1,70.08995502248875,0.0007030278916393453,0.00017575697290983633,0.01547126021928151,0.01933907527410189,0.1547126021928151,0.1933907527410189
remnant_pre_hepatectomy_no_HABR,123,1172,1173,14.5324980235624,0.03556375912091829,0.15,1,70.08995502248875,0.0014060557832786906,0.00035151394581967266,0.03094252043856302,0.03867815054820378,0.3094252043856302,0.3867815054820378
remnant_pre_hepatectomy_no_HABR,124,1302,1303,3.976176683334428,0.0347427281755068,0.15,1,70.08995502248875,0.0028121115665573813,0.0007030278916393453,0.06188504087712604,0.07735630109640756,0.6188504087712604,0.7735630109640756
remnant_pre_hepatectomy_no_HABR,125,178,394,4.059053071444936,0.050227990965110436,0.15,3,70.08995502248875,0.011248446266229525,0.0028121115665573813,0.24754016350850416,0.30942520438563026,2.4754016350850416,3.0942520438563026
remnant_pre_hepatectomy_no_HABR,126,394,179,1.490433576770541,0.034227720207443316,0.15,1,70.08995502248875,0.0056242231331147625,0.0014060557832786906,0.12377008175425208,0.15471260219281513,1.2377008175425208,1.5471260219281513
remnant_pre_hepatectomy_no_HABR,127,394,1134,12.60529089243109,0.04424564843344716,0.15,2,70.08995502248875,0.0056242231331147625,0.0014060557832786906,0.12377008175425208,0.15471260219281513,1.2377008175425208,1.5471260219281513
remnant_pre_hepatectomy_no_HABR,128,1134,395,1.7189033035133348,0.035117794434134576,0.15,1,70.08995502248875,0.0028121115665573813,0.0007030278916393453,0.06188504087712604,0.07735630109640756,0.6188504087712604,0.7735630109640756
remnant_pre_hepatectomy_no_HABR,129,1134,1135,7.891887098696668,0.035117794434134576,0.15,1,70.08995502248875,0.0028121115665573813,0.0007030278916393453,0.06188504087712604,0.07735630109640756,0.6188504087712604,0.7735630109640756
remnant_pre_hepatectomy_no_HABR,130,520,521,9.647601576267727,0.03263227761969652,0.15,1,70.08995502248875,0.02249689253245905,0.0056242231331147625,0.4950803270170083,0.6188504087712605,4.950803270170083,6.188504087712605
remnant_pre_hepatectomy_no_HABR,131,870,871,10.225220878274738,0.031476239742102965,0.17581163623833548,1,70.08995502248875,0.0899875701298362,0.02249689253245905,1.2298909056164185,1.5373636320205233,12.298909056164185,15.373636320205232
remnant_pre_hepatectomy_no_HABR,132,128,1290,1.439879510542723,0.15540681443887203,0.3642976843878063,16,70.08995502248875,0.8005876930685999,0.20014692326714997,1.2298909056164185,1.5373636320205233,12.298909056164185,15.373636320205232
remnant_pre_hepatectomy_no_HABR,133,1290,758,6.621119381148017,0.15293168312949904,0.2919141690793994,15,70.08995502248875,0.4119127207105995,0.10297818017764987,1.2298909056164185,1.5373636320205233,12.298909056164185,15.373636320205232
remnant_pre_hepatectomy_no_HABR,134,758,214,1.0992271215942016,0.14704561359058696,0.2316924295405307,13,70.08995502248875,0.20595636035529974,0.051489090088824935,1.229890905616419,1.5373636320205235,12.298909056164188,15.373636320205236
remnant_pre_hepatectomy_no_HABR,135,214,129,1.2491217290843104,0.057395764125079705,0.1838944031928532,1,70.08995502248875,0.10297818017764987,0.025744545044412467,1.229890905616419,1.5373636320205237,12.298909056164188,15.373636320205238
remnant_pre_hepatectomy_no_HABR,136,214,506,5.3182866403672335,0.144071009720519,0.1838944031928532,12,70.08995502248875,0.10297818017764987,0.025744545044412467,1.229890905616419,1.5373636320205237,12.298909056164188,15.373636320205238
remnant_pre_hepatectomy_no_HABR,137,506,424,1.2414065309640754,0.1408736902416126,0.15,11,70.08995502248875,0.051489090088824935,0.012872272522206234,1.1331002947275626,1.4163753684094533,11.331002947275625,14.163753684094534
remnant_pre_hepatectomy_no_HABR,138,424,430,2.4621383223698463,0.10791505002447942,0.15,5,70.08995502248875,0.025744545044412467,0.006436136261103117,0.5665501473637813,0.7081876842047267,5.665501473637812,7.081876842047267
remnant_pre_hepatectomy_no_HABR,139,430,215,0.33574613486860494,0.06053225578228242,0.15,1,70.08995502248875,0.012872272522206234,0.0032180681305515584,0.28327507368189064,0.35409384210236333,2.832750736818906,3.5409384210236334
remnant_pre_hepatectomy_no_HABR,140,430,878,3.002561317073827,0.10115143317858197,0.15,4,70.08995502248875,0.012872272522206234,0.0032180681305515584,0.28327507368189064,0.35409384210236333,2.832750736818906,3.5409384210236334
remnant_pre_hepatectomy_no_HABR,141,878,1032,4.270191363779294,0.08028394571788604,0.15,2,70.08995502248875,0.006436136261103117,0.0016090340652757792,0.14163753684094532,0.17704692105118167,1.416375368409453,1.7704692105118167
remnant_pre_hepatectomy_no_HABR,142,1032,431,2.5328079934849335,0.06372140994436507,0.15,1,70.08995502248875,0.0032180681305515584,0.0008045170326378896,0.07081876842047266,0.08852346052559083,0.7081876842047266,0.8852346052559084
remnant_pre_hepatectomy_no_HABR,143,1032,1033,4.832405045751577,0.06372140994436507,0.15,1,70.08995502248875,0.0032180681305515584,0.0008045170326378896,0.07081876842047266,0.08852346052559083,0.7081876842047266,0.8852346052559084
remnant_pre_hepatectomy_no_HABR,144,878,914,2.791790310652463,0.08028394571788604,0.15,2,70.08995502248875,0.006436136261103117,0.0016090340652757792,0.14163753684094532,0.17704692105118167,1.416375368409453,1.7704692105118167
remnant_pre_hepatectomy_no_HABR,145,914,879,0.38069867872533114,0.06372140994436507,0.15,1,70.08995502248875,0.0032180681305515584,0.0008045170326378896,0.07081876842047266,0.08852346052559083,0.7081876842047266,0.8852346052559084
remnant_pre_hepatectomy_no_HABR,146,914,915,6.448804023011069,0.06372140994436507,0.15,1,70.08995502248875,0.0032180681305515584,0.0008045170326378896,0.07081876842047266,0.08852346052559083,0.7081876842047266,0.8852346052559084
remnant_pre_hepatectomy_no_HABR,147,424,606,11.253914696192055,0.11545384575909011,0.15,6,70.08995502248875,0.025744545044412467,0.006436136261103117,0.5665501473637813,0.7081876842047267,5.665501473637812,7.081876842047267
remnant_pre_hepatectomy_no_HABR,148,606,922,1.3504697635430476,0.07867569165289556,0.15,2,70.08995502248875,0.012872272522206234,0.0032180681305515584,0.28327507368189064,0.35409384210236333,2.832750736818906,3.5409384210236334
remnant_pre_hepatectomy_no_HABR,149,922,425,0.18415496775587006,0.06244493784706606,0.15,1,70.08995502248875,0.006436136261103117,0.0016090340652757792,0.14163753684094532,0.17704692105118167,1.416375368409453,1.7704692105118167
remnant_pre_hepatectomy_no_HABR,150,922,923,16.935455141711337,0.06244493784706606,0.15,1,70.08995502248875,0.006436136261103117,0.0016090340652757792,0.14163753684094532,0.17704692105118167,1.416375368409453,1.7704692105118167
remnant_pre_hepatectomy_no_HABR,151,606,830,5.863481905090408,0.10170285873656588,0.15,4,70.08995502248875,0.012872272522206234,0.0032180681305515584,0.28327507368189064,0.35409384210236333,2.832750736818906,3.5409384210236334
remnant_pre_hepatectomy_no_HABR,152,830,607,0.7995657143305097,0.06211479322968337,0.15,1,70.08995502248875,0.006436136261103117,0.0016090340652757792,0.14163753684094532,0.17704692105118167,1.416375368409453,1.7704692105118167
remnant_pre_hepatectomy_no_HABR,153,830,1042,4.500994026585348,0.09330536576484963,0.15,3,70.08995502248875,0.006436136261103117,0.0016090340652757792,0.14163753684094532,0.17704692105118167,1.416375368409453,1.7704692105118167
remnant_pre_hepatectomy_no_HABR,154,1042,1166,6.425909043553254,0.08219234596608468,0.15,2,70.08995502248875,0.0032180681305515584,0.0008045170326378896,0.07081876842047266,0.08852346052559083,0.7081876842047266,0.8852346052559084
remnant_pre_hepatectomy_no_HABR,155,1166,831,4.483727143817121,0.06523610822514853,0.15,1,70.08995502248875,0.0016090340652757792,0.0004022585163189448,0.03540938421023633,0.044261730262795417,0.3540938421023633,0.4426173026279542
remnant_pre_hepatectomy_no_HABR,156,1166,1167,3.485947837224506,0.06523610822514853,0.15,1,70.08995502248875,0.0016090340652757792,0.0004022585163189448,0.03540938421023633,0.044261730262795417,0.3540938421023633,0.4426173026279542
remnant_pre_hepatectomy_no_HABR,157,1042,1043,2.9731207973347775,0.06358267356285073,0.15,1,70.08995502248875,0.0032180681305515584,0.0008045170326378896,0.07081876842047266,0.08852346052559083,0.7081876842047266,0.8852346052559084
remnant_pre_hepatectomy_no_HABR,158,506,507,4.392582321571678,0.057960069393212216,0.15,1,70.08995502248875,0.051489090088824935,0.012872272522206234,1.1331002947275626,1.4163753684094533,11.331002947275625,14.163753684094534
remnant_pre_hepatectomy_no_HABR,159,758,832,8.62849987429083,0.07351450764468435,0.2316924295405307,2,70.08995502248875,0.20595636035529974,0.051489090088824935,1.229890905616419,1.5373636320205235,12.298909056164188,15.373636320205236
remnant_pre_hepatectomy_no_HABR,160,832,759,2.2749722666417993,0.05834850338504811,0.1838944031928532,1,70.08995502248875,0.10297818017764987,0.025744545044412467,1.229890905616419,1.5373636320205237,12.298909056164188,15.373636320205238
remnant_pre_hepatectomy_no_HABR,161,832,833,2.201789723540235,0.05834850338504811,0.1838944031928532,1,70.08995502248875,0.10297818017764987,0.025744545044412467,1.229890905616419,1.5373636320205237,12.298909056164188,15.373636320205238
remnant_pre_hepatectomy_no_HABR,162,1290,1291,4.695982235319774,0.056092928350085614,0.28631820735819646,1,70.08995502248875,0.38867497235800036,0.09716874308950009,1.2298909056164196,1.5373636320205242,12.298909056164195,15.373636320205241
remnant_pre_hepatectomy_no_HABR,163,236,237,7.946724948278862,0.08402301798020406,0.38835736519670416,1,70.08995502248875,0.969916428356996,0.242479107089249,1.2298909056164193,1.5373636320205242,12.298909056164193,15.373636320205241
remnant_pre_hepatectomy_no_HABR,164,130,936,2.469104871403501,0.11253157277409472,0.4418521539713626,2,70.08995502248875,1.4284682993450488,0.3571170748362622,1.2298909056164196,1.5373636320205244,12.298909056164195,15.373636320205243
remnant_pre_hepatectomy_no_HABR,165,936,131,10.007509774721253,0.08931636850061699,0.35069828701427797,1,70.08995502248875,0.7142341496725244,0.1785585374181311,1.229890905616419,1.5373636320205235,12.298909056164188,15.373636320205236
remnant_pre_hepatectomy_no_HABR,166,936,937,2.5405721718826313,0.08931636850061699,0.35069828701427797,1,70.08995502248875,0.7142341496725244,0.1785585374181311,1.229890905616419,1.5373636320205235,12.298909056164188,15.373636320205236
remnant_pre_hepatectomy_no_HABR,167,1170,1171,3.785560392432784,0.10230916070886467,0.4685304944941419,1,70.08995502248875,1.7031514345052243,0.4257878586263061,1.229890905616419,1.5373636320205235,12.298909056164188,15.373636320205236
remnant_pre_hepatectomy_no_HABR,168,432,433,4.371313409030369,0.13194134547824407,0.5083064066648015,1,70.08995502248875,2.174785497340103,0.5436963743350257,1.2298909056164193,1.5373636320205242,12.298909056164193,15.373636320205241
remnant_pre_hepatectomy_no_HABR,169,106,604,9.985871176758508,0.28228008881600386,0.94780695192123,9,70.08995502248875,14.09935829354736,3.52483957338684,1.229890905616419,1.5373636320205237,12.298909056164188,15.373636320205238
remnant_pre_hepatectomy_no_HABR,170,604,480,3.328153684280319,0.25293089641746086,0.8492616783056164,6,70.08995502248875,10.142949434574152,2.535737358643538,1.229890905616419,1.5373636320205235,12.298909056164188,15.373636320205236
remnant_pre_hepatectomy_no_HABR,171,480,107,1.8155488446871213,0.12481430539815826,0.48962851415969727,1,70.08995502248875,1.9437472068660981,0.48593680171652454,1.2298909056164191,1.5373636320205237,12.298909056164192,15.373636320205238
remnant_pre_hepatectomy_no_HABR,172,480,942,1.571347511383256,0.24236423409280408,0.7911229321620847,5,70.08995502248875,8.199202227708055,2.0498005569270137,1.2298909056164196,1.5373636320205244,12.298909056164195,15.373636320205243
remnant_pre_hepatectomy_no_HABR,173,942,1070,5.0192918648704365,0.2134977427618146,0.6968972170994435,4,70.08995502248875,5.6046160782451,1.401154019561275,1.2298909056164196,1.5373636320205244,12.298909056164195,15.373636320205243
remnant_pre_hepatectomy_no_HABR,174,1070,844,1.036297370892738,0.1694532707264703,0.5531276877686837,2,70.08995502248875,2.80230803912255,0.7005770097806375,1.229890905616419,1.5373636320205235,12.298909056164188,15.373636320205236
remnant_pre_hepatectomy_no_HABR,175,844,481,1.0400368291563242,0.13449515010532553,0.4390177367183732,1,70.08995502248875,1.401154019561275,0.35028850489031876,1.2298909056164185,1.5373636320205235,12.298909056164185,15.373636320205236
remnant_pre_hepatectomy_no_HABR,176,844,845,14.35835726515354,0.13449515010532553,0.4390177367183732,1,70.08995502248875,1.401154019561275,0.35028850489031876,1.2298909056164185,1.5373636320205235,12.298909056164185,15.373636320205236
remnant_pre_hepatectomy_no_HABR,177,1070,1186,6.759983899608892,0.1694532707264703,0.5531276877686837,2,70.08995502248875,2.80230803912255,0.7005770097806375,1.229890905616419,1.5373636320205235,12.298909056164188,15.373636320205236
remnant_pre_hepatectomy_no_HABR,178,1186,1071,0.9218159863102927,0.13449515010532553,0.4390177367183732,1,70.08995502248875,1.401154019561275,0.35028850489031876,1.2298909056164185,1.5373636320205235,12.298909056164185,15.373636320205236
remnant_pre_hepatectomy_no_HABR,179,1186,1187,12.619977953579498,0.13449515010532553,0.4390177367183732,1,70.08995502248875,1.401154019561275,0.35028850489031876,1.2298909056164185,1.5373636320205235,12.298909056164185,15.373636320205236
remnant_pre_hepatectomy_no_HABR,180,942,1010,5.548915205778856,0.1651584113444254,0.5391084503169807,1,70.08995502248875,2.5945861494629536,0.6486465373657384,1.229890905616419,1.5373636320205235,12.298909056164188,15.373636320205236
remnant_pre_hepatectomy_no_HABR,181,1010,943,0.8705161550932473,0.13108631795476877,0.5391084503169807,1,70.08995502248875,2.5945861494629536,0.6486465373657384,1.229890905616419,1.5373636320205235,12.298909056164188,15.373636320205236
remnant_pre_hepatectomy_no_HABR,182,604,1036,2.757166783321061,0.18480519908032628,0.6205172074807334,3,70.08995502248875,3.956408858973209,0.9891022147433023,1.2298909056164196,1.5373636320205246,12.298909056164195,15.373636320205247
remnant_pre_hepatectomy_no_HABR,183,1036,605,1.4563247589954096,0.12593497222288033,0.47157228597077067,1,70.08995502248875,1.7365388321360784,0.4341347080340196,1.229890905616419,1.5373636320205235,12.298909056164188,15.373636320205236
remnant_pre_hepatectomy_no_HABR,184,1036,1354,3.879592581776164,0.16279420518453835,0.5117949032111162,2,70.08995502248875,2.219870026837131,0.5549675067092827,1.2298909056164191,1.537363632020524,12.298909056164192,15.37363632020524
remnant_pre_hepatectomy_no_HABR,185,1354,1037,0.5290353520603828,0.12920984628213156,0.4062118838746444,1,70.08995502248875,1.1099350134185655,0.27748375335464137,1.229890905616419,1.5373636320205237,12.298909056164188,15.373636320205238
remnant_pre_hepatectomy_no_HABR,186,1354,1355,5.417279365258006,0.12920984628213156,0.4062118838746444,1,70.08995502248875,1.1099350134185655,0.27748375335464137,1.229890905616419,1.5373636320205237,12.298909056164188,15.373636320205238
remnant_pre_hepatectomy_no_HABR,187,10,990,5.1416638177765845,0.3544526609056725,1.1901395438215123,103,70.08995502248875,27.91472371031759,6.978680927579397,1.2298909056164185,1.5373636320205233,12.298909056164185,15.373636320205232
remnant_pre_hepatectomy_no_HABR,188,990,1140,2.854726821435188,0.3471024846591371,1.1901395438215123,103,70.08995502248875,27.91472371031759,6.978680927579397,1.2298909056164185,1.5373636320205233,12.298909056164185,15.373636320205232
remnant_pre_hepatectomy_no_HABR,189,1140,768,3.8202348613881916,0.3322538183214209,1.1901395438215123,103,70.08995502248875,27.91472371031759,6.978680927579397,1.2298909056164185,1.5373636320205233,12.298909056164185,15.373636320205232
remnant_pre_hepatectomy_no_HABR,190,768,188,3.9556258094352357,0.32536397267318445,1.1901395438215123,103,70.08995502248875,27.91472371031759,6.978680927579397,1.2298909056164185,1.5373636320205233,12.298909056164185,15.373636320205232
remnant_pre_hepatectomy_no_HABR,191,188,634,5.267323921403574,0.2858253238901886,1.1901395438215123,103,70.08995502248875,27.91472371031759,6.978680927579397,1.2298909056164185,1.5373636320205233,12.298909056164185,15.373636320205232
remnant_pre_hepatectomy_no_HABR,192,634,50,2.122438030918511,0.2735980277661551,1.1901395438215123,103,70.08995502248875,27.91472371031759,6.978680927579397,1.2298909056164185,1.5373636320205233,12.298909056164185,15.373636320205232
remnant_pre_hepatectomy_no_HABR,193,50,786,2.0435500874795056,0.2313504275202728,1.006364316731195,101,70.08995502248875,16.877393086677284,4.219348271669321,1.2298909056164191,1.537363632020524,12.298909056164192,15.37363632020524
remnant_pre_hepatectomy_no_HABR,194,786,294,2.0693701108834066,0.2265529845764382,1.006364316731195,101,70.08995502248875,16.877393086677284,4.219348271669321,1.2298909056164191,1.537363632020524,12.298909056164192,15.37363632020524
remnant_pre_hepatectomy_no_HABR,195,294,23,2.0340370592760215,0.20743546606633478,1.006364316731195,101,70.08995502248875,16.877393086677284,4.219348271669321,1.2298909056164191,1.537363632020524,12.298909056164192,15.37363632020524
remnant_pre_hepatectomy_no_HABR,196,23,646,5.12274635925388,0.14988796024664597,0.7275133448830999,2,70.08995502248875,6.376209378078425,1.5940523445196062,1.2298909056164185,1.5373636320205233,12.298909056164185,15.373636320205232
remnant_pre_hepatectomy_no_HABR,197,646,422,8.10382671869799,0.13789412930883144,0.7275133448830999,2,70.08995502248875,6.376209378078425,1.5940523445196062,1.2298909056164185,1.5373636320205233,12.298909056164185,15.373636320205232
remnant_pre_hepatectomy_no_HABR,198,422,148,1.8036236015388896,0.10406620207722482,0.7275133448830999,2,70.08995502248875,6.376209378078425,1.5940523445196062,1.2298909056164185,1.5373636320205233,12.298909056164185,15.373636320205232
remnant_pre_hepatectomy_no_HABR,199,148,586,7.611438082080255,0.0820837909651678,0.7275133448830999,2,70.08995502248875,6.376209378078425,1.5940523445196062,1.2298909056164185,1.5373636320205233,12.298909056164185,15.373636320205232
remnant_pre_hepatectomy_no_HABR,200,586,754,5.61196074206728,0.07230730290710116,0.7275133448830999,2,70.08995502248875,6.376209378078425,1.5940523445196062,1.2298909056164185,1.5373636320205233,12.298909056164185,15.373636320205232
remnant_pre_hepatectomy_no_HABR,201,754,587,0.7652673739182725,0.057390344349857826,0.5774277244941682,1,70.08995502248875,3.1881046890392124,0.7970261722598031,1.2298909056164182,1.5373636320205228,12.298909056164183,15.373636320205229
remnant_pre_hepatectomy_no_HABR,202,754,755,4.852670959960989,0.057390344349857826,0.5774277244941682,1,70.08995502248875,3.1881046890392124,0.7970261722598031,1.2298909056164182,1.5373636320205228,12.298909056164183,15.373636320205229
remnant_pre_hepatectomy_no_HABR,203,23,60,11.130635851273519,0.17713993780547396,0.8591444577682977,99,70.08995502248875,10.50118370859886,2.625295927149715,1.229890905616419,1.5373636320205235,12.298909056164188,15.373636320205236
remnant_pre_hepatectomy_no_HABR,204,60,404,4.0630118930824946,0.11990333738806837,0.8591444577682977,99,70.08995502248875,10.50118370859886,2.625295927149715,1.229890905616419,1.5373636320205235,12.298909056164188,15.373636320205236
remnant_pre_hepatectomy_no_HABR,205,404,356,3.6197494991767467,0.113717383885143,0.8591444577682977,99,70.08995502248875,10.50118370859886,2.625295927149715,1.229890905616419,1.5373636320205235,12.298909056164188,15.373636320205236
remnant_pre_hepatectomy_no_HABR,206,356,70,3.3008029806605794,0.10785057096307159,0.8591444577682977,99,70.08995502248875,10.50118370859886,2.625295927149715,1.229890905616419,1.5373636320205235,12.298909056164188,15.373636320205236
remnant_pre_hepatectomy_no_HABR,207,70,98,2.024419730579333,0.09705849513947241,0.681903408027022,98,70.08995502248875,5.25059185429943,1.3126479635748576,1.2298909056164193,1.537363632020524,12.298909056164193,15.37363632020524
remnant_pre_hepatectomy_no_HABR,208,98,25,4.3074654720522965,0.08734632922772889,0.5412270936213975,97,70.08995502248875,2.625295927149715,0.6563239817874288,1.2298909056164191,1.5373636320205237,12.298909056164192,15.373636320205238
remnant_pre_hepatectomy_no_HABR,209,25,340,7.038350842252119,0.06932689417236175,0.42957222888414887,5,70.08995502248875,1.3126479635748576,0.3281619908937144,1.229890905616419,1.5373636320205235,12.298909056164188,15.373636320205236
remnant_pre_hepatectomy_no_HABR,210,340,268,2.578953071147788,0.06229376647024544,0.340951704013511,4,70.08995502248875,0.6563239817874288,0.1640809954468572,1.2298909056164193,1.537363632020524,12.298909056164193,15.37363632020524
remnant_pre_hepatectomy_no_HABR,211,268,26,1.3114505336454432,0.047312030632888455,0.2706135468106988,1,70.08995502248875,0.3281619908937144,0.0820404977234286,1.2298909056164182,1.5373636320205226,12.298909056164183,15.373636320205225
remnant_pre_hepatectomy_no_HABR,212,268,400,3.2590250280394466,0.051403843105212045,0.2706135468106988,3,70.08995502248875,0.3281619908937144,0.0820404977234286,1.2298909056164182,1.5373636320205226,12.298909056164183,15.373636320205225
remnant_pre_hepatectomy_no_HABR,213,400,902,3.616313470088658,0.04528145216361807,0.21478611444207443,2,70.08995502248875,0.1640809954468572,0.0410202488617143,1.229890905616419,1.5373636320205235,12.298909056164188,15.373636320205236
remnant_pre_hepatectomy_no_HABR,214,902,269,8.703251965248576,0.03593991239958753,0.17047585200675552,1,70.08995502248875,0.0820404977234286,0.02051012443085715,1.229890905616419,1.5373636320205235,12.298909056164188,15.373636320205236
remnant_pre_hepatectomy_no_HABR,215,902,903,11.770177040099814,0.03593991239958753,0.17047585200675552,1,70.08995502248875,0.0820404977234286,0.02051012443085715,1.229890905616419,1.5373636320205235,12.298909056164188,15.373636320205236
remnant_pre_hepatectomy_no_HABR,216,400,401,5.053102658990654,0.03502900127171438,0.21478611444207443,1,70.08995502248875,0.1640809954468572,0.0410202488617143,1.229890905616419,1.5373636320205235,12.298909056164188,15.373636320205236
remnant_pre_hepatectomy_no_HABR,217,340,341,7.051161354985615,0.0450564546633613,0.340951704013511,1,70.08995502248875,0.6563239817874288,0.1640809954468572,1.2298909056164193,1.537363632020524,12.298909056164193,15.37363632020524
remnant_pre_hepatectomy_no_HABR,218,25,48,2.551798662974492,0.06932676072916737,0.42957222888414887,92,70.08995502248875,1.3126479635748576,0.3281619908937144,1.229890905616419,1.5373636320205235,12.298909056164188,15.373636320205236
remnant_pre_hepatectomy_no_HABR,219,48,174,4.022437335655274,0.020252717665327904,0.340951704013511,49,70.08995502248875,0.6563239817874288,0.1640809954468572,1.2298909056164193,1.537363632020524,12.298909056164193,15.37363632020524
remnant_pre_hepatectomy_no_HABR,220,174,158,6.106877181715335,0.018198094881588005,0.2706135468106988,48,70.08995502248875,0.3281619908937144,0.0820404977234286,1.2298909056164182,1.5373636320205226,12.298909056164183,15.373636320205225
remnant_pre_hepatectomy_no_HABR,221,158,80,1.859511110587297,0.01635191201456556,0.21478611444207443,47,70.08995502248875,0.1640809954468572,0.0410202488617143,1.229890905616419,1.5373636320205235,12.298909056164188,15.373636320205236
remnant_pre_hepatectomy_no_HABR,222,80,86,3.1219425551126205,0.012419241430405055,0.17047585200675552,45,70.08995502248875,0.0820404977234286,0.02051012443085715,1.229890905616419,1.5373636320205235,12.298909056164188,15.373636320205236
remnant_pre_hepatectomy_no_HABR,223,86,27,0.42571943933354306,0.0040160876548940285,0.15,1,70.08995502248875,0.0410202488617143,0.010255062215428575,0.9027165948130506,1.1283957435163132,9.027165948130506,11.283957435163131
remnant_pre_hepatectomy_no_HABR,224,86,150,12.473520654161218,0.012277642752957103,0.15,44,70.08995502248875,0.0410202488617143,0.010255062215428575,0.9027165948130506,1.1283957435163132,9.027165948130506,11.283957435163131
remnant_pre_hepatectomy_no_HABR,225,150,190,1.496822478499342,0.010365541597890101,0.15,24,70.08995502248875,0.02051012443085715,0.005127531107714287,0.4513582974065253,0.5641978717581566,4.513582974065253,5.641978717581566
remnant_pre_hepatectomy_no_HABR,226,190,87,0.20411215615900802,0.0029928194581839234,0.15,1,70.08995502248875,0.010255062215428575,0.0025637655538571437,0.22567914870326264,0.2820989358790783,2.2567914870326264,2.820989358790783
remnant_pre_hepatectomy_no_HABR,227,190,452,10.493797981914977,0.010281701113247072,0.15,23,70.08995502248875,0.010255062215428575,0.0025637655538571437,0.22567914870326264,0.2820989358790783,2.2567914870326264,2.820989358790783
remnant_pre_hepatectomy_no_HABR,228,452,204,1.43097245207932,0.009852163775873253,0.15,19,70.08995502248875,0.005127531107714287,0.0012818827769285719,0.11283957435163132,0.14104946793953915,1.1283957435163132,1.4104946793953914
remnant_pre_hepatectomy_no_HABR,229,204,338,1.43097245207932,0.006713728713392837,0.15,8,70.08995502248875,0.0025637655538571437,0.0006409413884642859,0.05641978717581566,0.07052473396976958,0.5641978717581566,0.7052473396976957
remnant_pre_hepatectomy_no_HABR,230,338,191,0.19513260710171826,0.0031491674862181105,0.15,1,70.08995502248875,0.0012818827769285719,0.00032047069423214296,0.02820989358790783,0.03526236698488479,0.2820989358790783,0.35262366984884785
remnant_pre_hepatectomy_no_HABR,231,338,900,7.674569778137889,0.006474332998276655,0.15,7,70.08995502248875,0.0012818827769285719,0.00032047069423214296,0.02820989358790783,0.03526236698488479,0.2820989358790783,0.35262366984884785
remnant_pre_hepatectomy_no_HABR,232,900,612,3.5149939449824945,0.006203855600935453,0.15,6,70.08995502248875,0.0006409413884642859,0.00016023534711607148,0.014104946793953915,0.017631183492442394,0.14104946793953915,0.17631183492442393
remnant_pre_hepatectomy_no_HABR,233,612,1208,3.36333285033094,0.004924003453591874,0.15,3,70.08995502248875,0.00032047069423214296,8.011767355803574e-05,0.0070524733969769575,0.008815591746221197,0.07052473396976958,0.08815591746221196
remnant_pre_hepatectomy_no_HABR,234,1208,339,0.4586362977724161,0.0033554480135806627,0.15,1,70.08995502248875,0.00016023534711607148,4.005883677901787e-05,0.0035262366984884787,0.0044077958731105985,0.03526236698488479,0.04407795873110598
remnant_pre_hepatectomy_no_HABR,235,1208,1318,9.05262795378888,0.00433753613287142,0.15,2,70.08995502248875,0.00016023534711607148,4.005883677901787e-05,0.0035262366984884787,0.0044077958731105985,0.03526236698488479,0.04407795873110598
remnant_pre_hepatectomy_no_HABR,236,1318,1209,4.262770392792918,0.0034427047101350853,0.15,1,70.08995502248875,8.011767355803574e-05,2.0029418389508935e-05,0.0017631183492442394,0.0022038979365552993,0.017631183492442394,0.02203897936555299
remnant_pre_hepatectomy_no_HABR,237,1318,1319,4.863252996423788,0.0034427047101350853,0.15,1,70.08995502248875,8.011767355803574e-05,2.0029418389508935e-05,0.0017631183492442394,0.0022038979365552993,0.017631183492442394,0.02203897936555299
remnant_pre_hepatectomy_no_HABR,238,612,656,3.982485144360906,0.004924003453591874,0.15,3,70.08995502248875,0.00032047069423214296,8.011767355803574e-05,0.0070524733969769575,0.008815591746221197,0.07052473396976958,0.08815591746221196
remnant_pre_hepatectomy_no_HABR,239,656,613,0.5430661560492126,0.0033554480135806627,0.15,1,70.08995502248875,0.00016023534711607148,4.005883677901787e-05,0.0035262366984884787,0.0044077958731105985,0.03526236698488479,0.04407795873110598
remnant_pre_hepatectomy_no_HABR,240,656,1182,7.689170407343751,0.00433753613287142,0.15,2,70.08995502248875,0.00016023534711607148,4.005883677901787e-05,0.0035262366984884787,0.0044077958731105985,0.03526236698488479,0.04407795873110598
remnant_pre_hepatectomy_no_HABR,241,1182,657,1.661826867964343,0.0034427047101350853,0.15,1,70.08995502248875,8.011767355803574e-05,2.0029418389508935e-05,0.0017631183492442394,0.0022038979365552993,0.017631183492442394,0.02203897936555299
remnant_pre_hepatectomy_no_HABR,242,1182,1183,2.5738136827174407,0.0034427047101350853,0.15,1,70.08995502248875,8.011767355803574e-05,2.0029418389508935e-05,0.0017631183492442394,0.0022038979365552993,0.017631183492442394,0.02203897936555299
remnant_pre_hepatectomy_no_HABR,243,900,901,2.2655357171662334,0.003194901799432718,0.15,1,70.08995502248875,0.0006409413884642859,0.00016023534711607148,0.014104946793953915,0.017631183492442394,0.14104946793953915,0.17631183492442393
remnant_pre_hepatectomy_no_HABR,244,204,782,5.00783131571016,0.008678734035745695,0.15,11,70.08995502248875,0.0025637655538571437,0.0006409413884642859,0.05641978717581566,0.07052473396976958,0.5641978717581566,0.7052473396976957
remnant_pre_hepatectomy_no_HABR,245,782,384,8.332358671874509,0.008540509683003142,0.15,10,70.08995502248875,0.0012818827769285719,0.00032047069423214296,0.02820989358790783,0.03526236698488479,0.2820989358790783,0.35262366984884785
remnant_pre_hepatectomy_no_HABR,246,384,504,1.6008227985101668,0.008005229987062613,0.15,9,70.08995502248875,0.0006409413884642859,0.00016023534711607148,0.014104946793953915,0.017631183492442394,0.14104946793953915,0.17631183492442393
remnant_pre_hepatectomy_no_HABR,247,504,952,0.19209873582121986,0.004889176288450563,0.15,2,70.08995502248875,0.00032047069423214296,8.011767355803574e-05,0.0070524733969769575,0.008815591746221197,0.07052473396976958,0.08815591746221196
remnant_pre_hepatectomy_no_HABR,248,952,205,0.026195282157438538,0.0033317151419055197,0.15,1,70.08995502248875,0.00016023534711607148,4.005883677901787e-05,0.0035262366984884787,0.0044077958731105985,0.03526236698488479,0.04407795873110598
remnant_pre_hepatectomy_no_HABR,249,952,1352,5.371604421713605,0.004306857014014238,0.15,1,70.08995502248875,0.00016023534711607148,4.005883677901787e-05,0.0035262366984884787,0.0044077958731105985,0.03526236698488479,0.04407795873110598
remnant_pre_hepatectomy_no_HABR,250,1352,953,0.7324915120518588,0.0034183546773614115,0.15,1,70.08995502248875,0.00016023534711607148,4.005883677901787e-05,0.0035262366984884787,0.0044077958731105985,0.03526236698488479,0.04407795873110598
remnant_pre_hepatectomy_no_HABR,251,504,948,11.836911805062847,0.0073442469686063085,0.15,7,70.08995502248875,0.00032047069423214296,8.011767355803574e-05,0.0070524733969769575,0.008815591746221197,0.07052473396976958,0.08815591746221196
remnant_pre_hepatectomy_no_HABR,252,948,508,2.1644778788396946,0.007116285738218745,0.15,6,70.08995502248875,0.00016023534711607148,4.005883677901787e-05,0.0035262366984884787,0.0044077958731105985,0.03526236698488479,0.04407795873110598
remnant_pre_hepatectomy_no_HABR,253,508,638,6.4332431928155485,0.006528701866793793,0.15,6,70.08995502248875,0.00016023534711607148,4.005883677901787e-05,0.0035262366984884787,0.0044077958731105985,0.03526236698488479,0.04407795873110598
remnant_pre_hepatectomy_no_HABR,254,638,864,5.459735467684835,0.006200673309141878,0.15,5,70.08995502248875,8.011767355803574e-05,2.0029418389508935e-05,0.0017631183492442394,0.0022038979365552993,0.017631183492442394,0.02203897936555299
remnant_pre_hepatectomy_no_HABR,255,864,509,0.744509381957019,0.003478113040638962,0.15,1,70.08995502248875,4.005883677901787e-05,1.0014709194754468e-05,0.0008815591746221197,0.0011019489682776496,0.008815591746221197,0.011019489682776495
remnant_pre_hepatectomy_no_HABR,256,864,1024,6.0579736043569685,0.005812043748759844,0.15,4,70.08995502248875,4.005883677901787e-05,1.0014709194754468e-05,0.0008815591746221197,0.0011019489682776496,0.008815591746221197,0.011019489682776495
remnant_pre_hepatectomy_no_HABR,257,1024,1162,1.4682033903712157,0.004613022180433289,0.15,2,70.08995502248875,2.0029418389508935e-05,5.007354597377234e-06,0.00044077958731105984,0.0005509744841388248,0.0044077958731105985,0.005509744841388248
remnant_pre_hepatectomy_no_HABR,258,1162,865,9.536516735338173,0.003661358130986221,0.15,1,70.08995502248875,1.0014709194754468e-05,2.503677298688617e-06,0.00022038979365552992,0.0002754872420694124,0.0022038979365552993,0.002754872420694124
remnant_pre_hepatectomy_no_HABR,259,1162,1163,5.249546607420599,0.003661358130986221,0.15,1,70.08995502248875,1.0014709194754468e-05,2.503677298688617e-06,0.00022038979365552992,0.0002754872420694124,0.0022038979365552993,0.002754872420694124
remnant_pre_hepatectomy_no_HABR,260,1024,1334,3.68305047667224,0.004613022180433289,0.15,2,70.08995502248875,2.0029418389508935e-05,5.007354597377234e-06,0.00044077958731105984,0.0005509744841388248,0.0044077958731105985,0.005509744841388248
remnant_pre_hepatectomy_no_HABR,261,1334,1025,1.9271745254863557,0.003661358130986221,0.15,1,70.08995502248875,1.0014709194754468e-05,2.503677298688617e-06,0.00022038979365552992,0.0002754872420694124,0.0022038979365552993,0.002754872420694124
remnant_pre_hepatectomy_no_HABR,262,1334,1335,9.900908734552127,0.003661358130986221,0.15,1,70.08995502248875,1.0014709194754468e-05,2.503677298688617e-06,0.00022038979365552992,0.0002754872420694124,0.0022038979365552993,0.002754872420694124
remnant_pre_hepatectomy_no_HABR,263,638,639,2.026446077206355,0.0034163398841783343,0.15,1,70.08995502248875,8.011767355803574e-05,2.0029418389508935e-05,0.0017631183492442394,0.0022038979365552993,0.017631183492442394,0.02203897936555299
remnant_pre_hepatectomy_no_HABR,264,948,949,5.511172484191064,0.003294394505213715,0.15,1,70.08995502248875,0.00016023534711607148,4.005883677901787e-05,0.0035262366984884787,0.0044077958731105985,0.03526236698488479,0.04407795873110598
remnant_pre_hepatectomy_no_HABR,265,384,810,6.5444788395527125,0.004790585896270586,0.15,1,70.08995502248875,0.0006409413884642859,0.00016023534711607148,0.014104946793953915,0.017631183492442394,0.14104946793953915,0.17631183492442393
remnant_pre_hepatectomy_no_HABR,266,810,385,0.8924289326662882,0.0032645310022686707,0.15,1,70.08995502248875,0.0006409413884642859,0.00016023534711607148,0.014104946793953915,0.017631183492442394,0.14104946793953915,0.17631183492442393
remnant_pre_hepatectomy_no_HABR,267,782,783,6.742501550505515,0.0031325241958937234,0.15,1,70.08995502248875,0.0012818827769285719,0.00032047069423214296,0.02820989358790783,0.03526236698488479,0.2820989358790783,0.35262366984884785
remnant_pre_hepatectomy_no_HABR,268,452,466,3.060985099035323,0.005073731208556346,0.15,4,70.08995502248875,0.005127531107714287,0.0012818827769285719,0.11283957435163132,0.14104946793953915,1.1283957435163132,1.4104946793953914
remnant_pre_hepatectomy_no_HABR,269,466,453,0.41740705895935726,0.003098769973996412,0.15,1,70.08995502248875,0.0025637655538571437,0.0006409413884642859,0.05641978717581566,0.07052473396976958,0.5641978717581566,0.7052473396976957
remnant_pre_hepatectomy_no_HABR,270,466,840,13.61225927327911,0.004654798813798493,0.15,3,70.08995502248875,0.0025637655538571437,0.0006409413884642859,0.05641978717581566,0.07052473396976958,0.5641978717581566,0.7052473396976957
remnant_pre_hepatectomy_no_HABR,271,840,467,1.856217173628967,0.003171999284847039,0.15,1,70.08995502248875,0.0012818827769285719,0.00032047069423214296,0.02820989358790783,0.03526236698488479,0.2820989358790783,0.35262366984884785
remnant_pre_hepatectomy_no_HABR,272,840,1058,7.945816344641721,0.004100394777621426,0.15,2,70.08995502248875,0.0012818827769285719,0.00032047069423214296,0.02820989358790783,0.03526236698488479,0.2820989358790783,0.35262366984884785
remnant_pre_hepatectomy_no_HABR,273,1058,841,8.578202290104185,0.003254485491740583,0.15,1,70.08995502248875,0.0006409413884642859,0.00016023534711607148,0.014104946793953915,0.017631183492442394,0.14104946793953915,0.17631183492442393
remnant_pre_hepatectomy_no_HABR,274,1058,1059,7.26476240502348,0.003254485491740583,0.15,1,70.08995502248875,0.0006409413884642859,0.00016023534711607148,0.014104946793953915,0.017631183492442394,0.14104946793953915,0.17631183492442393
remnant_pre_hepatectomy_no_HABR,275,150,334,4.496241792047691,0.009032876491850274,0.15,20,70.08995502248875,0.02051012443085715,0.005127531107714287,0.4513582974065253,0.5641978717581566,4.513582974065253,5.641978717581566
remnant_pre_hepatectomy_no_HABR,276,334,266,1.5706708153300604,0.005516809090036133,0.15,5,70.08995502248875,0.010255062215428575,0.0025637655538571437,0.22567914870326264,0.2820989358790783,2.2567914870326264,2.820989358790783
remnant_pre_hepatectomy_no_HABR,277,266,151,1.081494310210618,0.0030945164633138385,0.15,1,70.08995502248875,0.005127531107714287,0.0012818827769285719,0.11283957435163132,0.14104946793953915,1.1283957435163132,1.4104946793953914
remnant_pre_hepatectomy_no_HABR,278,266,970,2.8204521922109285,0.005171040979948575,0.15,4,70.08995502248875,0.005127531107714287,0.0012818827769285719,0.11283957435163132,0.14104946793953915,1.1283957435163132,1.4104946793953914
remnant_pre_hepatectomy_no_HABR,279,970,288,7.355847699414615,0.004744073824599948,0.15,3,70.08995502248875,0.0025637655538571437,0.0006409413884642859,0.05641978717581566,0.07052473396976958,0.5641978717581566,0.7052473396976957
remnant_pre_hepatectomy_no_HABR,280,288,267,2.9944080432757767,0.0032328354845937352,0.15,1,70.08995502248875,0.0012818827769285719,0.00032047069423214296,0.02820989358790783,0.03526236698488479,0.2820989358790783,0.35262366984884785
remnant_pre_hepatectomy_no_HABR,281,288,1266,2.2917967438452496,0.004179036799050417,0.15,2,70.08995502248875,0.0012818827769285719,0.00032047069423214296,0.02820989358790783,0.03526236698488479,0.2820989358790783,0.35262366984884785
remnant_pre_hepatectomy_no_HABR,282,1266,289,0.31251773779707415,0.0033169037055132255,0.15,1,70.08995502248875,0.0006409413884642859,0.00016023534711607148,0.014104946793953915,0.017631183492442394,0.14104946793953915,0.17631183492442393
remnant_pre_hepatectomy_no_HABR,283,1266,1267,7.137088760532408,0.0033169037055132255,0.15,1,70.08995502248875,0.0006409413884642859,0.00016023534711607148,0.014104946793953915,0.017631183492442394,0.14104946793953915,0.17631183492442393
remnant_pre_hepatectomy_no_HABR,284,970,971,7.081200306331241,0.0031582016989680018,0.15,1,70.08995502248875,0.0025637655538571437,0.0006409413884642859,0.05641978717581566,0.07052473396976958,0.5641978717581566,0.7052473396976957
remnant_pre_hepatectomy_no_HABR,285,334,476,7.18070538358536,0.008287041833935969,0.15,15,70.08995502248875,0.010255062215428575,0.0025637655538571437,0.22567914870326264,0.2820989358790783,2.2567914870326264,2.820989358790783
remnant_pre_hepatectomy_no_HABR,286,476,335,0.9791870977616522,0.003064740622220056,0.15,1,70.08995502248875,0.005127531107714287,0.0012818827769285719,0.11283957435163132,0.14104946793953915,1.1283957435163132,1.4104946793953914
remnant_pre_hepatectomy_no_HABR,287,476,572,3.6889216990029174,0.00814489687394385,0.15,14,70.08995502248875,0.005127531107714287,0.0012818827769285719,0.11283957435163132,0.14104946793953915,1.1283957435163132,1.4104946793953914
remnant_pre_hepatectomy_no_HABR,288,572,1324,0.5704911258974829,0.0040192782307743105,0.15,2,70.08995502248875,0.0025637655538571437,0.0006409413884642859,0.05641978717581566,0.07052473396976958,0.5641978717581566,0.7052473396976957
remnant_pre_hepatectomy_no_HABR,289,1324,477,4.18360158991481,0.003190103245842013,0.15,1,70.08995502248875,0.0012818827769285719,0.00032047069423214296,0.02820989358790783,0.03526236698488479,0.2820989358790783,0.35262366984884785
remnant_pre_hepatectomy_no_HABR,290,1324,1325,3.1166983219006763,0.003190103245842013,0.15,1,70.08995502248875,0.0012818827769285719,0.00032047069423214296,0.02820989358790783,0.03526236698488479,0.2820989358790783,0.35262366984884785
remnant_pre_hepatectomy_no_HABR,291,572,1076,6.420168364822608,0.007804628539172805,0.15,12,70.08995502248875,0.0025637655538571437,0.0006409413884642859,0.05641978717581566,0.07052473396976958,0.5641978717581566,0.7052473396976957
remnant_pre_hepatectomy_no_HABR,292,1076,578,1.7950942048501894,0.0074124922316879775,0.15,10,70.08995502248875,0.0012818827769285719,0.00032047069423214296,0.02820989358790783,0.03526236698488479,0.2820989358790783,0.35262366984884785
remnant_pre_hepatectomy_no_HABR,293,578,812,6.787322943850456,0.007209117402963489,0.15,9,70.08995502248875,0.0006409413884642859,0.00016023534711607148,0.014104946793953915,0.017631183492442394,0.14104946793953915,0.17631183492442393
remnant_pre_hepatectomy_no_HABR,294,812,968,0.8500739729901653,0.004912632352399767,0.15,3,70.08995502248875,0.00032047069423214296,8.011767355803574e-05,0.0070524733969769575,0.008815591746221197,0.07052473396976958,0.08815591746221196
remnant_pre_hepatectomy_no_HABR,295,968,573,0.11591917813502833,0.003347699209326789,0.15,1,70.08995502248875,0.00016023534711607148,4.005883677901787e-05,0.0035262366984884787,0.0044077958731105985,0.03526236698488479,0.04407795873110598
remnant_pre_hepatectomy_no_HABR,296,968,1314,8.705801739441236,0.00432751937257542,0.15,2,70.08995502248875,0.00016023534711607148,4.005883677901787e-05,0.0035262366984884787,0.0044077958731105985,0.03526236698488479,0.04407795873110598
remnant_pre_hepatectomy_no_HABR,297,1314,969,1.1871547826510827,0.0034347544022194933,0.15,1,70.08995502248875,8.011767355803574e-05,2.0029418389508935e-05,0.0017631183492442394,0.0022038979365552993,0.017631183492442394,0.02203897936555299
remnant_pre_hepatectomy_no_HABR,298,1314,1315,11.580209447942686,0.0034347544022194933,0.15,1,70.08995502248875,8.011767355803574e-05,2.0029418389508935e-05,0.0017631183492442394,0.0022038979365552993,0.017631183492442394,0.02203897936555299
remnant_pre_hepatectomy_no_HABR,299,812,898,7.309540040097259,0.006350484421097667,0.15,6,70.08995502248875,0.00032047069423214296,8.011767355803574e-05,0.0070524733969769575,0.008815591746221197,0.07052473396976958,0.08815591746221196
remnant_pre_hepatectomy_no_HABR,300,898,984,5.347428993741025,0.00504038282527905,0.15,3,70.08995502248875,0.00016023534711607148,4.005883677901787e-05,0.0035262366984884787,0.0044077958731105985,0.03526236698488479,0.04407795873110598
remnant_pre_hepatectomy_no_HABR,301,984,813,0.7291948627828609,0.003434754402219493,0.15,1,70.08995502248875,8.011767355803574e-05,2.0029418389508935e-05,0.0017631183492442394,0.0022038979365552993,0.017631183492442394,0.02203897936555299
remnant_pre_hepatectomy_no_HABR,302,984,1104,10.71674052311858,0.004440054283918971,0.15,2,70.08995502248875,8.011767355803574e-05,2.0029418389508935e-05,0.0017631183492442394,0.0022038979365552993,0.017631183492442394,0.02203897936555299
remnant_pre_hepatectomy_no_HABR,303,1104,985,6.522021735295191,0.0035240734205444443,0.15,1,70.08995502248875,4.005883677901787e-05,1.0014709194754468e-05,0.0008815591746221197,0.0011019489682776496,0.008815591746221197,0.011019489682776495
remnant_pre_hepatectomy_no_HABR,304,1104,1105,13.719857215748307,0.0035240734205444443,0.15,1,70.08995502248875,4.005883677901787e-05,1.0014709194754468e-05,0.0008815591746221197,0.0011019489682776496,0.008815591746221197,0.011019489682776495
remnant_pre_hepatectomy_no_HABR,305,898,1002,9.379853654366023,0.00504038282527905,0.15,3,70.08995502248875,0.00016023534711607148,4.005883677901787e-05,0.0035262366984884787,0.0044077958731105985,0.03526236698488479,0.04407795873110598
remnant_pre_hepatectomy_no_HABR,306,1002,899,1.2790709528681066,0.003434754402219493,0.15,1,70.08995502248875,8.011767355803574e-05,2.0029418389508935e-05,0.0017631183492442394,0.0022038979365552993,0.017631183492442394,0.02203897936555299
remnant_pre_hepatectomy_no_HABR,307,1002,1216,5.8176354391509335,0.004440054283918971,0.15,2,70.08995502248875,8.011767355803574e-05,2.0029418389508935e-05,0.0017631183492442394,0.0022038979365552993,0.017631183492442394,0.02203897936555299
remnant_pre_hepatectomy_no_HABR,308,1216,1003,3.861247458048621,0.0035240734205444443,0.15,1,70.08995502248875,4.005883677901787e-05,1.0014709194754468e-05,0.0008815591746221197,0.0011019489682776496,0.008815591746221197,0.011019489682776495
remnant_pre_hepatectomy_no_HABR,309,1216,1217,3.6555060659818555,0.0035240734205444443,0.15,1,70.08995502248875,4.005883677901787e-05,1.0014709194754468e-05,0.0008815591746221197,0.0011019489682776496,0.008815591746221197,0.011019489682776495
remnant_pre_hepatectomy_no_HABR,310,578,579,10.303612968702565,0.0031949123386315753,0.15,1,70.08995502248875,0.0006409413884642859,0.00016023534711607148,0.014104946793953915,0.017631183492442394,0.14104946793953915,0.17631183492442393
remnant_pre_hepatectomy_no_HABR,311,1076,1234,4.104228542796233,0.00408400694404303,0.15,2,70.08995502248875,0.0012818827769285719,0.00032047069423214296,0.02820989358790783,0.03526236698488479,0.2820989358790783,0.35262366984884785
remnant_pre_hepatectomy_no_HABR,312,1234,1077,0.5596675285631267,0.0032414784596096697,0.15,1,70.08995502248875,0.0006409413884642859,0.00016023534711607148,0.014104946793953915,0.017631183492442394,0.14104946793953915,0.17631183492442393
remnant_pre_hepatectomy_no_HABR,313,1234,1235,4.8976981728080435,0.0032414784596096697,0.15,1,70.08995502248875,0.0006409413884642859,0.00016023534711607148,0.014104946793953915,0.017631183492442394,0.14104946793953915,0.17631183492442393
remnant_pre_hepatectomy_no_HABR,314,80,428,5.158750896738535,0.013493353767500296,0.17047585200675552,2,70.08995502248875,0.0820404977234286,0.02051012443085715,1.229890905616419,1.5373636320205235,12.298909056164188,15.373636320205236
remnant_pre_hepatectomy_no_HABR,315,428,81,0.7034660313734232,0.00919500717707107,0.15,1,70.08995502248875,0.0410202488617143,0.010255062215428575,0.9027165948130506,1.1283957435163132,9.027165948130506,11.283957435163131
remnant_pre_hepatectomy_no_HABR,316,428,1230,9.994129968698928,0.011886244612085992,0.15,1,70.08995502248875,0.0410202488617143,0.010255062215428575,0.9027165948130506,1.1283957435163132,9.027165948130506,11.283957435163131
remnant_pre_hepatectomy_no_HABR,317,1230,429,1.3628359048225775,0.009434118600588326,0.15,1,70.08995502248875,0.0410202488617143,0.010255062215428575,0.9027165948130506,1.1283957435163132,9.027165948130506,11.283957435163131
remnant_pre_hepatectomy_no_HABR,318,158,159,2.230311605594733,0.011827196238678186,0.21478611444207443,1,70.08995502248875,0.1640809954468572,0.0410202488617143,1.229890905616419,1.5373636320205235,12.298909056164188,15.373636320205236
remnant_pre_hepatectomy_no_HABR,319,174,175,6.5040499723590255,0.013162524305592328,0.2706135468106988,1,70.08995502248875,0.3281619908937144,0.0820404977234286,1.2298909056164182,1.5373636320205226,12.298909056164183,15.373636320205225
remnant_pre_hepatectomy_no_HABR,320,48,64,14.868295913554997,0.06874576686187168,0.340951704013511,43,70.08995502248875,0.6563239817874288,0.1640809954468572,1.2298909056164193,1.537363632020524,12.298909056164193,15.37363632020524
remnant_pre_hepatectomy_no_HABR,321,64,112,0.27215114276039554,0.06443709975079107,0.340951704013511,43,70.08995502248875,0.6563239817874288,0.1640809954468572,1.2298909056164193,1.537363632020524,12.298909056164193,15.37363632020524
remnant_pre_hepatectomy_no_HABR,322,112,96,1.5120443668661954,0.04721798712475286,0.2706135468106988,21,70.08995502248875,0.3281619908937144,0.0820404977234286,1.2298909056164182,1.5373636320205226,12.298909056164183,15.373636320205225
remnant_pre_hepatectomy_no_HABR,323,96,49,0.24329938767635534,0.01538673419856308,0.21478611444207443,1,70.08995502248875,0.1640809954468572,0.0410202488617143,1.229890905616419,1.5373636320205235,12.298909056164188,15.373636320205236
remnant_pre_hepatectomy_no_HABR,324,96,186,7.208576250051813,0.04666694947945348,0.21478611444207443,20,70.08995502248875,0.1640809954468572,0.0410202488617143,1.229890905616419,1.5373636320205235,12.298909056164188,15.373636320205236
remnant_pre_hepatectomy_no_HABR,325,186,97,0.9829876704616125,0.015488359562561371,0.17047585200675552,1,70.08995502248875,0.0820404977234286,0.02051012443085715,1.229890905616419,1.5373636320205235,12.298909056164188,15.373636320205236
remnant_pre_hepatectomy_no_HABR,326,186,194,5.195502391788293,0.046091184267211205,0.17047585200675552,19,70.08995502248875,0.0820404977234286,0.02051012443085715,1.229890905616419,1.5373636320205235,12.298909056164188,15.373636320205236
remnant_pre_hepatectomy_no_HABR,327,194,238,0.6234602870145923,0.04097267525196819,0.15,13,70.08995502248875,0.0410202488617143,0.010255062215428575,0.9027165948130506,1.1283957435163132,9.027165948130506,11.283957435163131
remnant_pre_hepatectomy_no_HABR,328,238,187,0.08501731186563359,0.01599271101607343,0.15,1,70.08995502248875,0.02051012443085715,0.005127531107714287,0.4513582974065253,0.5641978717581566,4.513582974065253,5.641978717581566
remnant_pre_hepatectomy_no_HABR,329,238,308,3.404782084315907,0.04014383394622968,0.15,12,70.08995502248875,0.02051012443085715,0.005127531107714287,0.4513582974065253,0.5641978717581566,4.513582974065253,5.641978717581566
remnant_pre_hepatectomy_no_HABR,330,308,560,8.330117217721602,0.03371488147174008,0.15,7,70.08995502248875,0.010255062215428575,0.0025637655538571437,0.22567914870326264,0.2820989358790783,2.2567914870326264,2.820989358790783
remnant_pre_hepatectomy_no_HABR,331,560,239,1.1359250751438679,0.016637348667483596,0.15,1,70.08995502248875,0.005127531107714287,0.0012818827769285719,0.11283957435163132,0.14104946793953915,1.1283957435163132,1.4104946793953914
remnant_pre_hepatectomy_no_HABR,332,560,666,2.3668963124713787,0.032306379098666176,0.15,6,70.08995502248875,0.005127531107714287,0.0012818827769285719,0.11283957435163132,0.14104946793953915,1.1283957435163132,1.4104946793953914
remnant_pre_hepatectomy_no_HABR,333,666,690,9.60642449873968,0.03068317510575728,0.15,5,70.08995502248875,0.0025637655538571437,0.0006409413884642859,0.05641978717581566,0.07052473396976958,0.5641978717581566,0.7052473396976957
remnant_pre_hepatectomy_no_HABR,334,690,836,1.1527709398487667,0.022402956711389626,0.15,2,70.08995502248875,0.0012818827769285719,0.00032047069423214296,0.02820989358790783,0.03526236698488479,0.2820989358790783,0.35262366984884785
remnant_pre_hepatectomy_no_HABR,335,836,561,0.1571960372521053,0.01778123852542897,0.15,1,70.08995502248875,0.0006409413884642859,0.00016023534711607148,0.014104946793953915,0.017631183492442394,0.14104946793953915,0.17631183492442393
remnant_pre_hepatectomy_no_HABR,336,836,837,13.674421335108146,0.01778123852542897,0.15,1,70.08995502248875,0.0006409413884642859,0.00016023534711607148,0.014104946793953915,0.017631183492442394,0.14104946793953915,0.17631183492442393
remnant_pre_hepatectomy_no_HABR,337,690,1108,6.386082438670896,0.02603300636398889,0.15,3,70.08995502248875,0.0012818827769285719,0.00032047069423214296,0.02820989358790783,0.03526236698488479,0.2820989358790783,0.35262366984884785
remnant_pre_hepatectomy_no_HABR,338,1108,691,0.8708294234551176,0.017740117429824096,0.15,1,70.08995502248875,0.0006409413884642859,0.00016023534711607148,0.014104946793953915,0.017631183492442394,0.14104946793953915,0.17631183492442393
remnant_pre_hepatectomy_no_HABR,339,1108,1244,11.859735855640961,0.022932377447603777,0.15,2,70.08995502248875,0.0006409413884642859,0.00016023534711607148,0.014104946793953915,0.017631183492442394,0.14104946793953915,0.17631183492442393
remnant_pre_hepatectomy_no_HABR,340,1244,1109,1.6172367075873986,0.018201440042229032,0.15,1,70.08995502248875,0.00032047069423214296,8.011767355803574e-05,0.0070524733969769575,0.008815591746221197,0.07052473396976958,0.08815591746221196
remnant_pre_hepatectomy_no_HABR,341,1244,1245,15.754534702569305,0.018201440042229032,0.15,1,70.08995502248875,0.00032047069423214296,8.011767355803574e-05,0.0070524733969769575,0.008815591746221197,0.07052473396976958,0.08815591746221196
remnant_pre_hepatectomy_no_HABR,342,666,667,3.8156318700811673,0.016905285871532744,0.15,1,70.08995502248875,0.0025637655538571437,0.0006409413884642859,0.05641978717581566,0.07052473396976958,0.5641978717581566,0.7052473396976957
remnant_pre_hepatectomy_no_HABR,343,308,408,5.908889914199312,0.029764606303449646,0.15,5,70.08995502248875,0.010255062215428575,0.0025637655538571437,0.22567914870326264,0.2820989358790783,2.2567914870326264,2.820989358790783
remnant_pre_hepatectomy_no_HABR,344,408,309,0.8057577155726355,0.01669571354144439,0.15,1,70.08995502248875,0.005127531107714287,0.0012818827769285719,0.11283957435163132,0.14104946793953915,1.1283957435163132,1.4104946793953914
remnant_pre_hepatectomy_no_HABR,345,408,996,6.10736553385497,0.027899098271346148,0.15,4,70.08995502248875,0.005127531107714287,0.0012818827769285719,0.11283957435163132,0.14104946793953915,1.1283957435163132,1.4104946793953914
remnant_pre_hepatectomy_no_HABR,346,996,482,1.5738764538279542,0.025595500471232224,0.15,3,70.08995502248875,0.0025637655538571437,0.0006409413884642859,0.05641978717581566,0.07052473396976958,0.5641978717581566,0.7052473396976957
remnant_pre_hepatectomy_no_HABR,347,482,552,0.9217490385219393,0.022546980151265186,0.15,2,70.08995502248875,0.0012818827769285719,0.00032047069423214296,0.02820989358790783,0.03526236698488479,0.2820989358790783,0.35262366984884785
remnant_pre_hepatectomy_no_HABR,348,552,409,0.1256930507075486,0.01789555000541224,0.15,1,70.08995502248875,0.0006409413884642859,0.00016023534711607148,0.014104946793953915,0.017631183492442394,0.14104946793953915,0.17631183492442393
remnant_pre_hepatectomy_no_HABR,349,552,553,7.648746693279435,0.01789555000541224,0.15,1,70.08995502248875,0.0006409413884642859,0.00016023534711607148,0.014104946793953915,0.017631183492442394,0.14104946793953915,0.17631183492442393
remnant_pre_hepatectomy_no_HABR,350,482,483,6.399711996467381,0.017441980295555982,0.15,1,70.08995502248875,0.0012818827769285719,0.00032047069423214296,0.02820989358790783,0.03526236698488479,0.2820989358790783,0.35262366984884785
remnant_pre_hepatectomy_no_HABR,351,996,997,7.265006172182619,0.01703931179464698,0.15,1,70.08995502248875,0.0025637655538571437,0.0006409413884642859,0.05641978717581566,0.07052473396976958,0.5641978717581566,0.7052473396976957
remnant_pre_hepatectomy_no_HABR,352,194,528,10.947024710309616,0.030769956080418354,0.15,6,70.08995502248875,0.0410202488617143,0.010255062215428575,0.9027165948130506,1.1283957435163132,9.027165948130506,11.283957435163131
remnant_pre_hepatectomy_no_HABR,353,528,224,1.4927760968604065,0.027105138646546435,0.15,4,70.08995502248875,0.02051012443085715,0.005127531107714287,0.4513582974065253,0.5641978717581566,4.513582974065253,5.641978717581566
remnant_pre_hepatectomy_no_HABR,354,224,1220,1.492776096860419,0.02151336280063586,0.15,2,70.08995502248875,0.010255062215428575,0.0025637655538571437,0.22567914870326264,0.2820989358790783,2.2567914870326264,2.820989358790783
remnant_pre_hepatectomy_no_HABR,355,1220,195,0.2035603768445953,0.017075167370551453,0.15,1,70.08995502248875,0.005127531107714287,0.0012818827769285719,0.11283957435163132,0.14104946793953915,1.1283957435163132,1.4104946793953914
remnant_pre_hepatectomy_no_HABR,356,1220,1221,3.2070463255797406,0.017075167370551453,0.15,1,70.08995502248875,0.005127531107714287,0.0012818827769285719,0.11283957435163132,0.14104946793953915,1.1283957435163132,1.4104946793953914
remnant_pre_hepatectomy_no_HABR,357,224,500,8.751938206887687,0.02151336280063586,0.15,2,70.08995502248875,0.010255062215428575,0.0025637655538571437,0.22567914870326264,0.2820989358790783,2.2567914870326264,2.820989358790783
remnant_pre_hepatectomy_no_HABR,358,500,225,1.1934461191210584,0.017075167370551453,0.15,1,70.08995502248875,0.005127531107714287,0.0012818827769285719,0.11283957435163132,0.14104946793953915,1.1283957435163132,1.4104946793953914
remnant_pre_hepatectomy_no_HABR,359,500,501,8.850285625193484,0.017075167370551453,0.15,1,70.08995502248875,0.005127531107714287,0.0012818827769285719,0.11283957435163132,0.14104946793953915,1.1283957435163132,1.4104946793953914
remnant_pre_hepatectomy_no_HABR,360,528,876,3.426222793029094,0.020968098211362796,0.15,2,70.08995502248875,0.02051012443085715,0.005127531107714287,0.4513582974065253,0.5641978717581566,4.513582974065253,5.641978717581566
remnant_pre_hepatectomy_no_HABR,361,876,529,0.46721219904941963,0.016642390579244916,0.15,1,70.08995502248875,0.010255062215428575,0.0025637655538571437,0.22567914870326264,0.2820989358790783,2.2567914870326264,2.820989358790783
remnant_pre_hepatectomy_no_HABR,362,876,877,3.6631942233129693,0.016642390579244916,0.15,1,70.08995502248875,0.010255062215428575,0.0025637655538571437,0.22567914870326264,0.2820989358790783,2.2567914870326264,2.820989358790783
remnant_pre_hepatectomy_no_HABR,363,112,114,8.774033580391146,0.05454473076716304,0.2706135468106988,22,70.08995502248875,0.3281619908937144,0.0820404977234286,1.2298909056164182,1.5373636320205226,12.298909056164183,15.373636320205225
remnant_pre_hepatectomy_no_HABR,364,114,1016,0.1435750949518486,0.019924289286603652,0.21478611444207443,2,70.08995502248875,0.1640809954468572,0.0410202488617143,1.229890905616419,1.5373636320205235,12.298909056164188,15.373636320205236
remnant_pre_hepatectomy_no_HABR,365,1016,113,1.0528840296469513,0.015813918886636687,0.17047585200675552,1,70.08995502248875,0.0820404977234286,0.02051012443085715,1.229890905616419,1.5373636320205235,12.298909056164188,15.373636320205236
remnant_pre_hepatectomy_no_HABR,366,1016,1017,6.178782287852983,0.015813918886636687,0.17047585200675552,1,70.08995502248875,0.0820404977234286,0.02051012443085715,1.229890905616419,1.5373636320205235,12.298909056164188,15.373636320205236
remnant_pre_hepatectomy_no_HABR,367,114,632,8.33839575982777,0.05364375074237933,0.21478611444207443,20,70.08995502248875,0.1640809954468572,0.0410202488617143,1.229890905616419,1.5373636320205235,12.298909056164188,15.373636320205236
remnant_pre_hepatectomy_no_HABR,368,632,1188,5.15651321595114,0.0494041676730536,0.17047585200675552,13,70.08995502248875,0.0820404977234286,0.02051012443085715,1.229890905616419,1.5373636320205235,12.298909056164188,15.373636320205236
remnant_pre_hepatectomy_no_HABR,369,1188,118,1.6929799500476308,0.04885737222913959,0.15,12,70.08995502248875,0.0410202488617143,0.010255062215428575,0.9027165948130506,1.1283957435163132,9.027165948130506,11.283957435163131
remnant_pre_hepatectomy_no_HABR,370,118,115,2.0710757626127183,0.01592095398187652,0.15,1,70.08995502248875,0.02051012443085715,0.005127531107714287,0.4513582974065253,0.5641978717581566,4.513582974065253,5.641978717581566
remnant_pre_hepatectomy_no_HABR,371,118,256,6.626045843964712,0.04828720282997546,0.15,11,70.08995502248875,0.02051012443085715,0.005127531107714287,0.4513582974065253,0.5641978717581566,4.513582974065253,5.641978717581566
remnant_pre_hepatectomy_no_HABR,372,256,119,2.570069013729768,0.016026107728131483,0.15,1,70.08995502248875,0.010255062215428575,0.0025637655538571437,0.22567914870326264,0.2820989358790783,2.2567914870326264,2.820989358790783
remnant_pre_hepatectomy_no_HABR,373,256,260,4.138583527045098,0.047691447335002995,0.15,10,70.08995502248875,0.010255062215428575,0.0025637655538571437,0.22567914870326264,0.2820989358790783,2.2567914870326264,2.820989358790783
remnant_pre_hepatectomy_no_HABR,374,260,257,0.564352299142502,0.016136372176017415,0.15,1,70.08995502248875,0.005127531107714287,0.0012818827769285719,0.11283957435163132,0.14104946793953915,1.1283957435163132,1.4104946793953914
remnant_pre_hepatectomy_no_HABR,375,260,416,6.860137849414981,0.04706755564315004,0.15,9,70.08995502248875,0.005127531107714287,0.0012818827769285719,0.11283957435163132,0.14104946793953915,1.1283957435163132,1.4104946793953914
remnant_pre_hepatectomy_no_HABR,376,416,348,3.43569547542389,0.04019873998646222,0.15,2,70.08995502248875,0.0025637655538571437,0.0006409413884642859,0.05641978717581566,0.07052473396976958,0.5641978717581566,0.7052473396976957
remnant_pre_hepatectomy_no_HABR,377,348,474,1.831654355586394,0.028312332805731234,0.15,1,70.08995502248875,0.0012818827769285719,0.00032047069423214296,0.02820989358790783,0.03526236698488479,0.2820989358790783,0.35262366984884785
remnant_pre_hepatectomy_no_HABR,378,474,696,0.2197985226703692,0.02247151343974577,0.15,1,70.08995502248875,0.0012818827769285719,0.00032047069423214296,0.02820989358790783,0.03526236698488479,0.2820989358790783,0.35262366984884785
remnant_pre_hepatectomy_no_HABR,379,696,697,9.847554180431079,0.01783565203678499,0.15,1,70.08995502248875,0.0012818827769285719,0.00032047069423214296,0.02820989358790783,0.03526236698488479,0.2820989358790783,0.35262366984884785
remnant_pre_hepatectomy_no_HABR,380,348,380,12.073917280523663,0.03483290912915534,0.15,1,70.08995502248875,0.0012818827769285719,0.00032047069423214296,0.02820989358790783,0.03526236698488479,0.2820989358790783,0.35262366984884785
remnant_pre_hepatectomy_no_HABR,381,380,738,3.4840190388569865,0.033377699054915354,0.15,1,70.08995502248875,0.0012818827769285719,0.00032047069423214296,0.02820989358790783,0.03526236698488479,0.2820989358790783,0.35262366984884785
remnant_pre_hepatectomy_no_HABR,382,738,602,3.6520280381327153,0.0317006675864681,0.15,1,70.08995502248875,0.0012818827769285719,0.00032047069423214296,0.02820989358790783,0.03526236698488479,0.2820989358790783,0.35262366984884785
remnant_pre_hepatectomy_no_HABR,383,602,1090,0.856325649238796,0.026896293430413946,0.15,1,70.08995502248875,0.0012818827769285719,0.00032047069423214296,0.02820989358790783,0.03526236698488479,0.2820989358790783,0.35262366984884785
remnant_pre_hepatectomy_no_HABR,384,1090,1146,10.273128439497052,0.023692843779309487,0.15,1,70.08995502248875,0.0012818827769285719,0.00032047069423214296,0.02820989358790783,0.03526236698488479,0.2820989358790783,0.35262366984884785
remnant_pre_hepatectomy_no_HABR,385,1146,1147,9.712520996041256,0.01880502256969705,0.15,1,70.08995502248875,0.0012818827769285719,0.00032047069423214296,0.02820989358790783,0.03526236698488479,0.2820989358790783,0.35262366984884785
remnant_pre_hepatectomy_no_HABR,386,416,478,12.499160806216729,0.03400248988446265,0.15,7,70.08995502248875,0.0025637655538571437,0.0006409413884642859,0.05641978717581566,0.07052473396976958,0.5641978717581566,0.7052473396976957
remnant_pre_hepatectomy_no_HABR,387,478,918,1.499899296745991,0.02547941791542588,0.15,3,70.08995502248875,0.0012818827769285719,0.00032047069423214296,0.02820989358790783,0.03526236698488479,0.2820989358790783,0.35262366984884785
remnant_pre_hepatectomy_no_HABR,388,918,417,0.20453172228355918,0.017362876171246804,0.15,1,70.08995502248875,0.0006409413884642859,0.00016023534711607148,0.014104946793953915,0.017631183492442394,0.14104946793953915,0.17631183492442393
remnant_pre_hepatectomy_no_HABR,389,918,1258,5.084290838637149,0.022444723464211325,0.15,2,70.08995502248875,0.0006409413884642859,0.00016023534711607148,0.014104946793953915,0.017631183492442394,0.14104946793953915,0.17631183492442393
remnant_pre_hepatectomy_no_HABR,390,1258,919,0.6933123870868674,0.017814388819112202,0.15,1,70.08995502248875,0.00032047069423214296,8.011767355803574e-05,0.0070524733969769575,0.008815591746221197,0.07052473396976958,0.08815591746221196
remnant_pre_hepatectomy_no_HABR,391,1258,1259,4.656798381403097,0.017814388819112202,0.15,1,70.08995502248875,0.00032047069423214296,8.011767355803574e-05,0.0070524733969769575,0.008815591746221197,0.07052473396976958,0.08815591746221196
remnant_pre_hepatectomy_no_HABR,392,478,518,5.464004306428213,0.028344128507430236,0.15,4,70.08995502248875,0.0012818827769285719,0.00032047069423214296,0.02820989358790783,0.03526236698488479,0.2820989358790783,0.35262366984884785
remnant_pre_hepatectomy_no_HABR,393,518,479,6.3386991732359075,0.017311113014777106,0.15,1,70.08995502248875,0.0006409413884642859,0.00016023534711607148,0.014104946793953915,0.017631183492442394,0.14104946793953915,0.17631183492442393
remnant_pre_hepatectomy_no_HABR,394,518,590,4.133609605480767,0.026003785051135722,0.15,3,70.08995502248875,0.0006409413884642859,0.00016023534711607148,0.014104946793953915,0.017631183492442394,0.14104946793953915,0.17631183492442393
remnant_pre_hepatectomy_no_HABR,395,590,519,0.5636740371110145,0.01772020465009283,0.15,1,70.08995502248875,0.00032047069423214296,8.011767355803574e-05,0.0070524733969769575,0.008815591746221197,0.07052473396976958,0.08815591746221196
remnant_pre_hepatectomy_no_HABR,396,590,616,12.068854795671507,0.02290663650295475,0.15,2,70.08995502248875,0.00032047069423214296,8.011767355803574e-05,0.0070524733969769575,0.008815591746221197,0.07052473396976958,0.08815591746221196
remnant_pre_hepatectomy_no_HABR,397,616,591,1.6457529266824777,0.018181009440921766,0.15,1,70.08995502248875,0.00016023534711607148,4.005883677901787e-05,0.0035262366984884787,0.0044077958731105985,0.03526236698488479,0.04407795873110598
remnant_pre_hepatectomy_no_HABR,398,616,617,9.930117275967092,0.018181009440921766,0.15,1,70.08995502248875,0.00016023534711607148,4.005883677901787e-05,0.0035262366984884787,0.0044077958731105985,0.03526236698488479,0.04407795873110598
remnant_pre_hepatectomy_no_HABR,399,1188,1189,2.22520112694264,0.0158204653924026,0.15,1,70.08995502248875,0.0410202488617143,0.010255062215428575,0.9027165948130506,1.1283957435163132,9.027165948130506,11.283957435163131
remnant_pre_hepatectomy_no_HABR,400,632,1238,3.5961019028583845,0.03232728824363703,0.17047585200675552,7,70.08995502248875,0.0820404977234286,0.02051012443085715,1.229890905616419,1.5373636320205235,12.298909056164188,15.373636320205236
remnant_pre_hepatectomy_no_HABR,401,1238,770,4.006726604051755,0.030976755178753708,0.15,6,70.08995502248875,0.0410202488617143,0.010255062215428575,0.9027165948130506,1.1283957435163132,9.027165948130506,11.283957435163131
remnant_pre_hepatectomy_no_HABR,402,770,1150,3.4796813727399565,0.027287307194909353,0.15,4,70.08995502248875,0.02051012443085715,0.005127531107714287,0.4513582974065253,0.5641978717581566,4.513582974065253,5.641978717581566
remnant_pre_hepatectomy_no_HABR,403,1150,994,1.6110401342003255,0.02503422430979742,0.15,3,70.08995502248875,0.010255062215428575,0.0025637655538571437,0.22567914870326264,0.2820989358790783,2.2567914870326264,2.820989358790783
remnant_pre_hepatectomy_no_HABR,404,994,633,0.694189296400961,0.017059500267118395,0.15,1,70.08995502248875,0.005127531107714287,0.0012818827769285719,0.11283957435163132,0.14104946793953915,1.1283957435163132,1.4104946793953914
remnant_pre_hepatectomy_no_HABR,405,994,1124,6.450654752911891,0.022052554090502188,0.15,2,70.08995502248875,0.005127531107714287,0.0012818827769285719,0.11283957435163132,0.14104946793953915,1.1283957435163132,1.4104946793953914
remnant_pre_hepatectomy_no_HABR,406,1124,995,0.8796347390334385,0.0175031237809244,0.15,1,70.08995502248875,0.0025637655538571437,0.0006409413884642859,0.05641978717581566,0.07052473396976958,0.5641978717581566,0.7052473396976957
remnant_pre_hepatectomy_no_HABR,407,1124,1125,5.064402413274495,0.0175031237809244,0.15,1,70.08995502248875,0.0025637655538571437,0.0006409413884642859,0.05641978717581566,0.07052473396976958,0.5641978717581566,0.7052473396976957
remnant_pre_hepatectomy_no_HABR,408,1150,1151,2.485163191775519,0.01666566176469975,0.15,1,70.08995502248875,0.010255062215428575,0.0025637655538571437,0.22567914870326264,0.2820989358790783,2.2567914870326264,2.820989358790783
remnant_pre_hepatectomy_no_HABR,409,770,1054,9.419802118691647,0.02110902086307488,0.15,2,70.08995502248875,0.02051012443085715,0.005127531107714287,0.4513582974065253,0.5641978717581566,4.513582974065253,5.641978717581566
remnant_pre_hepatectomy_no_HABR,410,1054,771,1.2845184707306767,0.016754240962031874,0.15,1,70.08995502248875,0.010255062215428575,0.0025637655538571437,0.22567914870326264,0.2820989358790783,2.2567914870326264,2.820989358790783
remnant_pre_hepatectomy_no_HABR,411,1054,1055,6.513469328577063,0.016754240962031874,0.15,1,70.08995502248875,0.010255062215428575,0.0025637655538571437,0.22567914870326264,0.2820989358790783,2.2567914870326264,2.820989358790783
remnant_pre_hepatectomy_no_HABR,412,1238,1239,0.6947488515069442,0.01595261031644,0.15,1,70.08995502248875,0.0410202488617143,0.010255062215428575,0.9027165948130506,1.1283957435163132,9.027165948130506,11.283957435163131
remnant_pre_hepatectomy_no_HABR,413,98,1268,6.796371056678022,0.06282142202043892,0.5412270936213975,1,70.08995502248875,2.625295927149715,0.6563239817874288,1.2298909056164191,1.5373636320205237,12.298909056164192,15.373636320205238
remnant_pre_hepatectomy_no_HABR,414,1268,99,2.055825916934233,0.04986139570069149,0.5412270936213975,1,70.08995502248875,2.625295927149715,0.6563239817874288,1.2298909056164191,1.5373636320205237,12.298909056164192,15.373636320205238
remnant_pre_hepatectomy_no_HABR,415,70,1214,5.168050738552285,0.06980662768241272,0.681903408027022,1,70.08995502248875,5.25059185429943,1.3126479635748576,1.2298909056164193,1.537363632020524,12.298909056164193,15.37363632020524
remnant_pre_hepatectomy_no_HABR,416,1214,1215,8.691834774699679,0.055405557108707204,0.681903408027022,1,70.08995502248875,5.25059185429943,1.3126479635748576,1.2298909056164193,1.537363632020524,12.298909056164193,15.37363632020524
remnant_pre_hepatectomy_no_HABR,417,50,126,7.406397863103988,0.20081209571565142,0.873523899057987,2,70.08995502248875,11.037330623640301,2.7593326559100753,1.229890905616419,1.5373636320205235,12.298909056164188,15.373636320205236
remnant_pre_hepatectomy_no_HABR,418,126,526,8.018819061702773,0.19365161049051435,0.873523899057987,2,70.08995502248875,11.037330623640301,2.7593326559100753,1.229890905616419,1.5373636320205235,12.298909056164188,15.373636320205236
remnant_pre_hepatectomy_no_HABR,419,526,778,11.392913286322578,0.16142600592088097,0.873523899057987,2,70.08995502248875,11.037330623640301,2.7593326559100753,1.229890905616419,1.5373636320205235,12.298909056164188,15.373636320205236
remnant_pre_hepatectomy_no_HABR,420,778,964,5.029871652134148,0.1480972384996615,0.873523899057987,2,70.08995502248875,11.037330623640301,2.7593326559100753,1.229890905616419,1.5373636320205235,12.298909056164188,15.373636320205236
remnant_pre_hepatectomy_no_HABR,421,964,1038,7.67333612424204,0.1304583006947666,0.873523899057987,2,70.08995502248875,11.037330623640301,2.7593326559100753,1.229890905616419,1.5373636320205235,12.298909056164188,15.373636320205236
remnant_pre_hepatectomy_no_HABR,422,1038,965,4.457611625245277,0.10354482188042813,0.6933163781420059,1,70.08995502248875,5.5186653118201505,1.3796663279550376,1.229890905616419,1.5373636320205235,12.298909056164188,15.373636320205236
remnant_pre_hepatectomy_no_HABR,423,1038,1039,10.929302832166899,0.10354482188042813,0.6933163781420059,1,70.08995502248875,5.5186653118201505,1.3796663279550376,1.229890905616419,1.5373636320205235,12.298909056164188,15.373636320205236
remnant_pre_hepatectomy_no_HABR,424,68,434,6.649662584645009,0.26150259914544904,0.7390278121202744,3,70.08995502248875,6.683778139926851,1.6709445349817127,1.2298909056164191,1.5373636320205237,12.298909056164192,15.373636320205238
remnant_pre_hepatectomy_no_HABR,425,434,69,2.6946744870778008,0.17820019525142786,0.5036083803619062,1,70.08995502248875,2.1150396960979725,0.5287599240244931,1.2298909056164191,1.537363632020524,12.298909056164192,15.37363632020524
remnant_pre_hepatectomy_no_HABR,426,434,722,8.638951682112022,0.23035665659530838,0.6510068216808956,2,70.08995502248875,4.568738443828877,1.1421846109572193,1.2298909056164191,1.537363632020524,12.298909056164192,15.37363632020524
remnant_pre_hepatectomy_no_HABR,427,722,435,1.2713326575406743,0.18283419950363494,0.5167044567873639,1,70.08995502248875,2.2843692219144387,0.5710923054786097,1.2298909056164191,1.5373636320205237,12.298909056164192,15.373636320205238
remnant_pre_hepatectomy_no_HABR,428,722,723,5.006686243651926,0.18283419950363494,0.5167044567873639,1,70.08995502248875,2.2843692219144387,0.5710923054786097,1.2298909056164191,1.5373636320205237,12.298909056164192,15.373636320205238
remnant_post_hepatectomy_no_HABR,0,0,1,14.879061388551216,1.6176033385480426,1.6176033385480426,187,70.08995502248875,70.08995502248875,17.522488755622188,1.2298909056164193,1.5373636320205242,12.298909056164193,15.373636320205241
remnant_post_hepatectomy_no_HABR,1,1,2,12.744757483720921,1.4185149712131324,1.6176033385480426,187,70.08995502248875,70.08995502248875,17.522488755622188,1.2298909056164193,1.5373636320205242,12.298909056164193,15.373636320205241
remnant_post_hepatectomy_no_HABR,2,2,3,12.629562157356032,1.2443124118612137,1.6176033385480426,187,70.08995502248875,70.08995502248875,17.522488755622188,1.2298909056164193,1.5373636320205242,12.298909056164193,15.373636320205241
remnant_post_hepatectomy_no_HABR,3,3,4,0.159881441258806,1.119879219943347,1.6176033385480426,187,70.08995502248875,70.08995502248875,17.522488755622188,1.2298909056164193,1.5373636320205242,12.298909056164193,15.373636320205241
remnant_post_hepatectomy_no_HABR,4,4,5,4.516570406967119,1.119879219943347,1.6176033385480426,187,70.08995502248875,70.08995502248875,17.522488755622188,1.2298909056164193,1.5373636320205242,12.298909056164193,15.373636320205241
remnant_post_hepatectomy_no_HABR,5,5,6,0.1615385257231706,0.9083450705494114,1.6176033385480426,187,70.08995502248875,70.08995502248875,17.522488755622188,1.2298909056164193,1.5373636320205242,12.298909056164193,15.373636320205241
remnant_post_hepatectomy_no_HABR,6,6,7,12.096337243613128,0.7406745840950653,1.6176033385480426,187,70.08995502248875,70.08995502248875,17.522488755622188,1.2298909056164193,1.5373636320205242,12.298909056164193,15.373636320205241
remnant_post_hepatectomy_no_HABR,7,7,160,0.8632794259246684,0.725861092413164,1.6176033385480426,187,70.08995502248875,70.08995502248875,17.522488755622188,1.2298909056164193,1.5373636320205242,12.298909056164193,15.373636320205241
remnant_post_hepatectomy_no_HABR,8,160,8,6.330715790114281,0.7166307230618508,1.6176033385480426,187,70.08995502248875,70.08995502248875,17.522488755622188,1.2298909056164193,1.5373636320205242,12.298909056164193,15.373636320205241
remnant_post_hepatectomy_no_HABR,9,8,276,3.043112179342615,0.7092577864515041,1.6176033385480426,187,70.08995502248875,70.08995502248875,17.522488755622188,1.2298909056164193,1.5373636320205242,12.298909056164193,15.373636320205241
remnant_post_hepatectomy_no_HABR,10,276,342,5.932028860331278,0.6569273083524391,1.6176033385480426,187,70.08995502248875,70.08995502248875,17.522488755622188,1.2298909056164193,1.5373636320205242,12.298909056164193,15.373636320205241
remnant_post_hepatectomy_no_HABR,11,342,9,1.4039110269684425,0.632634416321947,1.6176033385480426,187,70.08995502248875,70.08995502248875,17.522488755622188,1.2298909056164193,1.5373636320205242,12.298909056164193,15.373636320205241
remnant_post_hepatectomy_no_HABR,12,9,68,8.930141145969223,0.5723837052939299,1.6176033385480426,187,70.08995502248875,70.08995502248875,17.522488755622188,1.2298909056164193,1.5373636320205242,12.298909056164193,15.373636320205241
remnant_post_hepatectomy_no_HABR,13,68,82,3.220879984479059,0.553578469431686,1.5644581982660912,184,70.08995502248875,63.4061768825619,15.851544220640475,1.2298909056164191,1.5373636320205237,12.298909056164192,15.373636320205238
remnant_post_hepatectomy_no_HABR,14,82,10,0.46621347915529465,0.465933910128335,1.5644581982660912,184,70.08995502248875,63.4061768825619,15.851544220640475,1.2298909056164191,1.5373636320205237,12.298909056164192,15.373636320205238
remnant_post_hepatectomy_no_HABR,15,10,106,5.664179974150869,0.38399159959006757,1.2893219252458492,81,70.08995502248875,35.49145317224431,8.872863293061078,1.229890905616419,1.5373636320205235,12.298909056164188,15.373636320205236
remnant_post_hepatectomy_no_HABR,16,106,11,0.7723881782933019,0.3243631941423702,1.0891086638275285,72,70.08995502248875,21.39209487869695,5.348023719674237,1.2298909056164193,1.5373636320205242,12.298909056164193,15.373636320205241
remnant_post_hepatectomy_no_HABR,17,11,432,3.502198328660833,0.31787593025952277,1.0891086638275285,72,70.08995502248875,21.39209487869695,5.348023719674237,1.2298909056164193,1.5373636320205242,12.298909056164193,15.373636320205241
remnant_post_hepatectomy_no_HABR,18,432,12,5.611358224310183,0.3101106231105473,1.050874776679366,71,70.08995502248875,19.21730938135684,4.80432734533921,1.2298909056164185,1.5373636320205233,12.298909056164185,15.373636320205232
remnant_post_hepatectomy_no_HABR,19,12,13,3.609122712248635,0.2609333156950017,0.8842271738670572,14,70.08995502248875,11.44804294143533,2.8620107353588327,1.2298909056164193,1.5373636320205242,12.298909056164193,15.373636320205241
remnant_post_hepatectomy_no_HABR,20,13,14,6.181451559077022,0.25571464938110167,0.8842271738670572,14,70.08995502248875,11.44804294143533,2.8620107353588327,1.2298909056164193,1.5373636320205242,12.298909056164193,15.373636320205241
remnant_post_hepatectomy_no_HABR,21,14,56,5.005975968200014,0.2506003563934796,0.8842271738670572,14,70.08995502248875,11.44804294143533,2.8620107353588327,1.2298909056164193,1.5373636320205242,12.298909056164193,15.373636320205241
remnant_post_hepatectomy_no_HABR,22,56,192,5.330587657631198,0.16993137010235973,0.5995918653086004,7,70.08995502248875,3.5694957886988585,0.8923739471747146,1.2298909056164193,1.537363632020524,12.298909056164193,15.37363632020524
remnant_post_hepatectomy_no_HABR,23,192,258,7.406806623268444,0.15907720170950437,0.48945104769173897,6,70.08995502248875,1.9416344320031267,0.48540860800078167,1.229890905616418,1.5373636320205226,12.298909056164181,15.373636320205225
remnant_post_hepatectomy_no_HABR,24,258,426,0.3500787179498308,0.12580443581320366,0.3884775539964019,2,70.08995502248875,0.9708172160015633,0.24270430400039084,1.229890905616419,1.5373636320205237,12.298909056164188,15.373636320205238
remnant_post_hepatectomy_no_HABR,25,426,15,0.6599403670413233,0.11776882396553744,0.30833483893996066,1,70.08995502248875,0.48540860800078167,0.12135215200019542,1.229890905616419,1.5373636320205237,12.298909056164188,15.373636320205238
remnant_post_hepatectomy_no_HABR,26,426,427,4.183069780780877,0.07098484747368712,0.30833483893996066,1,70.08995502248875,0.48540860800078167,0.12135215200019542,1.229890905616419,1.5373636320205237,12.298909056164188,15.373636320205238
remnant_post_hepatectomy_no_HABR,27,258,1020,11.336423318335687,0.12671162241738348,0.3884775539964019,4,70.08995502248875,0.9708172160015633,0.24270430400039084,1.229890905616419,1.5373636320205237,12.298909056164188,15.373636320205238
remnant_post_hepatectomy_no_HABR,28,1020,588,2.2554424050479605,0.11624918338761239,0.30833483893996066,3,70.08995502248875,0.48540860800078167,0.12135215200019542,1.229890905616419,1.5373636320205237,12.298909056164188,15.373636320205238
remnant_post_hepatectomy_no_HABR,29,588,259,1.853436235006848,0.07921767219594417,0.24472552384586949,1,70.08995502248875,0.24270430400039084,0.06067607600009771,1.229890905616418,1.5373636320205226,12.298909056164181,15.373636320205225
remnant_post_hepatectomy_no_HABR,30,588,658,12.615630269361239,0.10240346866384593,0.24472552384586949,2,70.08995502248875,0.24270430400039084,0.06067607600009771,1.229890905616418,1.5373636320205226,12.298909056164181,15.373636320205225
remnant_post_hepatectomy_no_HABR,31,658,589,1.7203132185492418,0.0812776869410908,0.19423877699820094,1,70.08995502248875,0.12135215200019542,0.030338038000048854,1.229890905616419,1.5373636320205237,12.298909056164188,15.373636320205238
remnant_post_hepatectomy_no_HABR,32,658,659,7.658015683539712,0.0812776869410908,0.19423877699820094,1,70.08995502248875,0.12135215200019542,0.030338038000048854,1.229890905616419,1.5373636320205237,12.298909056164188,15.373636320205238
remnant_post_hepatectomy_no_HABR,33,1020,1021,3.612808369540739,0.07738883964550443,0.30833483893996066,1,70.08995502248875,0.48540860800078167,0.12135215200019542,1.229890905616419,1.5373636320205237,12.298909056164188,15.373636320205238
remnant_post_hepatectomy_no_HABR,34,192,193,3.250405336815793,0.09588336301290157,0.4615221814614957,1,70.08995502248875,1.6278613566957318,0.40696533917393296,1.2298909056164193,1.5373636320205242,12.298909056164193,15.373636320205241
remnant_post_hepatectomy_no_HABR,35,56,172,10.933262454272299,0.2212517157521758,0.780672390687287,7,70.08995502248875,7.878547152736471,1.9696367881841177,1.2298909056164191,1.5373636320205237,12.298909056164192,15.373636320205238
remnant_post_hepatectomy_no_HABR,36,172,804,1.3119914945126805,0.1756076031673865,0.6196200871097644,4,70.08995502248875,3.9392735763682354,0.9848183940920588,1.2298909056164191,1.5373636320205237,12.298909056164192,15.373636320205238
remnant_post_hepatectomy_no_HABR,37,804,57,0.17890793106990843,0.10725195039557664,0.4736306772610225,1,70.08995502248875,1.7593779703133536,0.4398444925783384,1.2298909056164191,1.5373636320205235,12.298909056164192,15.373636320205236
remnant_post_hepatectomy_no_HABR,38,804,842,3.480264097505396,0.1611078768893102,0.5087042189544628,3,70.08995502248875,2.179895606054882,0.5449739015137205,1.229890905616419,1.5373636320205233,12.298909056164188,15.373636320205232
remnant_post_hepatectomy_no_HABR,39,842,906,9.902301551814432,0.14191932314503694,0.40375880615448784,2,70.08995502248875,1.089947803027441,0.27248695075686025,1.229890905616419,1.5373636320205233,12.298909056164188,15.373636320205232
remnant_post_hepatectomy_no_HABR,40,906,805,2.4861423850480397,0.11264144142752328,0.3204635768155291,1,70.08995502248875,0.5449739015137205,0.13624347537843012,1.229890905616419,1.5373636320205233,12.298909056164188,15.373636320205232
remnant_post_hepatectomy_no_HABR,41,906,907,2.8886028254871077,0.11264144142752328,0.3204635768155291,1,70.08995502248875,0.5449739015137205,0.13624347537843012,1.229890905616419,1.5373636320205233,12.298909056164188,15.373636320205232
remnant_post_hepatectomy_no_HABR,42,842,843,9.06167045951366,0.10978650006552988,0.40375880615448784,1,70.08995502248875,1.089947803027441,0.27248695075686025,1.229890905616419,1.5373636320205233,12.298909056164188,15.373636320205232
remnant_post_hepatectomy_no_HABR,43,172,180,14.74435364636,0.1756076031673865,0.6196200871097644,3,70.08995502248875,3.9392735763682354,0.9848183940920588,1.2298909056164191,1.5373636320205237,12.298909056164192,15.373636320205238
remnant_post_hepatectomy_no_HABR,44,180,610,1.7693224375632077,0.13937984700076175,0.49179278904933366,2,70.08995502248875,1.9696367881841177,0.4924091970460294,1.2298909056164185,1.5373636320205233,12.298909056164185,15.373636320205232
remnant_post_hepatectomy_no_HABR,45,610,173,0.24127124148588872,0.11062585787608796,0.3903361953436435,1,70.08995502248875,0.9848183940920588,0.2462045985230147,1.2298909056164191,1.5373636320205237,12.298909056164192,15.373636320205238
remnant_post_hepatectomy_no_HABR,46,610,611,4.452477566390373,0.11062585787608796,0.3903361953436435,1,70.08995502248875,0.9848183940920588,0.2462045985230147,1.2298909056164191,1.5373636320205237,12.298909056164192,15.373636320205238
remnant_post_hepatectomy_no_HABR,47,180,240,6.897638066401447,0.13937984700076175,0.49179278904933366,1,70.08995502248875,1.9696367881841177,0.4924091970460294,1.2298909056164185,1.5373636320205233,12.298909056164185,15.373636320205232
remnant_post_hepatectomy_no_HABR,48,240,241,4.205566875974491,0.11062585787608796,0.49179278904933366,1,70.08995502248875,1.9696367881841177,0.4924091970460294,1.2298909056164185,1.5373636320205233,12.298909056164185,15.373636320205232
remnant_post_hepatectomy_no_HABR,49,12,16,11.825979074192642,0.22930443513129875,0.7770460896926169,57,70.08995502248875,7.769266439921512,1.942316609980378,1.2298909056164193,1.537363632020524,12.298909056164193,15.37363632020524
remnant_post_hepatectomy_no_HABR,50,16,212,7.908825007833531,0.1476728383587099,0.5061513973946229,2,70.08995502248875,2.147242023606953,0.5368105059017383,1.2298909056164193,1.537363632020524,12.298909056164193,15.37363632020524
remnant_post_hepatectomy_no_HABR,51,212,17,1.0784761374318426,0.12100931897786137,0.4017326303396993,1,70.08995502248875,1.0736210118034766,0.26840525295086914,1.229890905616419,1.5373636320205237,12.298909056164188,15.373636320205238
remnant_post_hepatectomy_no_HABR,52,212,854,12.903274960297171,0.1131427098605708,0.4017326303396993,1,70.08995502248875,1.0736210118034766,0.26840525295086914,1.229890905616419,1.5373636320205237,12.298909056164188,15.373636320205238
remnant_post_hepatectomy_no_HABR,53,854,213,1.759537494585979,0.08980142832760145,0.4017326303396993,1,70.08995502248875,1.0736210118034766,0.26840525295086914,1.229890905616419,1.5373636320205237,12.298909056164188,15.373636320205238
remnant_post_hepatectomy_no_HABR,54,16,1170,5.912566017636421,0.2067418994932154,0.697618008856731,55,70.08995502248875,5.6220244163145585,1.4055061040786396,1.2298909056164193,1.5373636320205242,12.298909056164193,15.373636320205241
remnant_post_hepatectomy_no_HABR,55,1170,18,2.669201163290166,0.19802828817538345,0.6185486118842723,54,70.08995502248875,3.9188729818093337,0.9797182454523334,1.229890905616419,1.5373636320205235,12.298909056164188,15.373636320205236
remnant_post_hepatectomy_no_HABR,56,18,130,11.281960983685394,0.19406772241187578,0.6185486118842723,54,70.08995502248875,3.9188729818093337,0.9797182454523334,1.229890905616419,1.5373636320205235,12.298909056164188,15.373636320205236
remnant_post_hepatectomy_no_HABR,57,130,236,3.689637293102002,0.18053345687677,0.5317939785659797,52,70.08995502248875,2.4904046824642854,0.6226011706160713,1.2298909056164185,1.5373636320205233,12.298909056164185,15.373636320205232
remnant_post_hepatectomy_no_HABR,58,236,128,1.995268164507612,0.17425055783217,0.4511432501583832,51,70.08995502248875,1.5204882541072895,0.3801220635268224,1.2298909056164185,1.5373636320205233,12.298909056164185,15.373636320205232
remnant_post_hepatectomy_no_HABR,59,128,19,2.3136636056311484,0.11541854488556796,0.35162327247667097,35,70.08995502248875,0.7199005610386896,0.1799751402596724,1.2298909056164185,1.5373636320205233,12.298909056164185,15.373636320205232
remnant_post_hepatectomy_no_HABR,60,19,20,10.36765446977808,0.1131101739878566,0.35162327247667097,35,70.08995502248875,0.7199005610386896,0.1799751402596724,1.2298909056164185,1.5373636320205233,12.298909056164185,15.373636320205232
remnant_post_hepatectomy_no_HABR,61,20,1106,6.22157512416166,0.08977559691502225,0.27908357631298414,2,70.08995502248875,0.3599502805193448,0.0899875701298362,1.2298909056164185,1.5373636320205233,12.298909056164185,15.373636320205232
remnant_post_hepatectomy_no_HABR,62,1106,21,0.8483966078402229,0.08259193801695909,0.22150878131313914,1,70.08995502248875,0.1799751402596724,0.0449937850649181,1.2298909056164191,1.537363632020524,12.298909056164192,15.37363632020524
remnant_post_hepatectomy_no_HABR,63,1106,1107,6.95608759596636,0.0543070768108566,0.22150878131313914,1,70.08995502248875,0.1799751402596724,0.0449937850649181,1.2298909056164191,1.537363632020524,12.298909056164192,15.37363632020524
remnant_post_hepatectomy_no_HABR,64,20,66,8.85051588726593,0.08977561226160609,0.27908357631298414,33,70.08995502248875,0.3599502805193448,0.0899875701298362,1.2298909056164185,1.5373636320205233,12.298909056164185,15.373636320205232
remnant_post_hepatectomy_no_HABR,65,66,76,1.0620619064719032,0.04747670828026064,0.22150878131313914,18,70.08995502248875,0.1799751402596724,0.0449937850649181,1.2298909056164191,1.537363632020524,12.298909056164192,15.37363632020524
remnant_post_hepatectomy_no_HABR,66,76,22,0.14482662360981066,0.019966019802511992,0.17581163623833548,1,70.08995502248875,0.0899875701298362,0.02249689253245905,1.2298909056164185,1.5373636320205233,12.298909056164185,15.373636320205232
remnant_post_hepatectomy_no_HABR,67,76,84,9.635773360335735,0.046269215832159476,0.17581163623833548,17,70.08995502248875,0.0899875701298362,0.02249689253245905,1.2298909056164185,1.5373636320205233,12.298909056164185,15.373636320205232
remnant_post_hepatectomy_no_HABR,68,84,856,4.1425748036049335,0.03269037573669993,0.15,10,70.08995502248875,0.0449937850649181,0.011248446266229525,0.9901606540340167,1.237700817542521,9.901606540340167,12.37700817542521
remnant_post_hepatectomy_no_HABR,69,856,102,1.0119785499702125,0.031887762418851245,0.15,9,70.08995502248875,0.02249689253245905,0.0056242231331147625,0.4950803270170083,0.6188504087712605,4.950803270170083,6.188504087712605
remnant_post_hepatectomy_no_HABR,70,102,132,2.0628950463450217,0.02857233171201198,0.15,6,70.08995502248875,0.011248446266229525,0.0028121115665573813,0.24754016350850416,0.30942520438563026,2.4754016350850416,3.0942520438563026
remnant_post_hepatectomy_no_HABR,71,132,77,0.2813038699561417,0.014099644554117642,0.15,1,70.08995502248875,0.0056242231331147625,0.0014060557832786906,0.12377008175425208,0.15471260219281513,1.2377008175425208,1.5471260219281513
remnant_post_hepatectomy_no_HABR,72,132,788,9.681581307321734,0.027378668995019884,0.15,5,70.08995502248875,0.0056242231331147625,0.0014060557832786906,0.12377008175425208,0.15471260219281513,1.2377008175425208,1.5471260219281513
remnant_post_hepatectomy_no_HABR,73,788,133,1.3202156328166033,0.014326713146320709,0.15,1,70.08995502248875,0.0028121115665573813,0.0007030278916393453,0.06188504087712604,0.07735630109640756,0.6188504087712604,0.7735630109640756
remnant_post_hepatectomy_no_HABR,74,788,928,3.78346413392126,0.026003053216553332,0.15,4,70.08995502248875,0.0028121115665573813,0.0007030278916393453,0.06188504087712604,0.07735630109640756,0.6188504087712604,0.7735630109640756
remnant_post_hepatectomy_no_HABR,75,928,1040,5.271331587038652,0.022062177318235114,0.15,3,70.08995502248875,0.0014060557832786906,0.00035151394581967266,0.03094252043856302,0.03867815054820378,0.3094252043856302,0.3867815054820378
remnant_post_hepatectomy_no_HABR,76,1040,1350,0.632559790444639,0.019434489067601046,0.15,2,70.08995502248875,0.0007030278916393453,0.00017575697290983633,0.01547126021928151,0.01933907527410189,0.1547126021928151,0.1933907527410189
remnant_post_hepatectomy_no_HABR,77,1350,789,0.08625815324244843,0.015425164195187191,0.15,1,70.08995502248875,0.00035151394581967266,8.787848645491816e-05,0.007735630109640755,0.009669537637050946,0.07735630109640755,0.09669537637050946
remnant_post_hepatectomy_no_HABR,78,1350,1351,7.249681012394219,0.015425164195187191,0.15,1,70.08995502248875,0.00035151394581967266,8.787848645491816e-05,0.007735630109640755,0.009669537637050946,0.07735630109640755,0.09669537637050946
remnant_post_hepatectomy_no_HABR,79,1040,1041,14.402257570834934,0.015034207379309486,0.15,1,70.08995502248875,0.0007030278916393453,0.00017575697290983633,0.01547126021928151,0.01933907527410189,0.1547126021928151,0.1933907527410189
remnant_post_hepatectomy_no_HABR,80,928,1222,1.258190942821189,0.018985821172890882,0.15,1,70.08995502248875,0.0014060557832786906,0.00035151394581967266,0.03094252043856302,0.03867815054820378,0.3094252043856302,0.3867815054820378
remnant_post_hepatectomy_no_HABR,81,1222,929,0.17157149220289483,0.015069056251163556,0.15,1,70.08995502248875,0.0014060557832786906,0.00035151394581967266,0.03094252043856302,0.03867815054820378,0.3094252043856302,0.3867815054820378
remnant_post_hepatectomy_no_HABR,82,102,704,7.125212287827421,0.020876514198219447,0.15,3,70.08995502248875,0.011248446266229525,0.0028121115665573813,0.24754016350850416,0.30942520438563026,2.4754016350850416,3.0942520438563026
remnant_post_hepatectomy_no_HABR,83,704,103,1.9846237885044002,0.014226240650949394,0.15,1,70.08995502248875,0.0056242231331147625,0.0014060557832786906,0.12377008175425208,0.15471260219281513,1.2377008175425208,1.5471260219281513
remnant_post_hepatectomy_no_HABR,84,704,1142,5.843992290191028,0.01839004288210345,0.15,2,70.08995502248875,0.0056242231331147625,0.0014060557832786906,0.12377008175425208,0.15471260219281513,1.2377008175425208,1.5471260219281513
remnant_post_hepatectomy_no_HABR,85,1142,705,2.5185336456831524,0.014596186708395664,0.15,1,70.08995502248875,0.0028121115665573813,0.0007030278916393453,0.06188504087712604,0.07735630109640756,0.6188504087712604,0.7735630109640756
remnant_post_hepatectomy_no_HABR,86,1142,1143,4.515964396248216,0.014596186708395664,0.15,1,70.08995502248875,0.0028121115665573813,0.0007030278916393453,0.06188504087712604,0.07735630109640756,0.6188504087712604,0.7735630109640756
remnant_post_hepatectomy_no_HABR,87,856,857,8.173900636691263,0.013591070813104988,0.15,1,70.08995502248875,0.02249689253245905,0.0056242231331147625,0.4950803270170083,0.6188504087712605,4.950803270170083,6.188504087712605
remnant_post_hepatectomy_no_HABR,88,84,144,7.941346501112656,0.040025002028160686,0.15,7,70.08995502248875,0.0449937850649181,0.011248446266229525,0.9901606540340167,1.237700817542521,9.901606540340167,12.37700817542521
remnant_post_hepatectomy_no_HABR,89,144,85,1.0829108865153645,0.013542435073012074,0.15,1,70.08995502248875,0.02249689253245905,0.0056242231331147625,0.4950803270170083,0.6188504087712605,4.950803270170083,6.188504087712605
remnant_post_hepatectomy_no_HABR,90,144,200,5.2089677564442445,0.03950140151638843,0.15,6,70.08995502248875,0.02249689253245905,0.0056242231331147625,0.4950803270170083,0.6188504087712605,4.950803270170083,6.188504087712605
remnant_post_hepatectomy_no_HABR,91,200,360,2.0946579518206576,0.03751669030901124,0.15,4,70.08995502248875,0.011248446266229525,0.0028121115665573813,0.24754016350850416,0.30942520438563026,2.4754016350850416,3.0942520438563026
remnant_post_hepatectomy_no_HABR,92,360,582,0.6589233408969909,0.03687317860122994,0.15,3,70.08995502248875,0.0056242231331147625,0.0014060557832786906,0.12377008175425208,0.15471260219281513,1.2377008175425208,1.5471260219281513
remnant_post_hepatectomy_no_HABR,93,582,346,2.22422338666908,0.036188413599658055,0.15,2,70.08995502248875,0.0028121115665573813,0.0007030278916393453,0.06188504087712604,0.07735630109640756,0.6188504087712604,0.7735630109640756
remnant_post_hepatectomy_no_HABR,94,346,364,0.5973365615263925,0.035456353713500026,0.15,1,70.08995502248875,0.0014060557832786906,0.00035151394581967266,0.03094252043856302,0.03867815054820378,0.3094252043856302,0.3867815054820378
remnant_post_hepatectomy_no_HABR,95,364,145,0.08145498566270043,0.01426416546709364,0.15,1,70.08995502248875,0.0014060557832786906,0.00035151394581967266,0.03094252043856302,0.03867815054820378,0.3094252043856302,0.3867815054820378
remnant_post_hepatectomy_no_HABR,96,346,347,10.793650730891166,0.01412528806748277,0.15,1,70.08995502248875,0.0014060557832786906,0.00035151394581967266,0.03094252043856302,0.03867815054820378,0.3094252043856302,0.3867815054820378
remnant_post_hepatectomy_no_HABR,97,582,583,4.065810092633975,0.013995806622551774,0.15,1,70.08995502248875,0.0028121115665573813,0.0007030278916393453,0.06188504087712604,0.07735630109640756,0.6188504087712604,0.7735630109640756
remnant_post_hepatectomy_no_HABR,98,360,361,3.9333543923958603,0.013874543788403497,0.15,1,70.08995502248875,0.0056242231331147625,0.0014060557832786906,0.12377008175425208,0.15471260219281513,1.2377008175425208,1.5471260219281513
remnant_post_hepatectomy_no_HABR,99,200,580,9.716406097149891,0.020670298052322237,0.15,2,70.08995502248875,0.011248446266229525,0.0028121115665573813,0.24754016350850416,0.30942520438563026,2.4754016350850416,3.0942520438563026
remnant_post_hepatectomy_no_HABR,100,580,1282,4.346798470973838,0.01820838785435197,0.15,1,70.08995502248875,0.0056242231331147625,0.0014060557832786906,0.12377008175425208,0.15471260219281513,1.2377008175425208,1.5471260219281513
remnant_post_hepatectomy_no_HABR,101,1282,201,0.5927452460418863,0.014452007017321657,0.15,1,70.08995502248875,0.0056242231331147625,0.0014060557832786906,0.12377008175425208,0.15471260219281513,1.2377008175425208,1.5471260219281513
remnant_post_hepatectomy_no_HABR,102,580,581,6.080892428190592,0.014085715250502265,0.15,1,70.08995502248875,0.0056242231331147625,0.0014060557832786906,0.12377008175425208,0.15471260219281513,1.2377008175425208,1.5471260219281513
remnant_post_hepatectomy_no_HABR,103,66,870,4.864873854262549,0.08511157963144456,0.22150878131313914,15,70.08995502248875,0.1799751402596724,0.0449937850649181,1.2298909056164191,1.537363632020524,12.298909056164192,15.37363632020524
remnant_post_hepatectomy_no_HABR,104,870,138,7.494062562931993,0.08365168811357686,0.17581163623833548,14,70.08995502248875,0.0899875701298362,0.02249689253245905,1.2298909056164185,1.5373636320205233,12.298909056164185,15.373636320205232
remnant_post_hepatectomy_no_HABR,105,138,372,1.4830723700633481,0.05851587218235648,0.15,5,70.08995502248875,0.0449937850649181,0.011248446266229525,0.9901606540340167,1.237700817542521,9.901606540340167,12.37700817542521
remnant_post_hepatectomy_no_HABR,106,372,67,0.2022371413722854,0.03282301904564988,0.15,1,70.08995502248875,0.02249689253245905,0.0056242231331147625,0.4950803270170083,0.6188504087712605,4.950803270170083,6.188504087712605
remnant_post_hepatectomy_no_HABR,107,372,730,5.861816447278734,0.054848367615058506,0.15,4,70.08995502248875,0.02249689253245905,0.0056242231331147625,0.4950803270170083,0.6188504087712605,4.950803270170083,6.188504087712605
remnant_post_hepatectomy_no_HABR,108,730,838,5.925391234982901,0.050319598342696205,0.15,3,70.08995502248875,0.011248446266229525,0.0028121115665573813,0.24754016350850416,0.30942520438563026,2.4754016350850416,3.0942520438563026
remnant_post_hepatectomy_no_HABR,109,838,373,0.8080078956794852,0.034290145791837506,0.15,1,70.08995502248875,0.0056242231331147625,0.0014060557832786906,0.12377008175425208,0.15471260219281513,1.2377008175425208,1.5471260219281513
remnant_post_hepatectomy_no_HABR,110,838,926,5.626309879176384,0.04432634502800905,0.15,2,70.08995502248875,0.0056242231331147625,0.0014060557832786906,0.12377008175425208,0.15471260219281513,1.2377008175425208,1.5471260219281513
remnant_post_hepatectomy_no_HABR,111,926,839,2.976602112506388,0.03518184336368348,0.15,1,70.08995502248875,0.0028121115665573813,0.0007030278916393453,0.06188504087712604,0.07735630109640756,0.6188504087712604,0.7735630109640756
remnant_post_hepatectomy_no_HABR,112,926,927,1.7247928876876717,0.03518184336368348,0.15,1,70.08995502248875,0.0028121115665573813,0.0007030278916393453,0.06188504087712604,0.07735630109640756,0.6188504087712604,0.7735630109640756
remnant_post_hepatectomy_no_HABR,113,730,731,4.043386309334638,0.03349851769869786,0.15,1,70.08995502248875,0.011248446266229525,0.0028121115665573813,0.24754016350850416,0.30942520438563026,2.4754016350850416,3.0942520438563026
remnant_post_hepatectomy_no_HABR,114,138,520,6.103367784834926,0.07274766443663322,0.15,9,70.08995502248875,0.0449937850649181,0.011248446266229525,0.9901606540340167,1.237700817542521,9.901606540340167,12.37700817542521
remnant_post_hepatectomy_no_HABR,115,520,178,2.441870848380496,0.07048961849078132,0.15,8,70.08995502248875,0.02249689253245905,0.0056242231331147625,0.4950803270170083,0.6188504087712605,4.950803270170083,6.188504087712605
remnant_post_hepatectomy_no_HABR,116,178,700,1.4712563950024657,0.060689283611595056,0.15,5,70.08995502248875,0.011248446266229525,0.0028121115665573813,0.24754016350850416,0.30942520438563026,2.4754016350850416,3.0942520438563026
remnant_post_hepatectomy_no_HABR,117,700,139,0.20062587204579088,0.034042139979430314,0.15,1,70.08995502248875,0.0056242231331147625,0.0014060557832786906,0.12377008175425208,0.15471260219281513,1.2377008175425208,1.5471260219281513
remnant_post_hepatectomy_no_HABR,118,700,1302,5.245200150580356,0.05688555965550442,0.15,4,70.08995502248875,0.0056242231331147625,0.0014060557832786906,0.12377008175425208,0.15471260219281513,1.2377008175425208,1.5471260219281513
remnant_post_hepatectomy_no_HABR,119,1302,1172,9.765334798057143,0.05218858168130029,0.15,3,70.08995502248875,0.0028121115665573813,0.0007030278916393453,0.06188504087712604,0.07735630109640756,0.6188504087712604,0.7735630109640756
remnant_post_hepatectomy_no_HABR,120,1172,1270,1.8012641938365013,0.04597272542545095,0.15,2,70.08995502248875,0.0014060557832786906,0.00035151394581967266,0.03094252043856302,0.03867815054820378,0.3094252043856302,0.3867815054820378
remnant_post_hepatectomy_no_HABR,121,1270,701,0.2456269355231507,0.03648857635110302,0.15,1,70.08995502248875,0.0007030278916393453,0.00017575697290983633,0.01547126021928151,0.01933907527410189,0.1547126021928151,0.1933907527410189
remnant_post_hepatectomy_no_HABR,122,1270,1271,3.537058960461442,0.03648857635110302,0.15,1,70.08995502248875,0.0007030278916393453,0.00017575697290983633,0.01547126021928151,0.01933907527410189,0.1547126021928151,0.1933907527410189
remnant_post_hepatectomy_no_HABR,123,1172,1173,14.5324980235624,0.03556375912091829,0.15,1,70.08995502248875,0.0014060557832786906,0.00035151394581967266,0.03094252043856302,0.03867815054820378,0.3094252043856302,0.3867815054820378
remnant_post_hepatectomy_no_HABR,124,1302,1303,3.976176683334428,0.0347427281755068,0.15,1,70.08995502248875,0.0028121115665573813,0.0007030278916393453,0.06188504087712604,0.07735630109640756,0.6188504087712604,0.7735630109640756
remnant_post_hepatectomy_no_HABR,125,178,394,4.059053071444936,0.050227990965110436,0.15,3,70.08995502248875,0.011248446266229525,0.0028121115665573813,0.24754016350850416,0.30942520438563026,2.4754016350850416,3.0942520438563026
remnant_post_hepatectomy_no_HABR,126,394,179,1.490433576770541,0.034227720207443316,0.15,1,70.08995502248875,0.0056242231331147625,0.0014060557832786906,0.12377008175425208,0.15471260219281513,1.2377008175425208,1.5471260219281513
remnant_post_hepatectomy_no_HABR,127,394,1134,12.60529089243109,0.04424564843344716,0.15,2,70.08995502248875,0.0056242231331147625,0.0014060557832786906,0.12377008175425208,0.15471260219281513,1.2377008175425208,1.5471260219281513
remnant_post_hepatectomy_no_HABR,128,1134,395,1.7189033035133348,0.035117794434134576,0.15,1,70.08995502248875,0.0028121115665573813,0.0007030278916393453,0.06188504087712604,0.07735630109640756,0.6188504087712604,0.7735630109640756
remnant_post_hepatectomy_no_HABR,129,1134,1135,7.891887098696668,0.035117794434134576,0.15,1,70.08995502248875,0.0028121115665573813,0.0007030278916393453,0.06188504087712604,0.07735630109640756,0.6188504087712604,0.7735630109640756
remnant_post_hepatectomy_no_HABR,130,520,521,9.647601576267727,0.03263227761969652,0.15,1,70.08995502248875,0.02249689253245905,0.0056242231331147625,0.4950803270170083,0.6188504087712605,4.950803270170083,6.188504087712605
remnant_post_hepatectomy_no_HABR,131,870,871,10.225220878274738,0.031476239742102965,0.17581163623833548,1,70.08995502248875,0.0899875701298362,0.02249689253245905,1.2298909056164185,1.5373636320205233,12.298909056164185,15.373636320205232
remnant_post_hepatectomy_no_HABR,132,128,1290,1.439879510542723,0.15540681443887203,0.3642976843878063,16,70.08995502248875,0.8005876930685999,0.20014692326714997,1.2298909056164185,1.5373636320205233,12.298909056164185,15.373636320205232
remnant_post_hepatectomy_no_HABR,133,1290,758,6.621119381148017,0.15293168312949904,0.2919141690793994,15,70.08995502248875,0.4119127207105995,0.10297818017764987,1.2298909056164185,1.5373636320205233,12.298909056164185,15.373636320205232
remnant_post_hepatectomy_no_HABR,134,758,214,1.0992271215942016,0.14704561359058696,0.2316924295405307,13,70.08995502248875,0.20595636035529974,0.051489090088824935,1.229890905616419,1.5373636320205235,12.298909056164188,15.373636320205236
remnant_post_hepatectomy_no_HABR,135,214,129,1.2491217290843104,0.057395764125079705,0.1838944031928532,1,70.08995502248875,0.10297818017764987,0.025744545044412467,1.229890905616419,1.5373636320205237,12.298909056164188,15.373636320205238
remnant_post_hepatectomy_no_HABR,136,214,506,5.3182866403672335,0.144071009720519,0.1838944031928532,12,70.08995502248875,0.10297818017764987,0.025744545044412467,1.229890905616419,1.5373636320205237,12.298909056164188,15.373636320205238
remnant_post_hepatectomy_no_HABR,137,506,424,1.2414065309640754,0.1408736902416126,0.15,11,70.08995502248875,0.051489090088824935,0.012872272522206234,1.1331002947275626,1.4163753684094533,11.331002947275625,14.163753684094534
remnant_post_hepatectomy_no_HABR,138,424,430,2.4621383223698463,0.10791505002447942,0.15,5,70.08995502248875,0.025744545044412467,0.006436136261103117,0.5665501473637813,0.7081876842047267,5.665501473637812,7.081876842047267
remnant_post_hepatectomy_no_HABR,139,430,215,0.33574613486860494,0.06053225578228242,0.15,1,70.08995502248875,0.012872272522206234,0.0032180681305515584,0.28327507368189064,0.35409384210236333,2.832750736818906,3.5409384210236334
remnant_post_hepatectomy_no_HABR,140,430,878,3.002561317073827,0.10115143317858197,0.15,4,70.08995502248875,0.012872272522206234,0.0032180681305515584,0.28327507368189064,0.35409384210236333,2.832750736818906,3.5409384210236334
remnant_post_hepatectomy_no_HABR,141,878,1032,4.270191363779294,0.08028394571788604,0.15,2,70.08995502248875,0.006436136261103117,0.0016090340652757792,0.14163753684094532,0.17704692105118167,1.416375368409453,1.7704692105118167
remnant_post_hepatectomy_no_HABR,142,1032,431,2.5328079934849335,0.06372140994436507,0.15,1,70.08995502248875,0.0032180681305515584,0.0008045170326378896,0.07081876842047266,0.08852346052559083,0.7081876842047266,0.8852346052559084
remnant_post_hepatectomy_no_HABR,143,1032,1033,4.832405045751577,0.06372140994436507,0.15,1,70.08995502248875,0.0032180681305515584,0.0008045170326378896,0.07081876842047266,0.08852346052559083,0.7081876842047266,0.8852346052559084
remnant_post_hepatectomy_no_HABR,144,878,914,2.791790310652463,0.08028394571788604,0.15,2,70.08995502248875,0.006436136261103117,0.0016090340652757792,0.14163753684094532,0.17704692105118167,1.416375368409453,1.7704692105118167
remnant_post_hepatectomy_no_HABR,145,914,879,0.38069867872533114,0.06372140994436507,0.15,1,70.08995502248875,0.0032180681305515584,0.0008045170326378896,0.07081876842047266,0.08852346052559083,0.7081876842047266,0.8852346052559084
remnant_post_hepatectomy_no_HABR,146,914,915,6.448804023011069,0.06372140994436507,0.15,1,70.08995502248875,0.0032180681305515584,0.0008045170326378896,0.07081876842047266,0.08852346052559083,0.7081876842047266,0.8852346052559084
remnant_post_hepatectomy_no_HABR,147,424,606,11.253914696192055,0.11545384575909011,0.15,6,70.08995502248875,0.025744545044412467,0.006436136261103117,0.5665501473637813,0.7081876842047267,5.665501473637812,7.081876842047267
remnant_post_hepatectomy_no_HABR,148,606,922,1.3504697635430476,0.07867569165289556,0.15,2,70.08995502248875,0.012872272522206234,0.0032180681305515584,0.28327507368189064,0.35409384210236333,2.832750736818906,3.5409384210236334
remnant_post_hepatectomy_no_HABR,149,922,425,0.18415496775587006,0.06244493784706606,0.15,1,70.08995502248875,0.006436136261103117,0.0016090340652757792,0.14163753684094532,0.17704692105118167,1.416375368409453,1.7704692105118167
remnant_post_hepatectomy_no_HABR,150,922,923,16.935455141711337,0.06244493784706606,0.15,1,70.08995502248875,0.006436136261103117,0.0016090340652757792,0.14163753684094532,0.17704692105118167,1.416375368409453,1.7704692105118167
remnant_post_hepatectomy_no_HABR,151,606,830,5.863481905090408,0.10170285873656588,0.15,4,70.08995502248875,0.012872272522206234,0.0032180681305515584,0.28327507368189064,0.35409384210236333,2.832750736818906,3.5409384210236334
remnant_post_hepatectomy_no_HABR,152,830,607,0.7995657143305097,0.06211479322968337,0.15,1,70.08995502248875,0.006436136261103117,0.0016090340652757792,0.14163753684094532,0.17704692105118167,1.416375368409453,1.7704692105118167
remnant_post_hepatectomy_no_HABR,153,830,1042,4.500994026585348,0.09330536576484963,0.15,3,70.08995502248875,0.006436136261103117,0.0016090340652757792,0.14163753684094532,0.17704692105118167,1.416375368409453,1.7704692105118167
remnant_post_hepatectomy_no_HABR,154,1042,1166,6.425909043553254,0.08219234596608468,0.15,2,70.08995502248875,0.0032180681305515584,0.0008045170326378896,0.07081876842047266,0.08852346052559083,0.7081876842047266,0.8852346052559084
remnant_post_hepatectomy_no_HABR,155,1166,831,4.483727143817121,0.06523610822514853,0.15,1,70.08995502248875,0.0016090340652757792,0.0004022585163189448,0.03540938421023633,0.044261730262795417,0.3540938421023633,0.4426173026279542
remnant_post_hepatectomy_no_HABR,156,1166,1167,3.485947837224506,0.06523610822514853,0.15,1,70.08995502248875,0.0016090340652757792,0.0004022585163189448,0.03540938421023633,0.044261730262795417,0.3540938421023633,0.4426173026279542
remnant_post_hepatectomy_no_HABR,157,1042,1043,2.9731207973347775,0.06358267356285073,0.15,1,70.08995502248875,0.0032180681305515584,0.0008045170326378896,0.07081876842047266,0.08852346052559083,0.7081876842047266,0.8852346052559084
remnant_post_hepatectomy_no_HABR,158,506,507,4.392582321571678,0.057960069393212216,0.15,1,70.08995502248875,0.051489090088824935,0.012872272522206234,1.1331002947275626,1.4163753684094533,11.331002947275625,14.163753684094534
remnant_post_hepatectomy_no_HABR,159,758,832,8.62849987429083,0.07351450764468435,0.2316924295405307,2,70.08995502248875,0.20595636035529974,0.051489090088824935,1.229890905616419,1.5373636320205235,12.298909056164188,15.373636320205236
remnant_post_hepatectomy_no_HABR,160,832,759,2.2749722666417993,0.05834850338504811,0.1838944031928532,1,70.08995502248875,0.10297818017764987,0.025744545044412467,1.229890905616419,1.5373636320205237,12.298909056164188,15.373636320205238
remnant_post_hepatectomy_no_HABR,161,832,833,2.201789723540235,0.05834850338504811,0.1838944031928532,1,70.08995502248875,0.10297818017764987,0.025744545044412467,1.229890905616419,1.5373636320205237,12.298909056164188,15.373636320205238
remnant_post_hepatectomy_no_HABR,162,1290,1291,4.695982235319774,0.056092928350085614,0.28631820735819646,1,70.08995502248875,0.38867497235800036,0.09716874308950009,1.2298909056164196,1.5373636320205242,12.298909056164195,15.373636320205241
remnant_post_hepatectomy_no_HABR,163,236,237,7.946724948278862,0.08402301798020406,0.38835736519670416,1,70.08995502248875,0.969916428356996,0.242479107089249,1.2298909056164193,1.5373636320205242,12.298909056164193,15.373636320205241
remnant_post_hepatectomy_no_HABR,164,130,936,2.469104871403501,0.11253157277409472,0.4418521539713626,2,70.08995502248875,1.4284682993450488,0.3571170748362622,1.2298909056164196,1.5373636320205244,12.298909056164195,15.373636320205243
remnant_post_hepatectomy_no_HABR,165,936,131,10.007509774721253,0.08931636850061699,0.35069828701427797,1,70.08995502248875,0.7142341496725244,0.1785585374181311,1.229890905616419,1.5373636320205235,12.298909056164188,15.373636320205236
remnant_post_hepatectomy_no_HABR,166,936,937,2.5405721718826313,0.08931636850061699,0.35069828701427797,1,70.08995502248875,0.7142341496725244,0.1785585374181311,1.229890905616419,1.5373636320205235,12.298909056164188,15.373636320205236
remnant_post_hepatectomy_no_HABR,167,1170,1171,3.785560392432784,0.10230916070886467,0.4685304944941419,1,70.08995502248875,1.7031514345052243,0.4257878586263061,1.229890905616419,1.5373636320205235,12.298909056164188,15.373636320205236
remnant_post_hepatectomy_no_HABR,168,432,433,4.371313409030369,0.13194134547824407,0.5083064066648015,1,70.08995502248875,2.174785497340103,0.5436963743350257,1.2298909056164193,1.5373636320205242,12.298909056164193,15.373636320205241
remnant_post_hepatectomy_no_HABR,169,106,604,9.985871176758508,0.28228008881600386,0.94780695192123,9,70.08995502248875,14.09935829354736,3.52483957338684,1.229890905616419,1.5373636320205237,12.298909056164188,15.373636320205238
remnant_post_hepatectomy_no_HABR,170,604,480,3.328153684280319,0.25293089641746086,0.8492616783056164,6,70.08995502248875,10.142949434574152,2.535737358643538,1.229890905616419,1.5373636320205235,12.298909056164188,15.373636320205236
remnant_post_hepatectomy_no_HABR,171,480,107,1.8155488446871213,0.12481430539815826,0.48962851415969727,1,70.08995502248875,1.9437472068660981,0.48593680171652454,1.2298909056164191,1.5373636320205237,12.298909056164192,15.373636320205238
remnant_post_hepatectomy_no_HABR,172,480,942,1.571347511383256,0.24236423409280408,0.7911229321620847,5,70.08995502248875,8.199202227708055,2.0498005569270137,1.2298909056164196,1.5373636320205244,12.298909056164195,15.373636320205243
remnant_post_hepatectomy_no_HABR,173,942,1070,5.0192918648704365,0.2134977427618146,0.6968972170994435,4,70.08995502248875,5.6046160782451,1.401154019561275,1.2298909056164196,1.5373636320205244,12.298909056164195,15.373636320205243
remnant_post_hepatectomy_no_HABR,174,1070,844,1.036297370892738,0.1694532707264703,0.5531276877686837,2,70.08995502248875,2.80230803912255,0.7005770097806375,1.229890905616419,1.5373636320205235,12.298909056164188,15.373636320205236
remnant_post_hepatectomy_no_HABR,175,844,481,1.0400368291563242,0.13449515010532553,0.4390177367183732,1,70.08995502248875,1.401154019561275,0.35028850489031876,1.2298909056164185,1.5373636320205235,12.298909056164185,15.373636320205236
remnant_post_hepatectomy_no_HABR,176,844,845,14.35835726515354,0.13449515010532553,0.4390177367183732,1,70.08995502248875,1.401154019561275,0.35028850489031876,1.2298909056164185,1.5373636320205235,12.298909056164185,15.373636320205236
remnant_post_hepatectomy_no_HABR,177,1070,1186,6.759983899608892,0.1694532707264703,0.5531276877686837,2,70.08995502248875,2.80230803912255,0.7005770097806375,1.229890905616419,1.5373636320205235,12.298909056164188,15.373636320205236
remnant_post_hepatectomy_no_HABR,178,1186,1071,0.9218159863102927,0.13449515010532553,0.4390177367183732,1,70.08995502248875,1.401154019561275,0.35028850489031876,1.2298909056164185,1.5373636320205235,12.298909056164185,15.373636320205236
remnant_post_hepatectomy_no_HABR,179,1186,1187,12.619977953579498,0.13449515010532553,0.4390177367183732,1,70.08995502248875,1.401154019561275,0.35028850489031876,1.2298909056164185,1.5373636320205235,12.298909056164185,15.373636320205236
remnant_post_hepatectomy_no_HABR,180,942,1010,5.548915205778856,0.1651584113444254,0.5391084503169807,1,70.08995502248875,2.5945861494629536,0.6486465373657384,1.229890905616419,1.5373636320205235,12.298909056164188,15.373636320205236
remnant_post_hepatectomy_no_HABR,181,1010,943,0.8705161550932473,0.13108631795476877,0.5391084503169807,1,70.08995502248875,2.5945861494629536,0.6486465373657384,1.229890905616419,1.5373636320205235,12.298909056164188,15.373636320205236
remnant_post_hepatectomy_no_HABR,182,604,1036,2.757166783321061,0.18480519908032628,0.6205172074807334,3,70.08995502248875,3.956408858973209,0.9891022147433023,1.2298909056164196,1.5373636320205246,12.298909056164195,15.373636320205247
remnant_post_hepatectomy_no_HABR,183,1036,605,1.4563247589954096,0.12593497222288033,0.47157228597077067,1,70.08995502248875,1.7365388321360784,0.4341347080340196,1.229890905616419,1.5373636320205235,12.298909056164188,15.373636320205236
remnant_post_hepatectomy_no_HABR,184,1036,1354,3.879592581776164,0.16279420518453835,0.5117949032111162,2,70.08995502248875,2.219870026837131,0.5549675067092827,1.2298909056164191,1.537363632020524,12.298909056164192,15.37363632020524
remnant_post_hepatectomy_no_HABR,185,1354,1037,0.5290353520603828,0.12920984628213156,0.4062118838746444,1,70.08995502248875,1.1099350134185655,0.27748375335464137,1.229890905616419,1.5373636320205237,12.298909056164188,15.373636320205238
remnant_post_hepatectomy_no_HABR,186,1354,1355,5.417279365258006,0.12920984628213156,0.4062118838746444,1,70.08995502248875,1.1099350134185655,0.27748375335464137,1.229890905616419,1.5373636320205237,12.298909056164188,15.373636320205238
remnant_post_hepatectomy_no_HABR,187,10,990,5.1416638177765845,0.3544526609056725,1.1901395438215123,103,70.08995502248875,27.91472371031759,6.978680927579397,1.2298909056164185,1.5373636320205233,12.298909056164185,15.373636320205232
remnant_post_hepatectomy_no_HABR,188,990,1140,2.854726821435188,0.3471024846591371,1.1901395438215123,103,70.08995502248875,27.91472371031759,6.978680927579397,1.2298909056164185,1.5373636320205233,12.298909056164185,15.373636320205232
remnant_post_hepatectomy_no_HABR,189,1140,768,3.8202348613881916,0.3322538183214209,1.1901395438215123,103,70.08995502248875,27.91472371031759,6.978680927579397,1.2298909056164185,1.5373636320205233,12.298909056164185,15.373636320205232
remnant_post_hepatectomy_no_HABR,190,768,188,3.9556258094352357,0.32536397267318445,1.1901395438215123,103,70.08995502248875,27.91472371031759,6.978680927579397,1.2298909056164185,1.5373636320205233,12.298909056164185,15.373636320205232
remnant_post_hepatectomy_no_HABR,191,188,634,5.267323921403574,0.2858253238901886,1.1901395438215123,103,70.08995502248875,27.91472371031759,6.978680927579397,1.2298909056164185,1.5373636320205233,12.298909056164185,15.373636320205232
remnant_post_hepatectomy_no_HABR,192,634,50,2.122438030918511,0.2735980277661551,1.1901395438215123,103,70.08995502248875,27.91472371031759,6.978680927579397,1.2298909056164185,1.5373636320205233,12.298909056164185,15.373636320205232
remnant_post_hepatectomy_no_HABR,193,50,786,2.0435500874795056,0.2313504275202728,1.006364316731195,101,70.08995502248875,16.877393086677284,4.219348271669321,1.2298909056164191,1.537363632020524,12.298909056164192,15.37363632020524
remnant_post_hepatectomy_no_HABR,194,786,294,2.0693701108834066,0.2265529845764382,1.006364316731195,101,70.08995502248875,16.877393086677284,4.219348271669321,1.2298909056164191,1.537363632020524,12.298909056164192,15.37363632020524
remnant_post_hepatectomy_no_HABR,195,294,23,2.0340370592760215,0.20743546606633478,1.006364316731195,101,70.08995502248875,16.877393086677284,4.219348271669321,1.2298909056164191,1.537363632020524,12.298909056164192,15.37363632020524
remnant_post_hepatectomy_no_HABR,196,23,646,5.12274635925388,0.14988796024664597,0.7275133448830999,2,70.08995502248875,6.376209378078425,1.5940523445196062,1.2298909056164185,1.5373636320205233,12.298909056164185,15.373636320205232
remnant_post_hepatectomy_no_HABR,197,646,422,8.10382671869799,0.13789412930883144,0.7275133448830999,2,70.08995502248875,6.376209378078425,1.5940523445196062,1.2298909056164185,1.5373636320205233,12.298909056164185,15.373636320205232
remnant_post_hepatectomy_no_HABR,198,422,148,1.8036236015388896,0.10406620207722482,0.7275133448830999,2,70.08995502248875,6.376209378078425,1.5940523445196062,1.2298909056164185,1.5373636320205233,12.298909056164185,15.373636320205232
remnant_post_hepatectomy_no_HABR,199,148,586,7.611438082080255,0.0820837909651678,0.7275133448830999,2,70.08995502248875,6.376209378078425,1.5940523445196062,1.2298909056164185,1.5373636320205233,12.298909056164185,15.373636320205232
remnant_post_hepatectomy_no_HABR,200,586,754,5.61196074206728,0.07230730290710116,0.7275133448830999,2,70.08995502248875,6.376209378078425,1.5940523445196062,1.2298909056164185,1.5373636320205233,12.298909056164185,15.373636320205232
remnant_post_hepatectomy_no_HABR,201,754,587,0.7652673739182725,0.057390344349857826,0.5774277244941682,1,70.08995502248875,3.1881046890392124,0.7970261722598031,1.2298909056164182,1.5373636320205228,12.298909056164183,15.373636320205229
remnant_post_hepatectomy_no_HABR,202,754,755,4.852670959960989,0.057390344349857826,0.5774277244941682,1,70.08995502248875,3.1881046890392124,0.7970261722598031,1.2298909056164182,1.5373636320205228,12.298909056164183,15.373636320205229
remnant_post_hepatectomy_no_HABR,203,23,60,11.130635851273519,0.17713993780547396,0.8591444577682977,99,70.08995502248875,10.50118370859886,2.625295927149715,1.229890905616419,1.5373636320205235,12.298909056164188,15.373636320205236
remnant_post_hepatectomy_no_HABR,204,60,404,4.0630118930824946,0.11990333738806837,0.8591444577682977,99,70.08995502248875,10.50118370859886,2.625295927149715,1.229890905616419,1.5373636320205235,12.298909056164188,15.373636320205236
remnant_post_hepatectomy_no_HABR,205,404,356,3.6197494991767467,0.113717383885143,0.8591444577682977,99,70.08995502248875,10.50118370859886,2.625295927149715,1.229890905616419,1.5373636320205235,12.298909056164188,15.373636320205236
remnant_post_hepatectomy_no_HABR,206,356,70,3.3008029806605794,0.10785057096307159,0.8591444577682977,99,70.08995502248875,10.50118370859886,2.625295927149715,1.229890905616419,1.5373636320205235,12.298909056164188,15.373636320205236
remnant_post_hepatectomy_no_HABR,207,70,98,2.024419730579333,0.09705849513947241,0.681903408027022,98,70.08995502248875,5.25059185429943,1.3126479635748576,1.2298909056164193,1.537363632020524,12.298909056164193,15.37363632020524
remnant_post_hepatectomy_no_HABR,208,98,25,4.3074654720522965,0.08734632922772889,0.5412270936213975,97,70.08995502248875,2.625295927149715,0.6563239817874288,1.2298909056164191,1.5373636320205237,12.298909056164192,15.373636320205238
remnant_post_hepatectomy_no_HABR,209,25,340,7.038350842252119,0.06932689417236175,0.42957222888414887,5,70.08995502248875,1.3126479635748576,0.3281619908937144,1.229890905616419,1.5373636320205235,12.298909056164188,15.373636320205236
remnant_post_hepatectomy_no_HABR,210,340,268,2.578953071147788,0.06229376647024544,0.340951704013511,4,70.08995502248875,0.6563239817874288,0.1640809954468572,1.2298909056164193,1.537363632020524,12.298909056164193,15.37363632020524
remnant_post_hepatectomy_no_HABR,211,268,26,1.3114505336454432,0.047312030632888455,0.2706135468106988,1,70.08995502248875,0.3281619908937144,0.0820404977234286,1.2298909056164182,1.5373636320205226,12.298909056164183,15.373636320205225
remnant_post_hepatectomy_no_HABR,212,268,400,3.2590250280394466,0.051403843105212045,0.2706135468106988,3,70.08995502248875,0.3281619908937144,0.0820404977234286,1.2298909056164182,1.5373636320205226,12.298909056164183,15.373636320205225
remnant_post_hepatectomy_no_HABR,213,400,902,3.616313470088658,0.04528145216361807,0.21478611444207443,2,70.08995502248875,0.1640809954468572,0.0410202488617143,1.229890905616419,1.5373636320205235,12.298909056164188,15.373636320205236
remnant_post_hepatectomy_no_HABR,214,902,269,8.703251965248576,0.03593991239958753,0.17047585200675552,1,70.08995502248875,0.0820404977234286,0.02051012443085715,1.229890905616419,1.5373636320205235,12.298909056164188,15.373636320205236
remnant_post_hepatectomy_no_HABR,215,902,903,11.770177040099814,0.03593991239958753,0.17047585200675552,1,70.08995502248875,0.0820404977234286,0.02051012443085715,1.229890905616419,1.5373636320205235,12.298909056164188,15.373636320205236
remnant_post_hepatectomy_no_HABR,216,400,401,5.053102658990654,0.03502900127171438,0.21478611444207443,1,70.08995502248875,0.1640809954468572,0.0410202488617143,1.229890905616419,1.5373636320205235,12.298909056164188,15.373636320205236
remnant_post_hepatectomy_no_HABR,217,340,341,7.051161354985615,0.0450564546633613,0.340951704013511,1,70.08995502248875,0.6563239817874288,0.1640809954468572,1.2298909056164193,1.537363632020524,12.298909056164193,15.37363632020524
remnant_post_hepatectomy_no_HABR,218,25,48,2.551798662974492,0.06932676072916737,0.42957222888414887,92,70.08995502248875,1.3126479635748576,0.3281619908937144,1.229890905616419,1.5373636320205235,12.298909056164188,15.373636320205236
remnant_post_hepatectomy_no_HABR,219,48,174,4.022437335655274,0.020252717665327904,0.340951704013511,49,70.08995502248875,0.6563239817874288,0.1640809954468572,1.2298909056164193,1.537363632020524,12.298909056164193,15.37363632020524
remnant_post_hepatectomy_no_HABR,220,174,158,6.106877181715335,0.018198094881588005,0.2706135468106988,48,70.08995502248875,0.3281619908937144,0.0820404977234286,1.2298909056164182,1.5373636320205226,12.298909056164183,15.373636320205225
remnant_post_hepatectomy_no_HABR,221,158,80,1.859511110587297,0.01635191201456556,0.21478611444207443,47,70.08995502248875,0.1640809954468572,0.0410202488617143,1.229890905616419,1.5373636320205235,12.298909056164188,15.373636320205236
remnant_post_hepatectomy_no_HABR,222,80,86,3.1219425551126205,0.012419241430405055,0.17047585200675552,45,70.08995502248875,0.0820404977234286,0.02051012443085715,1.229890905616419,1.5373636320205235,12.298909056164188,15.373636320205236
remnant_post_hepatectomy_no_HABR,223,86,27,0.42571943933354306,0.0040160876548940285,0.15,1,70.08995502248875,0.0410202488617143,0.010255062215428575,0.9027165948130506,1.1283957435163132,9.027165948130506,11.283957435163131
remnant_post_hepatectomy_no_HABR,224,86,150,12.473520654161218,0.012277642752957103,0.15,44,70.08995502248875,0.0410202488617143,0.010255062215428575,0.9027165948130506,1.1283957435163132,9.027165948130506,11.283957435163131
remnant_post_hepatectomy_no_HABR,225,150,190,1.496822478499342,0.010365541597890101,0.15,24,70.08995502248875,0.02051012443085715,0.005127531107714287,0.4513582974065253,0.5641978717581566,4.513582974065253,5.641978717581566
remnant_post_hepatectomy_no_HABR,226,190,87,0.20411215615900802,0.0029928194581839234,0.15,1,70.08995502248875,0.010255062215428575,0.0025637655538571437,0.22567914870326264,0.2820989358790783,2.2567914870326264,2.820989358790783
remnant_post_hepatectomy_no_HABR,227,190,452,10.493797981914977,0.010281701113247072,0.15,23,70.08995502248875,0.010255062215428575,0.0025637655538571437,0.22567914870326264,0.2820989358790783,2.2567914870326264,2.820989358790783
remnant_post_hepatectomy_no_HABR,228,452,204,1.43097245207932,0.009852163775873253,0.15,19,70.08995502248875,0.005127531107714287,0.0012818827769285719,0.11283957435163132,0.14104946793953915,1.1283957435163132,1.4104946793953914
remnant_post_hepatectomy_no_HABR,229,204,338,1.43097245207932,0.006713728713392837,0.15,8,70.08995502248875,0.0025637655538571437,0.0006409413884642859,0.05641978717581566,0.07052473396976958,0.5641978717581566,0.7052473396976957
remnant_post_hepatectomy_no_HABR,230,338,191,0.19513260710171826,0.0031491674862181105,0.15,1,70.08995502248875,0.0012818827769285719,0.00032047069423214296,0.02820989358790783,0.03526236698488479,0.2820989358790783,0.35262366984884785
remnant_post_hepatectomy_no_HABR,231,338,900,7.674569778137889,0.006474332998276655,0.15,7,70.08995502248875,0.0012818827769285719,0.00032047069423214296,0.02820989358790783,0.03526236698488479,0.2820989358790783,0.35262366984884785
remnant_post_hepatectomy_no_HABR,232,900,612,3.5149939449824945,0.006203855600935453,0.15,6,70.08995502248875,0.0006409413884642859,0.00016023534711607148,0.014104946793953915,0.017631183492442394,0.14104946793953915,0.17631183492442393
remnant_post_hepatectomy_no_HABR,233,612,1208,3.36333285033094,0.004924003453591874,0.15,3,70.08995502248875,0.00032047069423214296,8.011767355803574e-05,0.0070524733969769575,0.008815591746221197,0.07052473396976958,0.08815591746221196
remnant_post_hepatectomy_no_HABR,234,1208,339,0.4586362977724161,0.0033554480135806627,0.15,1,70.08995502248875,0.00016023534711607148,4.005883677901787e-05,0.0035262366984884787,0.0044077958731105985,0.03526236698488479,0.04407795873110598
remnant_post_hepatectomy_no_HABR,235,1208,1318,9.05262795378888,0.00433753613287142,0.15,2,70.08995502248875,0.00016023534711607148,4.005883677901787e-05,0.0035262366984884787,0.0044077958731105985,0.03526236698488479,0.04407795873110598
remnant_post_hepatectomy_no_HABR,236,1318,1209,4.262770392792918,0.0034427047101350853,0.15,1,70.08995502248875,8.011767355803574e-05,2.0029418389508935e-05,0.0017631183492442394,0.0022038979365552993,0.017631183492442394,0.02203897936555299
remnant_post_hepatectomy_no_HABR,237,1318,1319,4.863252996423788,0.0034427047101350853,0.15,1,70.08995502248875,8.011767355803574e-05,2.0029418389508935e-05,0.0017631183492442394,0.0022038979365552993,0.017631183492442394,0.02203897936555299
remnant_post_hepatectomy_no_HABR,238,612,656,3.982485144360906,0.004924003453591874,0.15,3,70.08995502248875,0.00032047069423214296,8.011767355803574e-05,0.0070524733969769575,0.008815591746221197,0.07052473396976958,0.08815591746221196
remnant_post_hepatectomy_no_HABR,239,656,613,0.5430661560492126,0.0033554480135806627,0.15,1,70.08995502248875,0.00016023534711607148,4.005883677901787e-05,0.0035262366984884787,0.0044077958731105985,0.03526236698488479,0.04407795873110598
remnant_post_hepatectomy_no_HABR,240,656,1182,7.689170407343751,0.00433753613287142,0.15,2,70.08995502248875,0.00016023534711607148,4.005883677901787e-05,0.0035262366984884787,0.0044077958731105985,0.03526236698488479,0.04407795873110598
remnant_post_hepatectomy_no_HABR,241,1182,657,1.661826867964343,0.0034427047101350853,0.15,1,70.08995502248875,8.011767355803574e-05,2.0029418389508935e-05,0.0017631183492442394,0.0022038979365552993,0.017631183492442394,0.02203897936555299
remnant_post_hepatectomy_no_HABR,242,1182,1183,2.5738136827174407,0.0034427047101350853,0.15,1,70.08995502248875,8.011767355803574e-05,2.0029418389508935e-05,0.0017631183492442394,0.0022038979365552993,0.017631183492442394,0.02203897936555299
remnant_post_hepatectomy_no_HABR,243,900,901,2.2655357171662334,0.003194901799432718,0.15,1,70.08995502248875,0.0006409413884642859,0.00016023534711607148,0.014104946793953915,0.017631183492442394,0.14104946793953915,0.17631183492442393
remnant_post_hepatectomy_no_HABR,244,204,782,5.00783131571016,0.008678734035745695,0.15,11,70.08995502248875,0.0025637655538571437,0.0006409413884642859,0.05641978717581566,0.07052473396976958,0.5641978717581566,0.7052473396976957
remnant_post_hepatectomy_no_HABR,245,782,384,8.332358671874509,0.008540509683003142,0.15,10,70.08995502248875,0.0012818827769285719,0.00032047069423214296,0.02820989358790783,0.03526236698488479,0.2820989358790783,0.35262366984884785
remnant_post_hepatectomy_no_HABR,246,384,504,1.6008227985101668,0.008005229987062613,0.15,9,70.08995502248875,0.0006409413884642859,0.00016023534711607148,0.014104946793953915,0.017631183492442394,0.14104946793953915,0.17631183492442393
remnant_post_hepatectomy_no_HABR,247,504,952,0.19209873582121986,0.004889176288450563,0.15,2,70.08995502248875,0.00032047069423214296,8.011767355803574e-05,0.0070524733969769575,0.008815591746221197,0.07052473396976958,0.08815591746221196
remnant_post_hepatectomy_no_HABR,248,952,205,0.026195282157438538,0.0033317151419055197,0.15,1,70.08995502248875,0.00016023534711607148,4.005883677901787e-05,0.0035262366984884787,0.0044077958731105985,0.03526236698488479,0.04407795873110598
remnant_post_hepatectomy_no_HABR,249,952,1352,5.371604421713605,0.004306857014014238,0.15,1,70.08995502248875,0.00016023534711607148,4.005883677901787e-05,0.0035262366984884787,0.0044077958731105985,0.03526236698488479,0.04407795873110598
remnant_post_hepatectomy_no_HABR,250,1352,953,0.7324915120518588,0.0034183546773614115,0.15,1,70.08995502248875,0.00016023534711607148,4.005883677901787e-05,0.0035262366984884787,0.0044077958731105985,0.03526236698488479,0.04407795873110598
remnant_post_hepatectomy_no_HABR,251,504,948,11.836911805062847,0.0073442469686063085,0.15,7,70.08995502248875,0.00032047069423214296,8.011767355803574e-05,0.0070524733969769575,0.008815591746221197,0.07052473396976958,0.08815591746221196
remnant_post_hepatectomy_no_HABR,252,948,508,2.1644778788396946,0.007116285738218745,0.15,6,70.08995502248875,0.00016023534711607148,4.005883677901787e-05,0.0035262366984884787,0.0044077958731105985,0.03526236698488479,0.04407795873110598
remnant_post_hepatectomy_no_HABR,253,508,638,6.4332431928155485,0.006528701866793793,0.15,6,70.08995502248875,0.00016023534711607148,4.005883677901787e-05,0.0035262366984884787,0.0044077958731105985,0.03526236698488479,0.04407795873110598
remnant_post_hepatectomy_no_HABR,254,638,864,5.459735467684835,0.006200673309141878,0.15,5,70.08995502248875,8.011767355803574e-05,2.0029418389508935e-05,0.0017631183492442394,0.0022038979365552993,0.017631183492442394,0.02203897936555299
remnant_post_hepatectomy_no_HABR,255,864,509,0.744509381957019,0.003478113040638962,0.15,1,70.08995502248875,4.005883677901787e-05,1.0014709194754468e-05,0.0008815591746221197,0.0011019489682776496,0.008815591746221197,0.011019489682776495
remnant_post_hepatectomy_no_HABR,256,864,1024,6.0579736043569685,0.005812043748759844,0.15,4,70.08995502248875,4.005883677901787e-05,1.0014709194754468e-05,0.0008815591746221197,0.0011019489682776496,0.008815591746221197,0.011019489682776495
remnant_post_hepatectomy_no_HABR,257,1024,1162,1.4682033903712157,0.004613022180433289,0.15,2,70.08995502248875,2.0029418389508935e-05,5.007354597377234e-06,0.00044077958731105984,0.0005509744841388248,0.0044077958731105985,0.005509744841388248
remnant_post_hepatectomy_no_HABR,258,1162,865,9.536516735338173,0.003661358130986221,0.15,1,70.08995502248875,1.0014709194754468e-05,2.503677298688617e-06,0.00022038979365552992,0.0002754872420694124,0.0022038979365552993,0.002754872420694124
remnant_post_hepatectomy_no_HABR,259,1162,1163,5.249546607420599,0.003661358130986221,0.15,1,70.08995502248875,1.0014709194754468e-05,2.503677298688617e-06,0.00022038979365552992,0.0002754872420694124,0.0022038979365552993,0.002754872420694124
remnant_post_hepatectomy_no_HABR,260,1024,1334,3.68305047667224,0.004613022180433289,0.15,2,70.08995502248875,2.0029418389508935e-05,5.007354597377234e-06,0.00044077958731105984,0.0005509744841388248,0.0044077958731105985,0.005509744841388248
remnant_post_hepatectomy_no_HABR,261,1334,1025,1.9271745254863557,0.003661358130986221,0.15,1,70.08995502248875,1.0014709194754468e-05,2.503677298688617e-06,0.00022038979365552992,0.0002754872420694124,0.0022038979365552993,0.002754872420694124
remnant_post_hepatectomy_no_HABR,262,1334,1335,9.900908734552127,0.003661358130986221,0.15,1,70.08995502248875,1.0014709194754468e-05,2.503677298688617e-06,0.00022038979365552992,0.0002754872420694124,0.0022038979365552993,0.002754872420694124
remnant_post_hepatectomy_no_HABR,263,638,639,2.026446077206355,0.0034163398841783343,0.15,1,70.08995502248875,8.011767355803574e-05,2.0029418389508935e-05,0.0017631183492442394,0.0022038979365552993,0.017631183492442394,0.02203897936555299
remnant_post_hepatectomy_no_HABR,264,948,949,5.511172484191064,0.003294394505213715,0.15,1,70.08995502248875,0.00016023534711607148,4.005883677901787e-05,0.0035262366984884787,0.0044077958731105985,0.03526236698488479,0.04407795873110598
remnant_post_hepatectomy_no_HABR,265,384,810,6.5444788395527125,0.004790585896270586,0.15,1,70.08995502248875,0.0006409413884642859,0.00016023534711607148,0.014104946793953915,0.017631183492442394,0.14104946793953915,0.17631183492442393
remnant_post_hepatectomy_no_HABR,266,810,385,0.8924289326662882,0.0032645310022686707,0.15,1,70.08995502248875,0.0006409413884642859,0.00016023534711607148,0.014104946793953915,0.017631183492442394,0.14104946793953915,0.17631183492442393
remnant_post_hepatectomy_no_HABR,267,782,783,6.742501550505515,0.0031325241958937234,0.15,1,70.08995502248875,0.0012818827769285719,0.00032047069423214296,0.02820989358790783,0.03526236698488479,0.2820989358790783,0.35262366984884785
remnant_post_hepatectomy_no_HABR,268,452,466,3.060985099035323,0.005073731208556346,0.15,4,70.08995502248875,0.005127531107714287,0.0012818827769285719,0.11283957435163132,0.14104946793953915,1.1283957435163132,1.4104946793953914
remnant_post_hepatectomy_no_HABR,269,466,453,0.41740705895935726,0.003098769973996412,0.15,1,70.08995502248875,0.0025637655538571437,0.0006409413884642859,0.05641978717581566,0.07052473396976958,0.5641978717581566,0.7052473396976957
remnant_post_hepatectomy_no_HABR,270,466,840,13.61225927327911,0.004654798813798493,0.15,3,70.08995502248875,0.0025637655538571437,0.0006409413884642859,0.05641978717581566,0.07052473396976958,0.5641978717581566,0.7052473396976957
remnant_post_hepatectomy_no_HABR,271,840,467,1.856217173628967,0.003171999284847039,0.15,1,70.08995502248875,0.0012818827769285719,0.00032047069423214296,0.02820989358790783,0.03526236698488479,0.2820989358790783,0.35262366984884785
remnant_post_hepatectomy_no_HABR,272,840,1058,7.945816344641721,0.004100394777621426,0.15,2,70.08995502248875,0.0012818827769285719,0.00032047069423214296,0.02820989358790783,0.03526236698488479,0.2820989358790783,0.35262366984884785
remnant_post_hepatectomy_no_HABR,273,1058,841,8.578202290104185,0.003254485491740583,0.15,1,70.08995502248875,0.0006409413884642859,0.00016023534711607148,0.014104946793953915,0.017631183492442394,0.14104946793953915,0.17631183492442393
remnant_post_hepatectomy_no_HABR,274,1058,1059,7.26476240502348,0.003254485491740583,0.15,1,70.08995502248875,0.0006409413884642859,0.00016023534711607148,0.014104946793953915,0.017631183492442394,0.14104946793953915,0.17631183492442393
remnant_post_hepatectomy_no_HABR,275,150,334,4.496241792047691,0.009032876491850274,0.15,20,70.08995502248875,0.02051012443085715,0.005127531107714287,0.4513582974065253,0.5641978717581566,4.513582974065253,5.641978717581566
remnant_post_hepatectomy_no_HABR,276,334,266,1.5706708153300604,0.005516809090036133,0.15,5,70.08995502248875,0.010255062215428575,0.0025637655538571437,0.22567914870326264,0.2820989358790783,2.2567914870326264,2.820989358790783
remnant_post_hepatectomy_no_HABR,277,266,151,1.081494310210618,0.0030945164633138385,0.15,1,70.08995502248875,0.005127531107714287,0.0012818827769285719,0.11283957435163132,0.14104946793953915,1.1283957435163132,1.4104946793953914
remnant_post_hepatectomy_no_HABR,278,266,970,2.8204521922109285,0.005171040979948575,0.15,4,70.08995502248875,0.005127531107714287,0.0012818827769285719,0.11283957435163132,0.14104946793953915,1.1283957435163132,1.4104946793953914
remnant_post_hepatectomy_no_HABR,279,970,288,7.355847699414615,0.004744073824599948,0.15,3,70.08995502248875,0.0025637655538571437,0.0006409413884642859,0.05641978717581566,0.07052473396976958,0.5641978717581566,0.7052473396976957
remnant_post_hepatectomy_no_HABR,280,288,267,2.9944080432757767,0.0032328354845937352,0.15,1,70.08995502248875,0.0012818827769285719,0.00032047069423214296,0.02820989358790783,0.03526236698488479,0.2820989358790783,0.35262366984884785
remnant_post_hepatectomy_no_HABR,281,288,1266,2.2917967438452496,0.004179036799050417,0.15,2,70.08995502248875,0.0012818827769285719,0.00032047069423214296,0.02820989358790783,0.03526236698488479,0.2820989358790783,0.35262366984884785
remnant_post_hepatectomy_no_HABR,282,1266,289,0.31251773779707415,0.0033169037055132255,0.15,1,70.08995502248875,0.0006409413884642859,0.00016023534711607148,0.014104946793953915,0.017631183492442394,0.14104946793953915,0.17631183492442393
remnant_post_hepatectomy_no_HABR,283,1266,1267,7.137088760532408,0.0033169037055132255,0.15,1,70.08995502248875,0.0006409413884642859,0.00016023534711607148,0.014104946793953915,0.017631183492442394,0.14104946793953915,0.17631183492442393
remnant_post_hepatectomy_no_HABR,284,970,971,7.081200306331241,0.0031582016989680018,0.15,1,70.08995502248875,0.0025637655538571437,0.0006409413884642859,0.05641978717581566,0.07052473396976958,0.5641978717581566,0.7052473396976957
remnant_post_hepatectomy_no_HABR,285,334,476,7.18070538358536,0.008287041833935969,0.15,15,70.08995502248875,0.010255062215428575,0.0025637655538571437,0.22567914870326264,0.2820989358790783,2.2567914870326264,2.820989358790783
remnant_post_hepatectomy_no_HABR,286,476,335,0.9791870977616522,0.003064740622220056,0.15,1,70.08995502248875,0.005127531107714287,0.0012818827769285719,0.11283957435163132,0.14104946793953915,1.1283957435163132,1.4104946793953914
remnant_post_hepatectomy_no_HABR,287,476,572,3.6889216990029174,0.00814489687394385,0.15,14,70.08995502248875,0.005127531107714287,0.0012818827769285719,0.11283957435163132,0.14104946793953915,1.1283957435163132,1.4104946793953914
remnant_post_hepatectomy_no_HABR,288,572,1324,0.5704911258974829,0.0040192782307743105,0.15,2,70.08995502248875,0.0025637655538571437,0.0006409413884642859,0.05641978717581566,0.07052473396976958,0.5641978717581566,0.7052473396976957
remnant_post_hepatectomy_no_HABR,289,1324,477,4.18360158991481,0.003190103245842013,0.15,1,70.08995502248875,0.0012818827769285719,0.00032047069423214296,0.02820989358790783,0.03526236698488479,0.2820989358790783,0.35262366984884785
remnant_post_hepatectomy_no_HABR,290,1324,1325,3.1166983219006763,0.003190103245842013,0.15,1,70.08995502248875,0.0012818827769285719,0.00032047069423214296,0.02820989358790783,0.03526236698488479,0.2820989358790783,0.35262366984884785
remnant_post_hepatectomy_no_HABR,291,572,1076,6.420168364822608,0.007804628539172805,0.15,12,70.08995502248875,0.0025637655538571437,0.0006409413884642859,0.05641978717581566,0.07052473396976958,0.5641978717581566,0.7052473396976957
remnant_post_hepatectomy_no_HABR,292,1076,578,1.7950942048501894,0.0074124922316879775,0.15,10,70.08995502248875,0.0012818827769285719,0.00032047069423214296,0.02820989358790783,0.03526236698488479,0.2820989358790783,0.35262366984884785
remnant_post_hepatectomy_no_HABR,293,578,812,6.787322943850456,0.007209117402963489,0.15,9,70.08995502248875,0.0006409413884642859,0.00016023534711607148,0.014104946793953915,0.017631183492442394,0.14104946793953915,0.17631183492442393
remnant_post_hepatectomy_no_HABR,294,812,968,0.8500739729901653,0.004912632352399767,0.15,3,70.08995502248875,0.00032047069423214296,8.011767355803574e-05,0.0070524733969769575,0.008815591746221197,0.07052473396976958,0.08815591746221196
remnant_post_hepatectomy_no_HABR,295,968,573,0.11591917813502833,0.003347699209326789,0.15,1,70.08995502248875,0.00016023534711607148,4.005883677901787e-05,0.0035262366984884787,0.0044077958731105985,0.03526236698488479,0.04407795873110598
remnant_post_hepatectomy_no_HABR,296,968,1314,8.705801739441236,0.00432751937257542,0.15,2,70.08995502248875,0.00016023534711607148,4.005883677901787e-05,0.0035262366984884787,0.0044077958731105985,0.03526236698488479,0.04407795873110598
remnant_post_hepatectomy_no_HABR,297,1314,969,1.1871547826510827,0.0034347544022194933,0.15,1,70.08995502248875,8.011767355803574e-05,2.0029418389508935e-05,0.0017631183492442394,0.0022038979365552993,0.017631183492442394,0.02203897936555299
remnant_post_hepatectomy_no_HABR,298,1314,1315,11.580209447942686,0.0034347544022194933,0.15,1,70.08995502248875,8.011767355803574e-05,2.0029418389508935e-05,0.0017631183492442394,0.0022038979365552993,0.017631183492442394,0.02203897936555299
remnant_post_hepatectomy_no_HABR,299,812,898,7.309540040097259,0.006350484421097667,0.15,6,70.08995502248875,0.00032047069423214296,8.011767355803574e-05,0.0070524733969769575,0.008815591746221197,0.07052473396976958,0.08815591746221196
remnant_post_hepatectomy_no_HABR,300,898,984,5.347428993741025,0.00504038282527905,0.15,3,70.08995502248875,0.00016023534711607148,4.005883677901787e-05,0.0035262366984884787,0.0044077958731105985,0.03526236698488479,0.04407795873110598
remnant_post_hepatectomy_no_HABR,301,984,813,0.7291948627828609,0.003434754402219493,0.15,1,70.08995502248875,8.011767355803574e-05,2.0029418389508935e-05,0.0017631183492442394,0.0022038979365552993,0.017631183492442394,0.02203897936555299
remnant_post_hepatectomy_no_HABR,302,984,1104,10.71674052311858,0.004440054283918971,0.15,2,70.08995502248875,8.011767355803574e-05,2.0029418389508935e-05,0.0017631183492442394,0.0022038979365552993,0.017631183492442394,0.02203897936555299
remnant_post_hepatectomy_no_HABR,303,1104,985,6.522021735295191,0.0035240734205444443,0.15,1,70.08995502248875,4.005883677901787e-05,1.0014709194754468e-05,0.0008815591746221197,0.0011019489682776496,0.008815591746221197,0.011019489682776495
remnant_post_hepatectomy_no_HABR,304,1104,1105,13.719857215748307,0.0035240734205444443,0.15,1,70.08995502248875,4.005883677901787e-05,1.0014709194754468e-05,0.0008815591746221197,0.0011019489682776496,0.008815591746221197,0.011019489682776495
remnant_post_hepatectomy_no_HABR,305,898,1002,9.379853654366023,0.00504038282527905,0.15,3,70.08995502248875,0.00016023534711607148,4.005883677901787e-05,0.0035262366984884787,0.0044077958731105985,0.03526236698488479,0.04407795873110598
remnant_post_hepatectomy_no_HABR,306,1002,899,1.2790709528681066,0.003434754402219493,0.15,1,70.08995502248875,8.011767355803574e-05,2.0029418389508935e-05,0.0017631183492442394,0.0022038979365552993,0.017631183492442394,0.02203897936555299
remnant_post_hepatectomy_no_HABR,307,1002,1216,5.8176354391509335,0.004440054283918971,0.15,2,70.08995502248875,8.011767355803574e-05,2.0029418389508935e-05,0.0017631183492442394,0.0022038979365552993,0.017631183492442394,0.02203897936555299
remnant_post_hepatectomy_no_HABR,308,1216,1003,3.861247458048621,0.0035240734205444443,0.15,1,70.08995502248875,4.005883677901787e-05,1.0014709194754468e-05,0.0008815591746221197,0.0011019489682776496,0.008815591746221197,0.011019489682776495
remnant_post_hepatectomy_no_HABR,309,1216,1217,3.6555060659818555,0.0035240734205444443,0.15,1,70.08995502248875,4.005883677901787e-05,1.0014709194754468e-05,0.0008815591746221197,0.0011019489682776496,0.008815591746221197,0.011019489682776495
remnant_post_hepatectomy_no_HABR,310,578,579,10.303612968702565,0.0031949123386315753,0.15,1,70.08995502248875,0.0006409413884642859,0.00016023534711607148,0.014104946793953915,0.017631183492442394,0.14104946793953915,0.17631183492442393
remnant_post_hepatectomy_no_HABR,311,1076,1234,4.104228542796233,0.00408400694404303,0.15,2,70.08995502248875,0.0012818827769285719,0.00032047069423214296,0.02820989358790783,0.03526236698488479,0.2820989358790783,0.35262366984884785
remnant_post_hepatectomy_no_HABR,312,1234,1077,0.5596675285631267,0.0032414784596096697,0.15,1,70.08995502248875,0.0006409413884642859,0.00016023534711607148,0.014104946793953915,0.017631183492442394,0.14104946793953915,0.17631183492442393
remnant_post_hepatectomy_no_HABR,313,1234,1235,4.8976981728080435,0.0032414784596096697,0.15,1,70.08995502248875,0.0006409413884642859,0.00016023534711607148,0.014104946793953915,0.017631183492442394,0.14104946793953915,0.17631183492442393
remnant_post_hepatectomy_no_HABR,314,80,428,5.158750896738535,0.013493353767500296,0.17047585200675552,2,70.08995502248875,0.0820404977234286,0.02051012443085715,1.229890905616419,1.5373636320205235,12.298909056164188,15.373636320205236
remnant_post_hepatectomy_no_HABR,315,428,81,0.7034660313734232,0.00919500717707107,0.15,1,70.08995502248875,0.0410202488617143,0.010255062215428575,0.9027165948130506,1.1283957435163132,9.027165948130506,11.283957435163131
remnant_post_hepatectomy_no_HABR,316,428,1230,9.994129968698928,0.011886244612085992,0.15,1,70.08995502248875,0.0410202488617143,0.010255062215428575,0.9027165948130506,1.1283957435163132,9.027165948130506,11.283957435163131
remnant_post_hepatectomy_no_HABR,317,1230,429,1.3628359048225775,0.009434118600588326,0.15,1,70.08995502248875,0.0410202488617143,0.010255062215428575,0.9027165948130506,1.1283957435163132,9.027165948130506,11.283957435163131
remnant_post_hepatectomy_no_HABR,318,158,159,2.230311605594733,0.011827196238678186,0.21478611444207443,1,70.08995502248875,0.1640809954468572,0.0410202488617143,1.229890905616419,1.5373636320205235,12.298909056164188,15.373636320205236
remnant_post_hepatectomy_no_HABR,319,174,175,6.5040499723590255,0.013162524305592328,0.2706135468106988,1,70.08995502248875,0.3281619908937144,0.0820404977234286,1.2298909056164182,1.5373636320205226,12.298909056164183,15.373636320205225
remnant_post_hepatectomy_no_HABR,320,48,64,14.868295913554997,0.06874576686187168,0.340951704013511,43,70.08995502248875,0.6563239817874288,0.1640809954468572,1.2298909056164193,1.537363632020524,12.298909056164193,15.37363632020524
remnant_post_hepatectomy_no_HABR,321,64,112,0.27215114276039554,0.06443709975079107,0.340951704013511,43,70.08995502248875,0.6563239817874288,0.1640809954468572,1.2298909056164193,1.537363632020524,12.298909056164193,15.37363632020524
remnant_post_hepatectomy_no_HABR,322,112,96,1.5120443668661954,0.04721798712475286,0.2706135468106988,21,70.08995502248875,0.3281619908937144,0.0820404977234286,1.2298909056164182,1.5373636320205226,12.298909056164183,15.373636320205225
remnant_post_hepatectomy_no_HABR,323,96,49,0.24329938767635534,0.01538673419856308,0.21478611444207443,1,70.08995502248875,0.1640809954468572,0.0410202488617143,1.229890905616419,1.5373636320205235,12.298909056164188,15.373636320205236
remnant_post_hepatectomy_no_HABR,324,96,186,7.208576250051813,0.04666694947945348,0.21478611444207443,20,70.08995502248875,0.1640809954468572,0.0410202488617143,1.229890905616419,1.5373636320205235,12.298909056164188,15.373636320205236
remnant_post_hepatectomy_no_HABR,325,186,97,0.9829876704616125,0.015488359562561371,0.17047585200675552,1,70.08995502248875,0.0820404977234286,0.02051012443085715,1.229890905616419,1.5373636320205235,12.298909056164188,15.373636320205236
remnant_post_hepatectomy_no_HABR,326,186,194,5.195502391788293,0.046091184267211205,0.17047585200675552,19,70.08995502248875,0.0820404977234286,0.02051012443085715,1.229890905616419,1.5373636320205235,12.298909056164188,15.373636320205236
remnant_post_hepatectomy_no_HABR,327,194,238,0.6234602870145923,0.04097267525196819,0.15,13,70.08995502248875,0.0410202488617143,0.010255062215428575,0.9027165948130506,1.1283957435163132,9.027165948130506,11.283957435163131
remnant_post_hepatectomy_no_HABR,328,238,187,0.08501731186563359,0.01599271101607343,0.15,1,70.08995502248875,0.02051012443085715,0.005127531107714287,0.4513582974065253,0.5641978717581566,4.513582974065253,5.641978717581566
remnant_post_hepatectomy_no_HABR,329,238,308,3.404782084315907,0.04014383394622968,0.15,12,70.08995502248875,0.02051012443085715,0.005127531107714287,0.4513582974065253,0.5641978717581566,4.513582974065253,5.641978717581566
remnant_post_hepatectomy_no_HABR,330,308,560,8.330117217721602,0.03371488147174008,0.15,7,70.08995502248875,0.010255062215428575,0.0025637655538571437,0.22567914870326264,0.2820989358790783,2.2567914870326264,2.820989358790783
remnant_post_hepatectomy_no_HABR,331,560,239,1.1359250751438679,0.016637348667483596,0.15,1,70.08995502248875,0.005127531107714287,0.0012818827769285719,0.11283957435163132,0.14104946793953915,1.1283957435163132,1.4104946793953914
remnant_post_hepatectomy_no_HABR,332,560,666,2.3668963124713787,0.032306379098666176,0.15,6,70.08995502248875,0.005127531107714287,0.0012818827769285719,0.11283957435163132,0.14104946793953915,1.1283957435163132,1.4104946793953914
remnant_post_hepatectomy_no_HABR,333,666,690,9.60642449873968,0.03068317510575728,0.15,5,70.08995502248875,0.0025637655538571437,0.0006409413884642859,0.05641978717581566,0.07052473396976958,0.5641978717581566,0.7052473396976957
remnant_post_hepatectomy_no_HABR,334,690,836,1.1527709398487667,0.022402956711389626,0.15,2,70.08995502248875,0.0012818827769285719,0.00032047069423214296,0.02820989358790783,0.03526236698488479,0.2820989358790783,0.35262366984884785
remnant_post_hepatectomy_no_HABR,335,836,561,0.1571960372521053,0.01778123852542897,0.15,1,70.08995502248875,0.0006409413884642859,0.00016023534711607148,0.014104946793953915,0.017631183492442394,0.14104946793953915,0.17631183492442393
remnant_post_hepatectomy_no_HABR,336,836,837,13.674421335108146,0.01778123852542897,0.15,1,70.08995502248875,0.0006409413884642859,0.00016023534711607148,0.014104946793953915,0.017631183492442394,0.14104946793953915,0.17631183492442393
remnant_post_hepatectomy_no_HABR,337,690,1108,6.386082438670896,0.02603300636398889,0.15,3,70.08995502248875,0.0012818827769285719,0.00032047069423214296,0.02820989358790783,0.03526236698488479,0.2820989358790783,0.35262366984884785
remnant_post_hepatectomy_no_HABR,338,1108,691,0.8708294234551176,0.017740117429824096,0.15,1,70.08995502248875,0.0006409413884642859,0.00016023534711607148,0.014104946793953915,0.017631183492442394,0.14104946793953915,0.17631183492442393
remnant_post_hepatectomy_no_HABR,339,1108,1244,11.859735855640961,0.022932377447603777,0.15,2,70.08995502248875,0.0006409413884642859,0.00016023534711607148,0.014104946793953915,0.017631183492442394,0.14104946793953915,0.17631183492442393
remnant_post_hepatectomy_no_HABR,340,1244,1109,1.6172367075873986,0.018201440042229032,0.15,1,70.08995502248875,0.00032047069423214296,8.011767355803574e-05,0.0070524733969769575,0.008815591746221197,0.07052473396976958,0.08815591746221196
remnant_post_hepatectomy_no_HABR,341,1244,1245,15.754534702569305,0.018201440042229032,0.15,1,70.08995502248875,0.00032047069423214296,8.011767355803574e-05,0.0070524733969769575,0.008815591746221197,0.07052473396976958,0.08815591746221196
remnant_post_hepatectomy_no_HABR,342,666,667,3.8156318700811673,0.016905285871532744,0.15,1,70.08995502248875,0.0025637655538571437,0.0006409413884642859,0.05641978717581566,0.07052473396976958,0.5641978717581566,0.7052473396976957
remnant_post_hepatectomy_no_HABR,343,308,408,5.908889914199312,0.029764606303449646,0.15,5,70.08995502248875,0.010255062215428575,0.0025637655538571437,0.22567914870326264,0.2820989358790783,2.2567914870326264,2.820989358790783
remnant_post_hepatectomy_no_HABR,344,408,309,0.8057577155726355,0.01669571354144439,0.15,1,70.08995502248875,0.005127531107714287,0.0012818827769285719,0.11283957435163132,0.14104946793953915,1.1283957435163132,1.4104946793953914
remnant_post_hepatectomy_no_HABR,345,408,996,6.10736553385497,0.027899098271346148,0.15,4,70.08995502248875,0.005127531107714287,0.0012818827769285719,0.11283957435163132,0.14104946793953915,1.1283957435163132,1.4104946793953914
remnant_post_hepatectomy_no_HABR,346,996,482,1.5738764538279542,0.025595500471232224,0.15,3,70.08995502248875,0.0025637655538571437,0.0006409413884642859,0.05641978717581566,0.07052473396976958,0.5641978717581566,0.7052473396976957
remnant_post_hepatectomy_no_HABR,347,482,552,0.9217490385219393,0.022546980151265186,0.15,2,70.08995502248875,0.0012818827769285719,0.00032047069423214296,0.02820989358790783,0.03526236698488479,0.2820989358790783,0.35262366984884785
remnant_post_hepatectomy_no_HABR,348,552,409,0.1256930507075486,0.01789555000541224,0.15,1,70.08995502248875,0.0006409413884642859,0.00016023534711607148,0.014104946793953915,0.017631183492442394,0.14104946793953915,0.17631183492442393
remnant_post_hepatectomy_no_HABR,349,552,553,7.648746693279435,0.01789555000541224,0.15,1,70.08995502248875,0.0006409413884642859,0.00016023534711607148,0.014104946793953915,0.017631183492442394,0.14104946793953915,0.17631183492442393
remnant_post_hepatectomy_no_HABR,350,482,483,6.399711996467381,0.017441980295555982,0.15,1,70.08995502248875,0.0012818827769285719,0.00032047069423214296,0.02820989358790783,0.03526236698488479,0.2820989358790783,0.35262366984884785
remnant_post_hepatectomy_no_HABR,351,996,997,7.265006172182619,0.01703931179464698,0.15,1,70.08995502248875,0.0025637655538571437,0.0006409413884642859,0.05641978717581566,0.07052473396976958,0.5641978717581566,0.7052473396976957
remnant_post_hepatectomy_no_HABR,352,194,528,10.947024710309616,0.030769956080418354,0.15,6,70.08995502248875,0.0410202488617143,0.010255062215428575,0.9027165948130506,1.1283957435163132,9.027165948130506,11.283957435163131
remnant_post_hepatectomy_no_HABR,353,528,224,1.4927760968604065,0.027105138646546435,0.15,4,70.08995502248875,0.02051012443085715,0.005127531107714287,0.4513582974065253,0.5641978717581566,4.513582974065253,5.641978717581566
remnant_post_hepatectomy_no_HABR,354,224,1220,1.492776096860419,0.02151336280063586,0.15,2,70.08995502248875,0.010255062215428575,0.0025637655538571437,0.22567914870326264,0.2820989358790783,2.2567914870326264,2.820989358790783
remnant_post_hepatectomy_no_HABR,355,1220,195,0.2035603768445953,0.017075167370551453,0.15,1,70.08995502248875,0.005127531107714287,0.0012818827769285719,0.11283957435163132,0.14104946793953915,1.1283957435163132,1.4104946793953914
remnant_post_hepatectomy_no_HABR,356,1220,1221,3.2070463255797406,0.017075167370551453,0.15,1,70.08995502248875,0.005127531107714287,0.0012818827769285719,0.11283957435163132,0.14104946793953915,1.1283957435163132,1.4104946793953914
remnant_post_hepatectomy_no_HABR,357,224,500,8.751938206887687,0.02151336280063586,0.15,2,70.08995502248875,0.010255062215428575,0.0025637655538571437,0.22567914870326264,0.2820989358790783,2.2567914870326264,2.820989358790783
remnant_post_hepatectomy_no_HABR,358,500,225,1.1934461191210584,0.017075167370551453,0.15,1,70.08995502248875,0.005127531107714287,0.0012818827769285719,0.11283957435163132,0.14104946793953915,1.1283957435163132,1.4104946793953914
remnant_post_hepatectomy_no_HABR,359,500,501,8.850285625193484,0.017075167370551453,0.15,1,70.08995502248875,0.005127531107714287,0.0012818827769285719,0.11283957435163132,0.14104946793953915,1.1283957435163132,1.4104946793953914
remnant_post_hepatectomy_no_HABR,360,528,876,3.426222793029094,0.020968098211362796,0.15,2,70.08995502248875,0.02051012443085715,0.005127531107714287,0.4513582974065253,0.5641978717581566,4.513582974065253,5.641978717581566
remnant_post_hepatectomy_no_HABR,361,876,529,0.46721219904941963,0.016642390579244916,0.15,1,70.08995502248875,0.010255062215428575,0.0025637655538571437,0.22567914870326264,0.2820989358790783,2.2567914870326264,2.820989358790783
remnant_post_hepatectomy_no_HABR,362,876,877,3.6631942233129693,0.016642390579244916,0.15,1,70.08995502248875,0.010255062215428575,0.0025637655538571437,0.22567914870326264,0.2820989358790783,2.2567914870326264,2.820989358790783
remnant_post_hepatectomy_no_HABR,363,112,114,8.774033580391146,0.05454473076716304,0.2706135468106988,22,70.08995502248875,0.3281619908937144,0.0820404977234286,1.2298909056164182,1.5373636320205226,12.298909056164183,15.373636320205225
remnant_post_hepatectomy_no_HABR,364,114,1016,0.1435750949518486,0.019924289286603652,0.21478611444207443,2,70.08995502248875,0.1640809954468572,0.0410202488617143,1.229890905616419,1.5373636320205235,12.298909056164188,15.373636320205236
remnant_post_hepatectomy_no_HABR,365,1016,113,1.0528840296469513,0.015813918886636687,0.17047585200675552,1,70.08995502248875,0.0820404977234286,0.02051012443085715,1.229890905616419,1.5373636320205235,12.298909056164188,15.373636320205236
remnant_post_hepatectomy_no_HABR,366,1016,1017,6.178782287852983,0.015813918886636687,0.17047585200675552,1,70.08995502248875,0.0820404977234286,0.02051012443085715,1.229890905616419,1.5373636320205235,12.298909056164188,15.373636320205236
remnant_post_hepatectomy_no_HABR,367,114,632,8.33839575982777,0.05364375074237933,0.21478611444207443,20,70.08995502248875,0.1640809954468572,0.0410202488617143,1.229890905616419,1.5373636320205235,12.298909056164188,15.373636320205236
remnant_post_hepatectomy_no_HABR,368,632,1188,5.15651321595114,0.0494041676730536,0.17047585200675552,13,70.08995502248875,0.0820404977234286,0.02051012443085715,1.229890905616419,1.5373636320205235,12.298909056164188,15.373636320205236
remnant_post_hepatectomy_no_HABR,369,1188,118,1.6929799500476308,0.04885737222913959,0.15,12,70.08995502248875,0.0410202488617143,0.010255062215428575,0.9027165948130506,1.1283957435163132,9.027165948130506,11.283957435163131
remnant_post_hepatectomy_no_HABR,370,118,115,2.0710757626127183,0.01592095398187652,0.15,1,70.08995502248875,0.02051012443085715,0.005127531107714287,0.4513582974065253,0.5641978717581566,4.513582974065253,5.641978717581566
remnant_post_hepatectomy_no_HABR,371,118,256,6.626045843964712,0.04828720282997546,0.15,11,70.08995502248875,0.02051012443085715,0.005127531107714287,0.4513582974065253,0.5641978717581566,4.513582974065253,5.641978717581566
remnant_post_hepatectomy_no_HABR,372,256,119,2.570069013729768,0.016026107728131483,0.15,1,70.08995502248875,0.010255062215428575,0.0025637655538571437,0.22567914870326264,0.2820989358790783,2.2567914870326264,2.820989358790783
remnant_post_hepatectomy_no_HABR,373,256,260,4.138583527045098,0.047691447335002995,0.15,10,70.08995502248875,0.010255062215428575,0.0025637655538571437,0.22567914870326264,0.2820989358790783,2.2567914870326264,2.820989358790783
remnant_post_hepatectomy_no_HABR,374,260,257,0.564352299142502,0.016136372176017415,0.15,1,70.08995502248875,0.005127531107714287,0.0012818827769285719,0.11283957435163132,0.14104946793953915,1.1283957435163132,1.4104946793953914
remnant_post_hepatectomy_no_HABR,375,260,416,6.860137849414981,0.04706755564315004,0.15,9,70.08995502248875,0.005127531107714287,0.0012818827769285719,0.11283957435163132,0.14104946793953915,1.1283957435163132,1.4104946793953914
remnant_post_hepatectomy_no_HABR,376,416,348,3.43569547542389,0.04019873998646222,0.15,2,70.08995502248875,0.0025637655538571437,0.0006409413884642859,0.05641978717581566,0.07052473396976958,0.5641978717581566,0.7052473396976957
remnant_post_hepatectomy_no_HABR,377,348,474,1.831654355586394,0.028312332805731234,0.15,1,70.08995502248875,0.0012818827769285719,0.00032047069423214296,0.02820989358790783,0.03526236698488479,0.2820989358790783,0.35262366984884785
remnant_post_hepatectomy_no_HABR,378,474,696,0.2197985226703692,0.02247151343974577,0.15,1,70.08995502248875,0.0012818827769285719,0.00032047069423214296,0.02820989358790783,0.03526236698488479,0.2820989358790783,0.35262366984884785
remnant_post_hepatectomy_no_HABR,379,696,697,9.847554180431079,0.01783565203678499,0.15,1,70.08995502248875,0.0012818827769285719,0.00032047069423214296,0.02820989358790783,0.03526236698488479,0.2820989358790783,0.35262366984884785
remnant_post_hepatectomy_no_HABR,380,348,380,12.073917280523663,0.03483290912915534,0.15,1,70.08995502248875,0.0012818827769285719,0.00032047069423214296,0.02820989358790783,0.03526236698488479,0.2820989358790783,0.35262366984884785
remnant_post_hepatectomy_no_HABR,381,380,738,3.4840190388569865,0.033377699054915354,0.15,1,70.08995502248875,0.0012818827769285719,0.00032047069423214296,0.02820989358790783,0.03526236698488479,0.2820989358790783,0.35262366984884785
remnant_post_hepatectomy_no_HABR,382,738,602,3.6520280381327153,0.0317006675864681,0.15,1,70.08995502248875,0.0012818827769285719,0.00032047069423214296,0.02820989358790783,0.03526236698488479,0.2820989358790783,0.35262366984884785
remnant_post_hepatectomy_no_HABR,383,602,1090,0.856325649238796,0.026896293430413946,0.15,1,70.08995502248875,0.0012818827769285719,0.00032047069423214296,0.02820989358790783,0.03526236698488479,0.2820989358790783,0.35262366984884785
remnant_post_hepatectomy_no_HABR,384,1090,1146,10.273128439497052,0.023692843779309487,0.15,1,70.08995502248875,0.0012818827769285719,0.00032047069423214296,0.02820989358790783,0.03526236698488479,0.2820989358790783,0.35262366984884785
remnant_post_hepatectomy_no_HABR,385,1146,1147,9.712520996041256,0.01880502256969705,0.15,1,70.08995502248875,0.0012818827769285719,0.00032047069423214296,0.02820989358790783,0.03526236698488479,0.2820989358790783,0.35262366984884785
remnant_post_hepatectomy_no_HABR,386,416,478,12.499160806216729,0.03400248988446265,0.15,7,70.08995502248875,0.0025637655538571437,0.0006409413884642859,0.05641978717581566,0.07052473396976958,0.5641978717581566,0.7052473396976957
remnant_post_hepatectomy_no_HABR,387,478,918,1.499899296745991,0.02547941791542588,0.15,3,70.08995502248875,0.0012818827769285719,0.00032047069423214296,0.02820989358790783,0.03526236698488479,0.2820989358790783,0.35262366984884785
remnant_post_hepatectomy_no_HABR,388,918,417,0.20453172228355918,0.017362876171246804,0.15,1,70.08995502248875,0.0006409413884642859,0.00016023534711607148,0.014104946793953915,0.017631183492442394,0.14104946793953915,0.17631183492442393
remnant_post_hepatectomy_no_HABR,389,918,1258,5.084290838637149,0.022444723464211325,0.15,2,70.08995502248875,0.0006409413884642859,0.00016023534711607148,0.014104946793953915,0.017631183492442394,0.14104946793953915,0.17631183492442393
remnant_post_hepatectomy_no_HABR,390,1258,919,0.6933123870868674,0.017814388819112202,0.15,1,70.08995502248875,0.00032047069423214296,8.011767355803574e-05,0.0070524733969769575,0.008815591746221197,0.07052473396976958,0.08815591746221196
remnant_post_hepatectomy_no_HABR,391,1258,1259,4.656798381403097,0.017814388819112202,0.15,1,70.08995502248875,0.00032047069423214296,8.011767355803574e-05,0.0070524733969769575,0.008815591746221197,0.07052473396976958,0.08815591746221196
remnant_post_hepatectomy_no_HABR,392,478,518,5.464004306428213,0.028344128507430236,0.15,4,70.08995502248875,0.0012818827769285719,0.00032047069423214296,0.02820989358790783,0.03526236698488479,0.2820989358790783,0.35262366984884785
remnant_post_hepatectomy_no_HABR,393,518,479,6.3386991732359075,0.017311113014777106,0.15,1,70.08995502248875,0.0006409413884642859,0.00016023534711607148,0.014104946793953915,0.017631183492442394,0.14104946793953915,0.17631183492442393
remnant_post_hepatectomy_no_HABR,394,518,590,4.133609605480767,0.026003785051135722,0.15,3,70.08995502248875,0.0006409413884642859,0.00016023534711607148,0.014104946793953915,0.017631183492442394,0.14104946793953915,0.17631183492442393
remnant_post_hepatectomy_no_HABR,395,590,519,0.5636740371110145,0.01772020465009283,0.15,1,70.08995502248875,0.00032047069423214296,8.011767355803574e-05,0.0070524733969769575,0.008815591746221197,0.07052473396976958,0.08815591746221196
remnant_post_hepatectomy_no_HABR,396,590,616,12.068854795671507,0.02290663650295475,0.15,2,70.08995502248875,0.00032047069423214296,8.011767355803574e-05,0.0070524733969769575,0.008815591746221197,0.07052473396976958,0.08815591746221196
remnant_post_hepatectomy_no_HABR,397,616,591,1.6457529266824777,0.018181009440921766,0.15,1,70.08995502248875,0.00016023534711607148,4.005883677901787e-05,0.0035262366984884787,0.0044077958731105985,0.03526236698488479,0.04407795873110598
remnant_post_hepatectomy_no_HABR,398,616,617,9.930117275967092,0.018181009440921766,0.15,1,70.08995502248875,0.00016023534711607148,4.005883677901787e-05,0.0035262366984884787,0.0044077958731105985,0.03526236698488479,0.04407795873110598
remnant_post_hepatectomy_no_HABR,399,1188,1189,2.22520112694264,0.0158204653924026,0.15,1,70.08995502248875,0.0410202488617143,0.010255062215428575,0.9027165948130506,1.1283957435163132,9.027165948130506,11.283957435163131
remnant_post_hepatectomy_no_HABR,400,632,1238,3.5961019028583845,0.03232728824363703,0.17047585200675552,7,70.08995502248875,0.0820404977234286,0.02051012443085715,1.229890905616419,1.5373636320205235,12.298909056164188,15.373636320205236
remnant_post_hepatectomy_no_HABR,401,1238,770,4.006726604051755,0.030976755178753708,0.15,6,70.08995502248875,0.0410202488617143,0.010255062215428575,0.9027165948130506,1.1283957435163132,9.027165948130506,11.283957435163131
remnant_post_hepatectomy_no_HABR,402,770,1150,3.4796813727399565,0.027287307194909353,0.15,4,70.08995502248875,0.02051012443085715,0.005127531107714287,0.4513582974065253,0.5641978717581566,4.513582974065253,5.641978717581566
remnant_post_hepatectomy_no_HABR,403,1150,994,1.6110401342003255,0.02503422430979742,0.15,3,70.08995502248875,0.010255062215428575,0.0025637655538571437,0.22567914870326264,0.2820989358790783,2.2567914870326264,2.820989358790783
remnant_post_hepatectomy_no_HABR,404,994,633,0.694189296400961,0.017059500267118395,0.15,1,70.08995502248875,0.005127531107714287,0.0012818827769285719,0.11283957435163132,0.14104946793953915,1.1283957435163132,1.4104946793953914
remnant_post_hepatectomy_no_HABR,405,994,1124,6.450654752911891,0.022052554090502188,0.15,2,70.08995502248875,0.005127531107714287,0.0012818827769285719,0.11283957435163132,0.14104946793953915,1.1283957435163132,1.4104946793953914
remnant_post_hepatectomy_no_HABR,406,1124,995,0.8796347390334385,0.0175031237809244,0.15,1,70.08995502248875,0.0025637655538571437,0.0006409413884642859,0.05641978717581566,0.07052473396976958,0.5641978717581566,0.7052473396976957
remnant_post_hepatectomy_no_HABR,407,1124,1125,5.064402413274495,0.0175031237809244,0.15,1,70.08995502248875,0.0025637655538571437,0.0006409413884642859,0.05641978717581566,0.07052473396976958,0.5641978717581566,0.7052473396976957
remnant_post_hepatectomy_no_HABR,408,1150,1151,2.485163191775519,0.01666566176469975,0.15,1,70.08995502248875,0.010255062215428575,0.0025637655538571437,0.22567914870326264,0.2820989358790783,2.2567914870326264,2.820989358790783
remnant_post_hepatectomy_no_HABR,409,770,1054,9.419802118691647,0.02110902086307488,0.15,2,70.08995502248875,0.02051012443085715,0.005127531107714287,0.4513582974065253,0.5641978717581566,4.513582974065253,5.641978717581566
remnant_post_hepatectomy_no_HABR,410,1054,771,1.2845184707306767,0.016754240962031874,0.15,1,70.08995502248875,0.010255062215428575,0.0025637655538571437,0.22567914870326264,0.2820989358790783,2.2567914870326264,2.820989358790783
remnant_post_hepatectomy_no_HABR,411,1054,1055,6.513469328577063,0.016754240962031874,0.15,1,70.08995502248875,0.010255062215428575,0.0025637655538571437,0.22567914870326264,0.2820989358790783,2.2567914870326264,2.820989358790783
remnant_post_hepatectomy_no_HABR,412,1238,1239,0.6947488515069442,0.01595261031644,0.15,1,70.08995502248875,0.0410202488617143,0.010255062215428575,0.9027165948130506,1.1283957435163132,9.027165948130506,11.283957435163131
remnant_post_hepatectomy_no_HABR,413,98,1268,6.796371056678022,0.06282142202043892,0.5412270936213975,1,70.08995502248875,2.625295927149715,0.6563239817874288,1.2298909056164191,1.5373636320205237,12.298909056164192,15.373636320205238
remnant_post_hepatectomy_no_HABR,414,1268,99,2.055825916934233,0.04986139570069149,0.5412270936213975,1,70.08995502248875,2.625295927149715,0.6563239817874288,1.2298909056164191,1.5373636320205237,12.298909056164192,15.373636320205238
remnant_post_hepatectomy_no_HABR,415,70,1214,5.168050738552285,0.06980662768241272,0.681903408027022,1,70.08995502248875,5.25059185429943,1.3126479635748576,1.2298909056164193,1.537363632020524,12.298909056164193,15.37363632020524
remnant_post_hepatectomy_no_HABR,416,1214,1215,8.691834774699679,0.055405557108707204,0.681903408027022,1,70.08995502248875,5.25059185429943,1.3126479635748576,1.2298909056164193,1.537363632020524,12.298909056164193,15.37363632020524
remnant_post_hepatectomy_no_HABR,417,50,126,7.406397863103988,0.20081209571565142,0.873523899057987,2,70.08995502248875,11.037330623640301,2.7593326559100753,1.229890905616419,1.5373636320205235,12.298909056164188,15.373636320205236
remnant_post_hepatectomy_no_HABR,418,126,526,8.018819061702773,0.19365161049051435,0.873523899057987,2,70.08995502248875,11.037330623640301,2.7593326559100753,1.229890905616419,1.5373636320205235,12.298909056164188,15.373636320205236
remnant_post_hepatectomy_no_HABR,419,526,778,11.392913286322578,0.16142600592088097,0.873523899057987,2,70.08995502248875,11.037330623640301,2.7593326559100753,1.229890905616419,1.5373636320205235,12.298909056164188,15.373636320205236
remnant_post_hepatectomy_no_HABR,420,778,964,5.029871652134148,0.1480972384996615,0.873523899057987,2,70.08995502248875,11.037330623640301,2.7593326559100753,1.229890905616419,1.5373636320205235,12.298909056164188,15.373636320205236
remnant_post_hepatectomy_no_HABR,421,964,1038,7.67333612424204,0.1304583006947666,0.873523899057987,2,70.08995502248875,11.037330623640301,2.7593326559100753,1.229890905616419,1.5373636320205235,12.298909056164188,15.373636320205236
remnant_post_hepatectomy_no_HABR,422,1038,965,4.457611625245277,0.10354482188042813,0.6933163781420059,1,70.08995502248875,5.5186653118201505,1.3796663279550376,1.229890905616419,1.5373636320205235,12.298909056164188,15.373636320205236
remnant_post_hepatectomy_no_HABR,423,1038,1039,10.929302832166899,0.10354482188042813,0.6933163781420059,1,70.08995502248875,5.5186653118201505,1.3796663279550376,1.229890905616419,1.5373636320205235,12.298909056164188,15.373636320205236
remnant_post_hepatectomy_no_HABR,424,68,434,6.649662584645009,0.26150259914544904,0.7390278121202744,3,70.08995502248875,6.683778139926851,1.6709445349817127,1.2298909056164191,1.5373636320205237,12.298909056164192,15.373636320205238
remnant_post_hepatectomy_no_HABR,425,434,69,2.6946744870778008,0.17820019525142786,0.5036083803619062,1,70.08995502248875,2.1150396960979725,0.5287599240244931,1.2298909056164191,1.537363632020524,12.298909056164192,15.37363632020524
remnant_post_hepatectomy_no_HABR,426,434,722,8.638951682112022,0.23035665659530838,0.6510068216808956,2,70.08995502248875,4.568738443828877,1.1421846109572193,1.2298909056164191,1.537363632020524,12.298909056164192,15.37363632020524
remnant_post_hepatectomy_no_HABR,427,722,435,1.2713326575406743,0.18283419950363494,0.5167044567873639,1,70.08995502248875,2.2843692219144387,0.5710923054786097,1.2298909056164191,1.5373636320205237,12.298909056164192,15.373636320205238
remnant_post_hepatectomy_no_HABR,428,722,723,5.006686243651926,0.18283419950363494,0.5167044567873639,1,70.08995502248875,2.2843692219144387,0.5710923054786097,1.2298909056164191,1.5373636320205237,12.298909056164192,15.373636320205238
remnant_post_hepatectomy_with_HABR,0,0,1,14.879061388551216,1.6176033385480426,1.6176033385480426,187,150.0,150.0,37.5,2.632098077153428,3.290122596441785,26.32098077153428,32.90122596441785
remnant_post_hepatectomy_with_HABR,1,1,2,12.744757483720921,1.4185149712131324,1.6176033385480426,187,150.0,150.0,37.5,2.632098077153428,3.290122596441785,26.32098077153428,32.90122596441785
remnant_post_hepatectomy_with_HABR,2,2,3,12.629562157356032,1.2443124118612137,1.6176033385480426,187,150.0,150.0,37.5,2.632098077153428,3.290122596441785,26.32098077153428,32.90122596441785
remnant_post_hepatectomy_with_HABR,3,3,4,0.159881441258806,1.119879219943347,1.6176033385480426,187,150.0,150.0,37.5,2.632098077153428,3.290122596441785,26.32098077153428,32.90122596441785
remnant_post_hepatectomy_with_HABR,4,4,5,4.516570406967119,1.119879219943347,1.6176033385480426,187,150.0,150.0,37.5,2.632098077153428,3.290122596441785,26.32098077153428,32.90122596441785
remnant_post_hepatectomy_with_HABR,5,5,6,0.1615385257231706,0.9083450705494114,1.6176033385480426,187,150.0,150.0,37.5,2.632098077153428,3.290122596441785,26.32098077153428,32.90122596441785
remnant_post_hepatectomy_with_HABR,6,6,7,12.096337243613128,0.7406745840950653,1.6176033385480426,187,150.0,150.0,37.5,2.632098077153428,3.290122596441785,26.32098077153428,32.90122596441785
remnant_post_hepatectomy_with_HABR,7,7,160,0.8632794259246684,0.725861092413164,1.6176033385480426,187,150.0,150.0,37.5,2.632098077153428,3.290122596441785,26.32098077153428,32.90122596441785
remnant_post_hepatectomy_with_HABR,8,160,8,6.330715790114281,0.7166307230618508,1.6176033385480426,187,150.0,150.0,37.5,2.632098077153428,3.290122596441785,26.32098077153428,32.90122596441785
remnant_post_hepatectomy_with_HABR,9,8,276,3.043112179342615,0.7092577864515041,1.6176033385480426,187,150.0,150.0,37.5,2.632098077153428,3.290122596441785,26.32098077153428,32.90122596441785
remnant_post_hepatectomy_with_HABR,10,276,342,5.932028860331278,0.6569273083524391,1.6176033385480426,187,150.0,150.0,37.5,2.632098077153428,3.290122596441785,26.32098077153428,32.90122596441785
remnant_post_hepatectomy_with_HABR,11,342,9,1.4039110269684425,0.632634416321947,1.6176033385480426,187,150.0,150.0,37.5,2.632098077153428,3.290122596441785,26.32098077153428,32.90122596441785
remnant_post_hepatectomy_with_HABR,12,9,68,8.930141145969223,0.5723837052939299,1.6176033385480426,187,150.0,150.0,37.5,2.632098077153428,3.290122596441785,26.32098077153428,32.90122596441785
remnant_post_hepatectomy_with_HABR,13,68,82,3.220879984479059,0.553578469431686,1.5644581982660912,184,150.0,135.69599993797473,33.92399998449368,2.6320980771534273,3.2901225964417846,26.320980771534273,32.90122596441785
remnant_post_hepatectomy_with_HABR,14,82,10,0.46621347915529465,0.465933910128335,1.5644581982660912,184,150.0,135.69599993797473,33.92399998449368,2.6320980771534273,3.2901225964417846,26.320980771534273,32.90122596441785
remnant_post_hepatectomy_with_HABR,15,10,106,5.664179974150869,0.38399159959006757,1.2893219252458492,81,150.0,75.95550566594746,18.988876416486864,2.6320980771534264,3.2901225964417833,26.320980771534263,32.90122596441783
remnant_post_hepatectomy_with_HABR,16,106,11,0.7723881782933019,0.3243631941423702,1.0891086638275285,72,150.0,45.78137096499743,11.445342741249357,2.632098077153428,3.290122596441785,26.32098077153428,32.90122596441785
remnant_post_hepatectomy_with_HABR,17,11,432,3.502198328660833,0.31787593025952277,1.0891086638275285,72,150.0,45.78137096499743,11.445342741249357,2.632098077153428,3.290122596441785,26.32098077153428,32.90122596441785
remnant_post_hepatectomy_with_HABR,18,432,12,5.611358224310183,0.3101106231105473,1.050874776679366,71,150.0,41.12709740331021,10.281774350827552,2.6320980771534264,3.2901225964417833,26.320980771534263,32.90122596441783
remnant_post_hepatectomy_with_HABR,19,12,13,3.609122712248635,0.2609333156950017,0.8842271738670572,14,150.0,24.500036284291014,6.125009071072753,2.632098077153428,3.290122596441785,26.32098077153428,32.90122596441785
remnant_post_hepatectomy_with_HABR,20,13,14,6.181451559077022,0.25571464938110167,0.8842271738670572,14,150.0,24.500036284291014,6.125009071072753,2.632098077153428,3.290122596441785,26.32098077153428,32.90122596441785
remnant_post_hepatectomy_with_HABR,21,14,56,5.005975968200014,0.2506003563934796,0.8842271738670572,14,150.0,24.500036284291014,6.125009071072753,2.632098077153428,3.290122596441785,26.32098077153428,32.90122596441785
remnant_post_hepatectomy_with_HABR,22,56,192,5.330587657631198,0.16993137010235973,0.5995918653086004,7,150.0,7.639102752071033,1.9097756880177583,2.6320980771534273,3.2901225964417846,26.320980771534273,32.90122596441785
remnant_post_hepatectomy_with_HABR,23,192,258,7.406806623268444,0.15907720170950437,0.48945104769173886,6,150.0,4.155305345923269,1.0388263364808172,2.6320980771534273,3.2901225964417837,26.320980771534273,32.90122596441784
remnant_post_hepatectomy_with_HABR,24,258,426,0.3500787179498308,0.12580443581320366,0.3884775539964018,2,150.0,2.0776526729616345,0.5194131682404086,2.632098077153428,3.2901225964417846,26.32098077153428,32.90122596441785
remnant_post_hepatectomy_with_HABR,25,426,15,0.6599403670413233,0.11776882396553744,0.30833483893996066,1,150.0,1.0388263364808172,0.2597065841202043,2.632098077153427,3.2901225964417833,26.320980771534266,32.90122596441783
remnant_post_hepatectomy_with_HABR,26,426,427,4.183069780780877,0.07098484747368712,0.30833483893996066,1,150.0,1.0388263364808172,0.2597065841202043,2.632098077153427,3.2901225964417833,26.320980771534266,32.90122596441783
remnant_post_hepatectomy_with_HABR,27,258,1020,11.336423318335687,0.12671162241738348,0.3884775539964018,4,150.0,2.0776526729616345,0.5194131682404086,2.632098077153428,3.2901225964417846,26.32098077153428,32.90122596441785
remnant_post_hepatectomy_with_HABR,28,1020,588,2.2554424050479605,0.11624918338761239,0.30833483893996066,3,150.0,1.0388263364808172,0.2597065841202043,2.632098077153427,3.2901225964417833,26.320980771534266,32.90122596441783
remnant_post_hepatectomy_with_HABR,29,588,259,1.853436235006848,0.07921767219594417,0.24472552384586943,1,150.0,0.5194131682404086,0.12985329206010215,2.6320980771534273,3.2901225964417837,26.320980771534273,32.90122596441784
remnant_post_hepatectomy_with_HABR,30,588,658,12.615630269361239,0.10240346866384593,0.24472552384586943,2,150.0,0.5194131682404086,0.12985329206010215,2.6320980771534273,3.2901225964417837,26.320980771534273,32.90122596441784
remnant_post_hepatectomy_with_HABR,31,658,589,1.7203132185492418,0.0812776869410908,0.19423877699820094,1,150.0,0.2597065841202043,0.06492664603005108,2.632098077153427,3.2901225964417833,26.320980771534266,32.90122596441783
remnant_post_hepatectomy_with_HABR,32,658,659,7.658015683539712,0.0812776869410908,0.19423877699820094,1,150.0,0.2597065841202043,0.06492664603005108,2.632098077153427,3.2901225964417833,26.320980771534266,32.90122596441783
remnant_post_hepatectomy_with_HABR,33,1020,1021,3.612808369540739,0.07738883964550443,0.30833483893996066,1,150.0,1.0388263364808172,0.2597065841202043,2.632098077153427,3.2901225964417833,26.320980771534266,32.90122596441783
remnant_post_hepatectomy_with_HABR,34,192,193,3.250405336815793,0.09588336301290157,0.4615221814614957,1,150.0,3.4837974061477643,0.8709493515369411,2.632098077153428,3.290122596441785,26.32098077153428,32.90122596441785
remnant_post_hepatectomy_with_HABR,35,56,172,10.933262454272299,0.2212517157521758,0.780672390687287,7,150.0,16.860933532219978,4.215233383054994,2.6320980771534273,3.290122596441784,26.320980771534273,32.90122596441784
remnant_post_hepatectomy_with_HABR,36,172,804,1.3119914945126805,0.1756076031673865,0.6196200871097644,4,150.0,8.430466766109989,2.107616691527497,2.6320980771534273,3.290122596441784,26.320980771534273,32.90122596441784
remnant_post_hepatectomy_with_HABR,37,804,57,0.17890793106990843,0.10725195039557664,0.4736306772610225,1,150.0,3.7652570252374553,0.9413142563093638,2.632098077153427,3.2901225964417837,26.320980771534266,32.90122596441784
remnant_post_hepatectomy_with_HABR,38,804,842,3.480264097505396,0.1611078768893102,0.5087042189544628,3,150.0,4.665209740872534,1.1663024352181335,2.632098077153427,3.2901225964417837,26.320980771534266,32.90122596441784
remnant_post_hepatectomy_with_HABR,39,842,906,9.902301551814432,0.14191932314503694,0.40375880615448784,2,150.0,2.332604870436267,0.5831512176090667,2.632098077153427,3.2901225964417837,26.320980771534266,32.90122596441784
remnant_post_hepatectomy_with_HABR,40,906,805,2.4861423850480397,0.11264144142752328,0.3204635768155291,1,150.0,1.1663024352181335,0.29157560880453337,2.632098077153427,3.2901225964417837,26.320980771534266,32.90122596441784
remnant_post_hepatectomy_with_HABR,41,906,907,2.8886028254871077,0.11264144142752328,0.3204635768155291,1,150.0,1.1663024352181335,0.29157560880453337,2.632098077153427,3.2901225964417837,26.320980771534266,32.90122596441784
remnant_post_hepatectomy_with_HABR,42,842,843,9.06167045951366,0.10978650006552988,0.40375880615448784,1,150.0,2.332604870436267,0.5831512176090667,2.632098077153427,3.2901225964417837,26.320980771534266,32.90122596441784
remnant_post_hepatectomy_with_HABR,43,172,180,14.74435364636,0.1756076031673865,0.6196200871097644,3,150.0,8.430466766109989,2.107616691527497,2.6320980771534273,3.290122596441784,26.320980771534273,32.90122596441784
remnant_post_hepatectomy_with_HABR,44,180,610,1.7693224375632077,0.13937984700076175,0.49179278904933366,2,150.0,4.215233383054994,1.0538083457637486,2.6320980771534264,3.2901225964417824,26.320980771534263,32.901225964417826
remnant_post_hepatectomy_with_HABR,45,610,173,0.24127124148588872,0.11062585787608796,0.3903361953436435,1,150.0,2.107616691527497,0.5269041728818743,2.6320980771534273,3.290122596441784,26.320980771534273,32.90122596441784
remnant_post_hepatectomy_with_HABR,46,610,611,4.452477566390373,0.11062585787608796,0.3903361953436435,1,150.0,2.107616691527497,0.5269041728818743,2.6320980771534273,3.290122596441784,26.320980771534273,32.90122596441784
remnant_post_hepatectomy_with_HABR,47,180,240,6.897638066401447,0.13937984700076175,0.49179278904933366,1,150.0,4.215233383054994,1.0538083457637486,2.6320980771534264,3.2901225964417824,26.320980771534263,32.901225964417826
remnant_post_hepatectomy_with_HABR,48,240,241,4.205566875974491,0.11062585787608796,0.49179278904933366,1,150.0,4.215233383054994,1.0538083457637486,2.6320980771534264,3.2901225964417824,26.320980771534263,32.901225964417826
remnant_post_hepatectomy_with_HABR,49,12,16,11.825979074192642,0.22930443513129875,0.7770460896926169,57,150.0,16.627061119019196,4.156765279754799,2.632098077153428,3.2901225964417855,26.32098077153428,32.901225964417854
remnant_post_hepatectomy_with_HABR,50,16,212,7.908825007833531,0.1476728383587099,0.5061513973946229,2,150.0,4.5953275820722075,1.1488318955180519,2.632098077153428,3.290122596441785,26.32098077153428,32.90122596441785
remnant_post_hepatectomy_with_HABR,51,212,17,1.0784761374318426,0.12100931897786137,0.4017326303396993,1,150.0,2.2976637910361037,0.5744159477590259,2.6320980771534273,3.2901225964417846,26.320980771534273,32.90122596441785
remnant_post_hepatectomy_with_HABR,52,212,854,12.903274960297171,0.1131427098605708,0.4017326303396993,1,150.0,2.2976637910361037,0.5744159477590259,2.6320980771534273,3.2901225964417846,26.320980771534273,32.90122596441785
remnant_post_hepatectomy_with_HABR,53,854,213,1.759537494585979,0.08980142832760145,0.4017326303396993,1,150.0,2.2976637910361037,0.5744159477590259,2.6320980771534273,3.2901225964417846,26.320980771534273,32.90122596441785
remnant_post_hepatectomy_with_HABR,54,16,1170,5.912566017636421,0.2067418994932154,0.697618008856731,55,150.0,12.031733536946987,3.007933384236747,2.6320980771534286,3.290122596441785,26.320980771534288,32.90122596441785
remnant_post_hepatectomy_with_HABR,55,1170,18,2.669201163290166,0.19802828817538345,0.6185486118842723,54,150.0,8.386807311872168,2.096701827968042,2.632098077153427,3.2901225964417837,26.320980771534266,32.90122596441784
remnant_post_hepatectomy_with_HABR,56,18,130,11.281960983685394,0.19406772241187578,0.6185486118842723,54,150.0,8.386807311872168,2.096701827968042,2.632098077153427,3.2901225964417837,26.320980771534266,32.90122596441784
remnant_post_hepatectomy_with_HABR,57,130,236,3.689637293102002,0.18053345687677,0.5317939785659797,52,150.0,5.329732373915546,1.3324330934788866,2.632098077153427,3.2901225964417837,26.320980771534266,32.90122596441784
remnant_post_hepatectomy_with_HABR,58,236,128,1.995268164507612,0.17425055783217,0.4511432501583832,51,150.0,3.2540074828542105,0.8135018707135526,2.6320980771534264,3.2901225964417833,26.320980771534263,32.90122596441783
remnant_post_hepatectomy_with_HABR,59,128,19,2.3136636056311484,0.11541854488556796,0.35162327247667097,35,150.0,1.5406641953352067,0.3851660488338017,2.632098077153427,3.290122596441784,26.320980771534266,32.90122596441784
remnant_post_hepatectomy_with_HABR,60,19,20,10.36765446977808,0.1131101739878566,0.35162327247667097,35,150.0,1.5406641953352067,0.3851660488338017,2.632098077153427,3.290122596441784,26.320980771534266,32.90122596441784
remnant_post_hepatectomy_with_HABR,61,20,1106,6.22157512416166,0.08977559691502225,0.27908357631298414,2,150.0,0.7703320976676034,0.19258302441690084,2.632098077153427,3.290122596441784,26.320980771534266,32.90122596441784
remnant_post_hepatectomy_with_HABR,62,1106,21,0.8483966078402229,0.08259193801695909,0.22150878131313914,1,150.0,0.3851660488338017,0.09629151220845042,2.632098077153428,3.2901225964417855,26.32098077153428,32.901225964417854
remnant_post_hepatectomy_with_HABR,63,1106,1107,6.95608759596636,0.0543070768108566,0.22150878131313914,1,150.0,0.3851660488338017,0.09629151220845042,2.632098077153428,3.2901225964417855,26.32098077153428,32.901225964417854
remnant_post_hepatectomy_with_HABR,64,20,66,8.85051588726593,0.08977561226160609,0.27908357631298414,33,150.0,0.7703320976676034,0.19258302441690084,2.632098077153427,3.290122596441784,26.320980771534266,32.90122596441784
remnant_post_hepatectomy_with_HABR,65,66,76,1.0620619064719032,0.04747670828026064,0.22150878131313914,18,150.0,0.3851660488338017,0.09629151220845042,2.632098077153428,3.2901225964417855,26.32098077153428,32.901225964417854
remnant_post_hepatectomy_with_HABR,66,76,22,0.14482662360981066,0.019966019802511992,0.17581163623833548,1,150.0,0.19258302441690084,0.04814575610422521,2.632098077153427,3.290122596441784,26.320980771534266,32.90122596441784
remnant_post_hepatectomy_with_HABR,67,76,84,9.635773360335735,0.046269215832159476,0.17581163623833548,17,150.0,0.19258302441690084,0.04814575610422521,2.632098077153427,3.290122596441784,26.320980771534266,32.90122596441784
remnant_post_hepatectomy_with_HABR,68,84,856,4.1425748036049335,0.03269037573669993,0.15,10,150.0,0.09629151220845042,0.024072878052112605,2.119049699167987,2.648812123959984,21.190496991679872,26.48812123959984
remnant_post_hepatectomy_with_HABR,69,856,102,1.0119785499702125,0.031887762418851245,0.15,9,150.0,0.04814575610422521,0.012036439026056302,1.0595248495839935,1.324406061979992,10.595248495839936,13.24406061979992
remnant_post_hepatectomy_with_HABR,70,102,132,2.0628950463450217,0.02857233171201198,0.15,6,150.0,0.024072878052112605,0.006018219513028151,0.5297624247919968,0.662203030989996,5.297624247919968,6.62203030989996
remnant_post_hepatectomy_with_HABR,71,132,77,0.2813038699561417,0.014099644554117642,0.15,1,150.0,0.012036439026056302,0.0030091097565140756,0.2648812123959984,0.331101515494998,2.648812123959984,3.31101515494998
remnant_post_hepatectomy_with_HABR,72,132,788,9.681581307321734,0.027378668995019884,0.15,5,150.0,0.012036439026056302,0.0030091097565140756,0.2648812123959984,0.331101515494998,2.648812123959984,3.31101515494998
remnant_post_hepatectomy_with_HABR,73,788,133,1.3202156328166033,0.014326713146320709,0.15,1,150.0,0.006018219513028151,0.0015045548782570378,0.1324406061979992,0.165550757747499,1.324406061979992,1.65550757747499
remnant_post_hepatectomy_with_HABR,74,788,928,3.78346413392126,0.026003053216553332,0.15,4,150.0,0.006018219513028151,0.0015045548782570378,0.1324406061979992,0.165550757747499,1.324406061979992,1.65550757747499
remnant_post_hepatectomy_with_HABR,75,928,1040,5.271331587038652,0.022062177318235114,0.15,3,150.0,0.0030091097565140756,0.0007522774391285189,0.0662203030989996,0.0827753788737495,0.662203030989996,0.827753788737495
remnant_post_hepatectomy_with_HABR,76,1040,1350,0.632559790444639,0.019434489067601046,0.15,2,150.0,0.0015045548782570378,0.00037613871956425945,0.0331101515494998,0.04138768943687475,0.331101515494998,0.4138768943687475
remnant_post_hepatectomy_with_HABR,77,1350,789,0.08625815324244843,0.015425164195187191,0.15,1,150.0,0.0007522774391285189,0.00018806935978212973,0.0165550757747499,0.020693844718437375,0.165550757747499,0.20693844718437376
remnant_post_hepatectomy_with_HABR,78,1350,1351,7.249681012394219,0.015425164195187191,0.15,1,150.0,0.0007522774391285189,0.00018806935978212973,0.0165550757747499,0.020693844718437375,0.165550757747499,0.20693844718437376
remnant_post_hepatectomy_with_HABR,79,1040,1041,14.402257570834934,0.015034207379309486,0.15,1,150.0,0.0015045548782570378,0.00037613871956425945,0.0331101515494998,0.04138768943687475,0.331101515494998,0.4138768943687475
remnant_post_hepatectomy_with_HABR,80,928,1222,1.258190942821189,0.018985821172890882,0.15,1,150.0,0.0030091097565140756,0.0007522774391285189,0.0662203030989996,0.0827753788737495,0.662203030989996,0.827753788737495
remnant_post_hepatectomy_with_HABR,81,1222,929,0.17157149220289483,0.015069056251163556,0.15,1,150.0,0.0030091097565140756,0.0007522774391285189,0.0662203030989996,0.0827753788737495,0.662203030989996,0.827753788737495
remnant_post_hepatectomy_with_HABR,82,102,704,7.125212287827421,0.020876514198219447,0.15,3,150.0,0.024072878052112605,0.006018219513028151,0.5297624247919968,0.662203030989996,5.297624247919968,6.62203030989996
remnant_post_hepatectomy_with_HABR,83,704,103,1.9846237885044002,0.014226240650949394,0.15,1,150.0,0.012036439026056302,0.0030091097565140756,0.2648812123959984,0.331101515494998,2.648812123959984,3.31101515494998
remnant_post_hepatectomy_with_HABR,84,704,1142,5.843992290191028,0.01839004288210345,0.15,2,150.0,0.012036439026056302,0.0030091097565140756,0.2648812123959984,0.331101515494998,2.648812123959984,3.31101515494998
remnant_post_hepatectomy_with_HABR,85,1142,705,2.5185336456831524,0.014596186708395664,0.15,1,150.0,0.006018219513028151,0.0015045548782570378,0.1324406061979992,0.165550757747499,1.324406061979992,1.65550757747499
remnant_post_hepatectomy_with_HABR,86,1142,1143,4.515964396248216,0.014596186708395664,0.15,1,150.0,0.006018219513028151,0.0015045548782570378,0.1324406061979992,0.165550757747499,1.324406061979992,1.65550757747499
remnant_post_hepatectomy_with_HABR,87,856,857,8.173900636691263,0.013591070813104988,0.15,1,150.0,0.04814575610422521,0.012036439026056302,1.0595248495839935,1.324406061979992,10.595248495839936,13.24406061979992
remnant_post_hepatectomy_with_HABR,88,84,144,7.941346501112656,0.040025002028160686,0.15,7,150.0,0.09629151220845042,0.024072878052112605,2.119049699167987,2.648812123959984,21.190496991679872,26.48812123959984
remnant_post_hepatectomy_with_HABR,89,144,85,1.0829108865153645,0.013542435073012074,0.15,1,150.0,0.04814575610422521,0.012036439026056302,1.0595248495839935,1.324406061979992,10.595248495839936,13.24406061979992
remnant_post_hepatectomy_with_HABR,90,144,200,5.2089677564442445,0.03950140151638843,0.15,6,150.0,0.04814575610422521,0.012036439026056302,1.0595248495839935,1.324406061979992,10.595248495839936,13.24406061979992
remnant_post_hepatectomy_with_HABR,91,200,360,2.0946579518206576,0.03751669030901124,0.15,4,150.0,0.024072878052112605,0.006018219513028151,0.5297624247919968,0.662203030989996,5.297624247919968,6.62203030989996
remnant_post_hepatectomy_with_HABR,92,360,582,0.6589233408969909,0.03687317860122994,0.15,3,150.0,0.012036439026056302,0.0030091097565140756,0.2648812123959984,0.331101515494998,2.648812123959984,3.31101515494998
remnant_post_hepatectomy_with_HABR,93,582,346,2.22422338666908,0.036188413599658055,0.15,2,150.0,0.006018219513028151,0.0015045548782570378,0.1324406061979992,0.165550757747499,1.324406061979992,1.65550757747499
remnant_post_hepatectomy_with_HABR,94,346,364,0.5973365615263925,0.035456353713500026,0.15,1,150.0,0.0030091097565140756,0.0007522774391285189,0.0662203030989996,0.0827753788737495,0.662203030989996,0.827753788737495
remnant_post_hepatectomy_with_HABR,95,364,145,0.08145498566270043,0.01426416546709364,0.15,1,150.0,0.0030091097565140756,0.0007522774391285189,0.0662203030989996,0.0827753788737495,0.662203030989996,0.827753788737495
remnant_post_hepatectomy_with_HABR,96,346,347,10.793650730891166,0.01412528806748277,0.15,1,150.0,0.0030091097565140756,0.0007522774391285189,0.0662203030989996,0.0827753788737495,0.662203030989996,0.827753788737495
remnant_post_hepatectomy_with_HABR,97,582,583,4.065810092633975,0.013995806622551774,0.15,1,150.0,0.006018219513028151,0.0015045548782570378,0.1324406061979992,0.165550757747499,1.324406061979992,1.65550757747499
remnant_post_hepatectomy_with_HABR,98,360,361,3.9333543923958603,0.013874543788403497,0.15,1,150.0,0.012036439026056302,0.0030091097565140756,0.2648812123959984,0.331101515494998,2.648812123959984,3.31101515494998
remnant_post_hepatectomy_with_HABR,99,200,580,9.716406097149891,0.020670298052322237,0.15,2,150.0,0.024072878052112605,0.006018219513028151,0.5297624247919968,0.662203030989996,5.297624247919968,6.62203030989996
remnant_post_hepatectomy_with_HABR,100,580,1282,4.346798470973838,0.01820838785435197,0.15,1,150.0,0.012036439026056302,0.0030091097565140756,0.2648812123959984,0.331101515494998,2.648812123959984,3.31101515494998
remnant_post_hepatectomy_with_HABR,101,1282,201,0.5927452460418863,0.014452007017321657,0.15,1,150.0,0.012036439026056302,0.0030091097565140756,0.2648812123959984,0.331101515494998,2.648812123959984,3.31101515494998
remnant_post_hepatectomy_with_HABR,102,580,581,6.080892428190592,0.014085715250502265,0.15,1,150.0,0.012036439026056302,0.0030091097565140756,0.2648812123959984,0.331101515494998,2.648812123959984,3.31101515494998
remnant_post_hepatectomy_with_HABR,103,66,870,4.864873854262549,0.08511157963144456,0.22150878131313914,15,150.0,0.3851660488338017,0.09629151220845042,2.632098077153428,3.2901225964417855,26.32098077153428,32.901225964417854
remnant_post_hepatectomy_with_HABR,104,870,138,7.494062562931993,0.08365168811357686,0.17581163623833548,14,150.0,0.19258302441690084,0.04814575610422521,2.632098077153427,3.290122596441784,26.320980771534266,32.90122596441784
remnant_post_hepatectomy_with_HABR,105,138,372,1.4830723700633481,0.05851587218235648,0.15,5,150.0,0.09629151220845042,0.024072878052112605,2.119049699167987,2.648812123959984,21.190496991679872,26.48812123959984
remnant_post_hepatectomy_with_HABR,106,372,67,0.2022371413722854,0.03282301904564988,0.15,1,150.0,0.04814575610422521,0.012036439026056302,1.0595248495839935,1.324406061979992,10.595248495839936,13.24406061979992
remnant_post_hepatectomy_with_HABR,107,372,730,5.861816447278734,0.054848367615058506,0.15,4,150.0,0.04814575610422521,0.012036439026056302,1.0595248495839935,1.324406061979992,10.595248495839936,13.24406061979992
remnant_post_hepatectomy_with_HABR,108,730,838,5.925391234982901,0.050319598342696205,0.15,3,150.0,0.024072878052112605,0.006018219513028151,0.5297624247919968,0.662203030989996,5.297624247919968,6.62203030989996
remnant_post_hepatectomy_with_HABR,109,838,373,0.8080078956794852,0.034290145791837506,0.15,1,150.0,0.012036439026056302,0.0030091097565140756,0.2648812123959984,0.331101515494998,2.648812123959984,3.31101515494998
remnant_post_hepatectomy_with_HABR,110,838,926,5.626309879176384,0.04432634502800905,0.15,2,150.0,0.012036439026056302,0.0030091097565140756,0.2648812123959984,0.331101515494998,2.648812123959984,3.31101515494998
remnant_post_hepatectomy_with_HABR,111,926,839,2.976602112506388,0.03518184336368348,0.15,1,150.0,0.006018219513028151,0.0015045548782570378,0.1324406061979992,0.165550757747499,1.324406061979992,1.65550757747499
remnant_post_hepatectomy_with_HABR,112,926,927,1.7247928876876717,0.03518184336368348,0.15,1,150.0,0.006018219513028151,0.0015045548782570378,0.1324406061979992,0.165550757747499,1.324406061979992,1.65550757747499
remnant_post_hepatectomy_with_HABR,113,730,731,4.043386309334638,0.03349851769869786,0.15,1,150.0,0.024072878052112605,0.006018219513028151,0.5297624247919968,0.662203030989996,5.297624247919968,6.62203030989996
remnant_post_hepatectomy_with_HABR,114,138,520,6.103367784834926,0.07274766443663322,0.15,9,150.0,0.09629151220845042,0.024072878052112605,2.119049699167987,2.648812123959984,21.190496991679872,26.48812123959984
remnant_post_hepatectomy_with_HABR,115,520,178,2.441870848380496,0.07048961849078132,0.15,8,150.0,0.04814575610422521,0.012036439026056302,1.0595248495839935,1.324406061979992,10.595248495839936,13.24406061979992
remnant_post_hepatectomy_with_HABR,116,178,700,1.4712563950024657,0.060689283611595056,0.15,5,150.0,0.024072878052112605,0.006018219513028151,0.5297624247919968,0.662203030989996,5.297624247919968,6.62203030989996
remnant_post_hepatectomy_with_HABR,117,700,139,0.20062587204579088,0.034042139979430314,0.15,1,150.0,0.012036439026056302,0.0030091097565140756,0.2648812123959984,0.331101515494998,2.648812123959984,3.31101515494998
remnant_post_hepatectomy_with_HABR,118,700,1302,5.245200150580356,0.05688555965550442,0.15,4,150.0,0.012036439026056302,0.0030091097565140756,0.2648812123959984,0.331101515494998,2.648812123959984,3.31101515494998
remnant_post_hepatectomy_with_HABR,119,1302,1172,9.765334798057143,0.05218858168130029,0.15,3,150.0,0.006018219513028151,0.0015045548782570378,0.1324406061979992,0.165550757747499,1.324406061979992,1.65550757747499
remnant_post_hepatectomy_with_HABR,120,1172,1270,1.8012641938365013,0.04597272542545095,0.15,2,150.0,0.0030091097565140756,0.0007522774391285189,0.0662203030989996,0.0827753788737495,0.662203030989996,0.827753788737495
remnant_post_hepatectomy_with_HABR,121,1270,701,0.2456269355231507,0.03648857635110302,0.15,1,150.0,0.0015045548782570378,0.00037613871956425945,0.0331101515494998,0.04138768943687475,0.331101515494998,0.4138768943687475
remnant_post_hepatectomy_with_HABR,122,1270,1271,3.537058960461442,0.03648857635110302,0.15,1,150.0,0.0015045548782570378,0.00037613871956425945,0.0331101515494998,0.04138768943687475,0.331101515494998,0.4138768943687475
remnant_post_hepatectomy_with_HABR,123,1172,1173,14.5324980235624,0.03556375912091829,0.15,1,150.0,0.0030091097565140756,0.0007522774391285189,0.0662203030989996,0.0827753788737495,0.662203030989996,0.827753788737495
remnant_post_hepatectomy_with_HABR,124,1302,1303,3.976176683334428,0.0347427281755068,0.15,1,150.0,0.006018219513028151,0.0015045548782570378,0.1324406061979992,0.165550757747499,1.324406061979992,1.65550757747499
remnant_post_hepatectomy_with_HABR,125,178,394,4.059053071444936,0.050227990965110436,0.15,3,150.0,0.024072878052112605,0.006018219513028151,0.5297624247919968,0.662203030989996,5.297624247919968,6.62203030989996
remnant_post_hepatectomy_with_HABR,126,394,179,1.490433576770541,0.034227720207443316,0.15,1,150.0,0.012036439026056302,0.0030091097565140756,0.2648812123959984,0.331101515494998,2.648812123959984,3.31101515494998
remnant_post_hepatectomy_with_HABR,127,394,1134,12.60529089243109,0.04424564843344716,0.15,2,150.0,0.012036439026056302,0.0030091097565140756,0.2648812123959984,0.331101515494998,2.648812123959984,3.31101515494998
remnant_post_hepatectomy_with_HABR,128,1134,395,1.7189033035133348,0.035117794434134576,0.15,1,150.0,0.006018219513028151,0.0015045548782570378,0.1324406061979992,0.165550757747499,1.324406061979992,1.65550757747499
remnant_post_hepatectomy_with_HABR,129,1134,1135,7.891887098696668,0.035117794434134576,0.15,1,150.0,0.006018219513028151,0.0015045548782570378,0.1324406061979992,0.165550757747499,1.324406061979992,1.65550757747499
remnant_post_hepatectomy_with_HABR,130,520,521,9.647601576267727,0.03263227761969652,0.15,1,150.0,0.04814575610422521,0.012036439026056302,1.0595248495839935,1.324406061979992,10.595248495839936,13.24406061979992
remnant_post_hepatectomy_with_HABR,131,870,871,10.225220878274738,0.031476239742102965,0.17581163623833548,1,150.0,0.19258302441690084,0.04814575610422521,2.632098077153427,3.290122596441784,26.320980771534266,32.90122596441784
remnant_post_hepatectomy_with_HABR,132,128,1290,1.439879510542723,0.15540681443887203,0.3642976843878063,16,150.0,1.7133432875190038,0.42833582187975094,2.6320980771534264,3.2901225964417837,26.320980771534263,32.90122596441784
remnant_post_hepatectomy_with_HABR,133,1290,758,6.621119381148017,0.15293168312949904,0.29191416907939943,15,150.0,0.8815372771571226,0.22038431928928065,2.632098077153425,3.2901225964417815,26.320980771534252,32.90122596441782
remnant_post_hepatectomy_with_HABR,134,758,214,1.0992271215942016,0.14704561359058696,0.2316924295405307,13,150.0,0.4407686385785613,0.11019215964464033,2.632098077153427,3.2901225964417837,26.320980771534266,32.90122596441784
remnant_post_hepatectomy_with_HABR,135,214,129,1.2491217290843104,0.057395764125079705,0.18389440319285322,1,150.0,0.22038431928928065,0.05509607982232016,2.6320980771534264,3.2901225964417833,26.320980771534263,32.90122596441783
remnant_post_hepatectomy_with_HABR,136,214,506,5.3182866403672335,0.144071009720519,0.18389440319285322,12,150.0,0.22038431928928065,0.05509607982232016,2.6320980771534264,3.2901225964417833,26.320980771534263,32.90122596441783
remnant_post_hepatectomy_with_HABR,137,506,424,1.2414065309640754,0.1408736902416126,0.15,11,150.0,0.11019215964464033,0.02754803991116008,2.4249558179142814,3.0311947723928516,24.249558179142813,30.311947723928515
remnant_post_hepatectomy_with_HABR,138,424,430,2.4621383223698463,0.10791505002447942,0.15,5,150.0,0.05509607982232016,0.01377401995558004,1.2124779089571407,1.5155973861964258,12.124779089571406,15.155973861964258
remnant_post_hepatectomy_with_HABR,139,430,215,0.33574613486860494,0.06053225578228242,0.15,1,150.0,0.02754803991116008,0.00688700997779002,0.6062389544785703,0.7577986930982129,6.062389544785703,7.577986930982129
remnant_post_hepatectomy_with_HABR,140,430,878,3.002561317073827,0.10115143317858197,0.15,4,150.0,0.02754803991116008,0.00688700997779002,0.6062389544785703,0.7577986930982129,6.062389544785703,7.577986930982129
remnant_post_hepatectomy_with_HABR,141,878,1032,4.270191363779294,0.08028394571788604,0.15,2,150.0,0.01377401995558004,0.00344350498889501,0.3031194772392852,0.37889934654910645,3.0311947723928516,3.7889934654910644
remnant_post_hepatectomy_with_HABR,142,1032,431,2.5328079934849335,0.06372140994436507,0.15,1,150.0,0.00688700997779002,0.001721752494447505,0.1515597386196426,0.18944967327455323,1.5155973861964258,1.8944967327455322
remnant_post_hepatectomy_with_HABR,143,1032,1033,4.832405045751577,0.06372140994436507,0.15,1,150.0,0.00688700997779002,0.001721752494447505,0.1515597386196426,0.18944967327455323,1.5155973861964258,1.8944967327455322
remnant_post_hepatectomy_with_HABR,144,878,914,2.791790310652463,0.08028394571788604,0.15,2,150.0,0.01377401995558004,0.00344350498889501,0.3031194772392852,0.37889934654910645,3.0311947723928516,3.7889934654910644
remnant_post_hepatectomy_with_HABR,145,914,879,0.38069867872533114,0.06372140994436507,0.15,1,150.0,0.00688700997779002,0.001721752494447505,0.1515597386196426,0.18944967327455323,1.5155973861964258,1.8944967327455322
remnant_post_hepatectomy_with_HABR,146,914,915,6.448804023011069,0.06372140994436507,0.15,1,150.0,0.00688700997779002,0.001721752494447505,0.1515597386196426,0.18944967327455323,1.5155973861964258,1.8944967327455322
remnant_post_hepatectomy_with_HABR,147,424,606,11.253914696192055,0.11545384575909011,0.15,6,150.0,0.05509607982232016,0.01377401995558004,1.2124779089571407,1.5155973861964258,12.124779089571406,15.155973861964258
remnant_post_hepatectomy_with_HABR,148,606,922,1.3504697635430476,0.07867569165289556,0.15,2,150.0,0.02754803991116008,0.00688700997779002,0.6062389544785703,0.7577986930982129,6.062389544785703,7.577986930982129
remnant_post_hepatectomy_with_HABR,149,922,425,0.18415496775587006,0.06244493784706606,0.15,1,150.0,0.01377401995558004,0.00344350498889501,0.3031194772392852,0.37889934654910645,3.0311947723928516,3.7889934654910644
remnant_post_hepatectomy_with_HABR,150,922,923,16.935455141711337,0.06244493784706606,0.15,1,150.0,0.01377401995558004,0.00344350498889501,0.3031194772392852,0.37889934654910645,3.0311947723928516,3.7889934654910644
remnant_post_hepatectomy_with_HABR,151,606,830,5.863481905090408,0.10170285873656588,0.15,4,150.0,0.02754803991116008,0.00688700997779002,0.6062389544785703,0.7577986930982129,6.062389544785703,7.577986930982129
remnant_post_hepatectomy_with_HABR,152,830,607,0.7995657143305097,0.06211479322968337,0.15,1,150.0,0.01377401995558004,0.00344350498889501,0.3031194772392852,0.37889934654910645,3.0311947723928516,3.7889934654910644
remnant_post_hepatectomy_with_HABR,153,830,1042,4.500994026585348,0.09330536576484963,0.15,3,150.0,0.01377401995558004,0.00344350498889501,0.3031194772392852,0.37889934654910645,3.0311947723928516,3.7889934654910644
remnant_post_hepatectomy_with_HABR,154,1042,1166,6.425909043553254,0.08219234596608468,0.15,2,150.0,0.00688700997779002,0.001721752494447505,0.1515597386196426,0.18944967327455323,1.5155973861964258,1.8944967327455322
remnant_post_hepatectomy_with_HABR,155,1166,831,4.483727143817121,0.06523610822514853,0.15,1,150.0,0.00344350498889501,0.0008608762472237525,0.0757798693098213,0.09472483663727661,0.7577986930982129,0.9472483663727661
remnant_post_hepatectomy_with_HABR,156,1166,1167,3.485947837224506,0.06523610822514853,0.15,1,150.0,0.00344350498889501,0.0008608762472237525,0.0757798693098213,0.09472483663727661,0.7577986930982129,0.9472483663727661
remnant_post_hepatectomy_with_HABR,157,1042,1043,2.9731207973347775,0.06358267356285073,0.15,1,150.0,0.00688700997779002,0.001721752494447505,0.1515597386196426,0.18944967327455323,1.5155973861964258,1.8944967327455322
remnant_post_hepatectomy_with_HABR,158,506,507,4.392582321571678,0.057960069393212216,0.15,1,150.0,0.11019215964464033,0.02754803991116008,2.4249558179142814,3.0311947723928516,24.249558179142813,30.311947723928515
remnant_post_hepatectomy_with_HABR,159,758,832,8.62849987429083,0.07351450764468435,0.2316924295405307,2,150.0,0.4407686385785613,0.11019215964464033,2.632098077153427,3.2901225964417837,26.320980771534266,32.90122596441784
remnant_post_hepatectomy_with_HABR,160,832,759,2.2749722666417993,0.05834850338504811,0.18389440319285322,1,150.0,0.22038431928928065,0.05509607982232016,2.6320980771534264,3.2901225964417833,26.320980771534263,32.90122596441783
remnant_post_hepatectomy_with_HABR,161,832,833,2.201789723540235,0.05834850338504811,0.18389440319285322,1,150.0,0.22038431928928065,0.05509607982232016,2.6320980771534264,3.2901225964417833,26.320980771534263,32.90122596441783
remnant_post_hepatectomy_with_HABR,162,1290,1291,4.695982235319774,0.056092928350085614,0.28631820735819646,1,150.0,0.8318060103618811,0.20795150259047027,2.6320980771534286,3.2901225964417855,26.320980771534288,32.901225964417854
remnant_post_hepatectomy_with_HABR,163,236,237,7.946724948278862,0.08402301798020406,0.38835736519670416,1,150.0,2.075724891061336,0.518931222765334,2.632098077153428,3.290122596441785,26.32098077153428,32.90122596441785
remnant_post_hepatectomy_with_HABR,164,130,936,2.469104871403501,0.11253157277409472,0.44185215397136274,2,150.0,3.0570749379566236,0.7642687344891559,2.632098077153426,3.2901225964417833,26.32098077153426,32.90122596441783
remnant_post_hepatectomy_with_HABR,165,936,131,10.007509774721253,0.08931636850061699,0.350698287014278,1,150.0,1.5285374689783118,0.38213436724457794,2.632098077153426,3.2901225964417824,26.32098077153426,32.901225964417826
remnant_post_hepatectomy_with_HABR,166,936,937,2.5405721718826313,0.08931636850061699,0.350698287014278,1,150.0,1.5285374689783118,0.38213436724457794,2.632098077153426,3.2901225964417824,26.32098077153426,32.901225964417826
remnant_post_hepatectomy_with_HABR,167,1170,1171,3.785560392432784,0.10230916070886467,0.4685304944941419,1,150.0,3.644926225074818,0.9112315562687044,2.632098077153427,3.2901225964417837,26.320980771534266,32.90122596441784
remnant_post_hepatectomy_with_HABR,168,432,433,4.371313409030369,0.13194134547824407,0.5083064066648015,1,150.0,4.654273561687215,1.1635683904218037,2.6320980771534273,3.2901225964417846,26.320980771534273,32.90122596441785
remnant_post_hepatectomy_with_HABR,169,106,604,9.985871176758508,0.28228008881600386,0.9478069519212299,9,150.0,30.174134700950017,7.543533675237504,2.632098077153428,3.2901225964417846,26.32098077153428,32.90122596441785
remnant_post_hepatectomy_with_HABR,170,604,480,3.328153684280319,0.25293089641746086,0.8492616783056164,6,150.0,21.706996597414843,5.426749149353711,2.632098077153427,3.2901225964417837,26.320980771534266,32.90122596441784
remnant_post_hepatectomy_with_HABR,171,480,107,1.8155488446871213,0.12481430539815826,0.48962851415969727,1,150.0,4.159826910095254,1.0399567275238135,2.6320980771534273,3.2901225964417846,26.320980771534273,32.90122596441785
remnant_post_hepatectomy_with_HABR,172,480,942,1.571347511383256,0.24236423409280408,0.7911229321620847,5,150.0,17.547169687319588,4.386792421829897,2.632098077153428,3.2901225964417846,26.32098077153428,32.90122596441785
remnant_post_hepatectomy_with_HABR,173,942,1070,5.0192918648704365,0.2134977427618146,0.6968972170994435,4,150.0,11.994477831624005,2.9986194579060013,2.632098077153428,3.290122596441785,26.32098077153428,32.90122596441785
remnant_post_hepatectomy_with_HABR,174,1070,844,1.036297370892738,0.1694532707264703,0.5531276877686837,2,150.0,5.9972389158120025,1.4993097289530006,2.6320980771534264,3.2901225964417833,26.320980771534263,32.90122596441783
remnant_post_hepatectomy_with_HABR,175,844,481,1.0400368291563242,0.13449515010532553,0.4390177367183732,1,150.0,2.9986194579060013,0.7496548644765003,2.632098077153426,3.2901225964417824,26.32098077153426,32.901225964417826
remnant_post_hepatectomy_with_HABR,176,844,845,14.35835726515354,0.13449515010532553,0.4390177367183732,1,150.0,2.9986194579060013,0.7496548644765003,2.632098077153426,3.2901225964417824,26.32098077153426,32.901225964417826
remnant_post_hepatectomy_with_HABR,177,1070,1186,6.759983899608892,0.1694532707264703,0.5531276877686837,2,150.0,5.9972389158120025,1.4993097289530006,2.6320980771534264,3.2901225964417833,26.320980771534263,32.90122596441783
remnant_post_hepatectomy_with_HABR,178,1186,1071,0.9218159863102927,0.13449515010532553,0.4390177367183732,1,150.0,2.9986194579060013,0.7496548644765003,2.632098077153426,3.2901225964417824,26.32098077153426,32.901225964417826
remnant_post_hepatectomy_with_HABR,179,1186,1187,12.619977953579498,0.13449515010532553,0.4390177367183732,1,150.0,2.9986194579060013,0.7496548644765003,2.632098077153426,3.2901225964417824,26.32098077153426,32.901225964417826
remnant_post_hepatectomy_with_HABR,180,942,1010,5.548915205778856,0.1651584113444254,0.5391084503169806,1,150.0,5.552691855695582,1.3881729639238956,2.632098077153428,3.2901225964417846,26.32098077153428,32.90122596441785
remnant_post_hepatectomy_with_HABR,181,1010,943,0.8705161550932473,0.13108631795476877,0.5391084503169806,1,150.0,5.552691855695582,1.3881729639238956,2.632098077153428,3.2901225964417846,26.32098077153428,32.90122596441785
remnant_post_hepatectomy_with_HABR,182,604,1036,2.757166783321061,0.18480519908032628,0.6205172074807334,3,150.0,8.467138103535177,2.1167845258837943,2.6320980771534286,3.290122596441785,26.320980771534288,32.90122596441785
remnant_post_hepatectomy_with_HABR,183,1036,605,1.4563247589954096,0.12593497222288033,0.47157228597077067,1,150.0,3.7163788268495104,0.9290947067123776,2.6320980771534264,3.2901225964417833,26.320980771534263,32.90122596441783
remnant_post_hepatectomy_with_HABR,184,1036,1354,3.879592581776164,0.16279420518453835,0.5117949032111162,2,150.0,4.750759276685667,1.1876898191714167,2.632098077153427,3.290122596441784,26.320980771534266,32.90122596441784
remnant_post_hepatectomy_with_HABR,185,1354,1037,0.5290353520603828,0.12920984628213156,0.4062118838746444,1,150.0,2.3753796383428334,0.5938449095857083,2.6320980771534264,3.2901225964417833,26.320980771534263,32.90122596441783
remnant_post_hepatectomy_with_HABR,186,1354,1355,5.417279365258006,0.12920984628213156,0.4062118838746444,1,150.0,2.3753796383428334,0.5938449095857083,2.6320980771534264,3.2901225964417833,26.320980771534263,32.90122596441783
remnant_post_hepatectomy_with_HABR,187,10,990,5.1416638177765845,0.3544526609056725,1.1901395438215123,103,150.0,59.74049427202727,14.935123568006818,2.6320980771534264,3.2901225964417837,26.320980771534263,32.90122596441784
remnant_post_hepatectomy_with_HABR,188,990,1140,2.854726821435188,0.3471024846591371,1.1901395438215123,103,150.0,59.74049427202727,14.935123568006818,2.6320980771534264,3.2901225964417837,26.320980771534263,32.90122596441784
remnant_post_hepatectomy_with_HABR,189,1140,768,3.8202348613881916,0.3322538183214209,1.1901395438215123,103,150.0,59.74049427202727,14.935123568006818,2.6320980771534264,3.2901225964417837,26.320980771534263,32.90122596441784
remnant_post_hepatectomy_with_HABR,190,768,188,3.9556258094352357,0.32536397267318445,1.1901395438215123,103,150.0,59.74049427202727,14.935123568006818,2.6320980771534264,3.2901225964417837,26.320980771534263,32.90122596441784
remnant_post_hepatectomy_with_HABR,191,188,634,5.267323921403574,0.2858253238901886,1.1901395438215123,103,150.0,59.74049427202727,14.935123568006818,2.6320980771534264,3.2901225964417837,26.320980771534263,32.90122596441784
remnant_post_hepatectomy_with_HABR,192,634,50,2.122438030918511,0.2735980277661551,1.1901395438215123,103,150.0,59.74049427202727,14.935123568006818,2.6320980771534264,3.2901225964417837,26.320980771534263,32.90122596441784
remnant_post_hepatectomy_with_HABR,193,50,786,2.0435500874795056,0.2313504275202728,1.0063643167311953,101,150.0,36.11942627426872,9.02985656856718,2.6320980771534264,3.2901225964417833,26.320980771534263,32.90122596441783
remnant_post_hepatectomy_with_HABR,194,786,294,2.0693701108834066,0.2265529845764382,1.0063643167311953,101,150.0,36.11942627426872,9.02985656856718,2.6320980771534264,3.2901225964417833,26.320980771534263,32.90122596441783
remnant_post_hepatectomy_with_HABR,195,294,23,2.0340370592760215,0.20743546606633478,1.0063643167311953,101,150.0,36.11942627426872,9.02985656856718,2.6320980771534264,3.2901225964417833,26.320980771534263,32.90122596441783
remnant_post_hepatectomy_with_HABR,196,23,646,5.12274635925388,0.14988796024664597,0.7275133448830999,2,150.0,13.645770016614899,3.4114425041537246,2.6320980771534264,3.2901225964417833,26.320980771534263,32.90122596441783
remnant_post_hepatectomy_with_HABR,197,646,422,8.10382671869799,0.13789412930883144,0.7275133448830999,2,150.0,13.645770016614899,3.4114425041537246,2.6320980771534264,3.2901225964417833,26.320980771534263,32.90122596441783
remnant_post_hepatectomy_with_HABR,198,422,148,1.8036236015388896,0.10406620207722482,0.7275133448830999,2,150.0,13.645770016614899,3.4114425041537246,2.6320980771534264,3.2901225964417833,26.320980771534263,32.90122596441783
remnant_post_hepatectomy_with_HABR,199,148,586,7.611438082080255,0.0820837909651678,0.7275133448830999,2,150.0,13.645770016614899,3.4114425041537246,2.6320980771534264,3.2901225964417833,26.320980771534263,32.90122596441783
remnant_post_hepatectomy_with_HABR,200,586,754,5.61196074206728,0.07230730290710116,0.7275133448830999,2,150.0,13.645770016614899,3.4114425041537246,2.6320980771534264,3.2901225964417833,26.320980771534263,32.90122596441783
remnant_post_hepatectomy_with_HABR,201,754,587,0.7652673739182725,0.057390344349857826,0.5774277244941682,1,150.0,6.822885008307449,1.7057212520768623,2.6320980771534264,3.2901225964417824,26.320980771534263,32.901225964417826
remnant_post_hepatectomy_with_HABR,202,754,755,4.852670959960989,0.057390344349857826,0.5774277244941682,1,150.0,6.822885008307449,1.7057212520768623,2.6320980771534264,3.2901225964417824,26.320980771534263,32.901225964417826
remnant_post_hepatectomy_with_HABR,203,23,60,11.130635851273519,0.17713993780547396,0.8591444577682977,99,150.0,22.473656257653822,5.6184140644134555,2.632098077153427,3.290122596441784,26.320980771534266,32.90122596441784
remnant_post_hepatectomy_with_HABR,204,60,404,4.0630118930824946,0.11990333738806837,0.8591444577682977,99,150.0,22.473656257653822,5.6184140644134555,2.632098077153427,3.290122596441784,26.320980771534266,32.90122596441784
remnant_post_hepatectomy_with_HABR,205,404,356,3.6197494991767467,0.113717383885143,0.8591444577682977,99,150.0,22.473656257653822,5.6184140644134555,2.632098077153427,3.290122596441784,26.320980771534266,32.90122596441784
remnant_post_hepatectomy_with_HABR,206,356,70,3.3008029806605794,0.10785057096307159,0.8591444577682977,99,150.0,22.473656257653822,5.6184140644134555,2.632098077153427,3.290122596441784,26.320980771534266,32.90122596441784
remnant_post_hepatectomy_with_HABR,207,70,98,2.024419730579333,0.09705849513947241,0.681903408027022,98,150.0,11.236828128826911,2.8092070322067277,2.632098077153428,3.2901225964417855,26.32098077153428,32.901225964417854
remnant_post_hepatectomy_with_HABR,208,98,25,4.3074654720522965,0.08734632922772889,0.5412270936213975,97,150.0,5.6184140644134555,1.4046035161033639,2.632098077153428,3.290122596441785,26.32098077153428,32.90122596441785
remnant_post_hepatectomy_with_HABR,209,25,340,7.038350842252119,0.06932689417236175,0.42957222888414887,5,150.0,2.8092070322067277,0.7023017580516819,2.632098077153427,3.290122596441784,26.320980771534266,32.90122596441784
remnant_post_hepatectomy_with_HABR,210,340,268,2.578953071147788,0.06229376647024544,0.340951704013511,4,150.0,1.4046035161033639,0.35115087902584097,2.632098077153428,3.2901225964417855,26.32098077153428,32.901225964417854
remnant_post_hepatectomy_with_HABR,211,268,26,1.3114505336454432,0.047312030632888455,0.2706135468106988,1,150.0,0.7023017580516819,0.17557543951292048,2.632098077153426,3.2901225964417824,26.32098077153426,32.901225964417826
remnant_post_hepatectomy_with_HABR,212,268,400,3.2590250280394466,0.051403843105212045,0.2706135468106988,3,150.0,0.7023017580516819,0.17557543951292048,2.632098077153426,3.2901225964417824,26.32098077153426,32.901225964417826
remnant_post_hepatectomy_with_HABR,213,400,902,3.616313470088658,0.04528145216361807,0.21478611444207443,2,150.0,0.35115087902584097,0.08778771975646024,2.632098077153427,3.290122596441784,26.320980771534266,32.90122596441784
remnant_post_hepatectomy_with_HABR,214,902,269,8.703251965248576,0.03593991239958753,0.17047585200675552,1,150.0,0.17557543951292048,0.04389385987823012,2.632098077153427,3.290122596441784,26.320980771534266,32.90122596441784
remnant_post_hepatectomy_with_HABR,215,902,903,11.770177040099814,0.03593991239958753,0.17047585200675552,1,150.0,0.17557543951292048,0.04389385987823012,2.632098077153427,3.290122596441784,26.320980771534266,32.90122596441784
remnant_post_hepatectomy_with_HABR,216,400,401,5.053102658990654,0.03502900127171438,0.21478611444207443,1,150.0,0.35115087902584097,0.08778771975646024,2.632098077153427,3.290122596441784,26.320980771534266,32.90122596441784
remnant_post_hepatectomy_with_HABR,217,340,341,7.051161354985615,0.0450564546633613,0.340951704013511,1,150.0,1.4046035161033639,0.35115087902584097,2.632098077153428,3.2901225964417855,26.32098077153428,32.901225964417854
remnant_post_hepatectomy_with_HABR,218,25,48,2.551798662974492,0.06932676072916737,0.42957222888414887,92,150.0,2.8092070322067277,0.7023017580516819,2.632098077153427,3.290122596441784,26.320980771534266,32.90122596441784
remnant_post_hepatectomy_with_HABR,219,48,174,4.022437335655274,0.020252717665327904,0.340951704013511,49,150.0,1.4046035161033639,0.35115087902584097,2.632098077153428,3.2901225964417855,26.32098077153428,32.901225964417854
remnant_post_hepatectomy_with_HABR,220,174,158,6.106877181715335,0.018198094881588005,0.2706135468106988,48,150.0,0.7023017580516819,0.17557543951292048,2.632098077153426,3.2901225964417824,26.32098077153426,32.901225964417826
remnant_post_hepatectomy_with_HABR,221,158,80,1.859511110587297,0.01635191201456556,0.21478611444207443,47,150.0,0.35115087902584097,0.08778771975646024,2.632098077153427,3.290122596441784,26.320980771534266,32.90122596441784
remnant_post_hepatectomy_with_HABR,222,80,86,3.1219425551126205,0.012419241430405055,0.17047585200675552,45,150.0,0.17557543951292048,0.04389385987823012,2.632098077153427,3.290122596441784,26.320980771534266,32.90122596441784
remnant_post_hepatectomy_with_HABR,223,86,27,0.42571943933354306,0.0040160876548940285,0.15,1,150.0,0.08778771975646024,0.02194692993911506,1.9319100601293204,2.4148875751616505,19.319100601293204,24.148875751616504
remnant_post_hepatectomy_with_HABR,224,86,150,12.473520654161218,0.012277642752957103,0.15,44,150.0,0.08778771975646024,0.02194692993911506,1.9319100601293204,2.4148875751616505,19.319100601293204,24.148875751616504
remnant_post_hepatectomy_with_HABR,225,150,190,1.496822478499342,0.010365541597890101,0.15,24,150.0,0.04389385987823012,0.01097346496955753,0.9659550300646602,1.2074437875808253,9.659550300646602,12.074437875808252
remnant_post_hepatectomy_with_HABR,226,190,87,0.20411215615900802,0.0029928194581839234,0.15,1,150.0,0.02194692993911506,0.005486732484778765,0.4829775150323301,0.6037218937904126,4.829775150323301,6.037218937904126
remnant_post_hepatectomy_with_HABR,227,190,452,10.493797981914977,0.010281701113247072,0.15,23,150.0,0.02194692993911506,0.005486732484778765,0.4829775150323301,0.6037218937904126,4.829775150323301,6.037218937904126
remnant_post_hepatectomy_with_HABR,228,452,204,1.43097245207932,0.009852163775873253,0.15,19,150.0,0.01097346496955753,0.0027433662423893826,0.24148875751616505,0.3018609468952063,2.4148875751616505,3.018609468952063
remnant_post_hepatectomy_with_HABR,229,204,338,1.43097245207932,0.006713728713392837,0.15,8,150.0,0.005486732484778765,0.0013716831211946913,0.12074437875808253,0.15093047344760316,1.2074437875808253,1.5093047344760315
remnant_post_hepatectomy_with_HABR,230,338,191,0.19513260710171826,0.0031491674862181105,0.15,1,150.0,0.0027433662423893826,0.0006858415605973456,0.06037218937904126,0.07546523672380158,0.6037218937904126,0.7546523672380158
remnant_post_hepatectomy_with_HABR,231,338,900,7.674569778137889,0.006474332998276655,0.15,7,150.0,0.0027433662423893826,0.0006858415605973456,0.06037218937904126,0.07546523672380158,0.6037218937904126,0.7546523672380158
remnant_post_hepatectomy_with_HABR,232,900,612,3.5149939449824945,0.006203855600935453,0.15,6,150.0,0.0013716831211946913,0.0003429207802986728,0.03018609468952063,0.03773261836190079,0.3018609468952063,0.3773261836190079
remnant_post_hepatectomy_with_HABR,233,612,1208,3.36333285033094,0.004924003453591874,0.15,3,150.0,0.0006858415605973456,0.0001714603901493364,0.015093047344760316,0.018866309180950395,0.15093047344760316,0.18866309180950394
remnant_post_hepatectomy_with_HABR,234,1208,339,0.4586362977724161,0.0033554480135806627,0.15,1,150.0,0.0003429207802986728,8.57301950746682e-05,0.007546523672380158,0.009433154590475197,0.07546523672380158,0.09433154590475197
remnant_post_hepatectomy_with_HABR,235,1208,1318,9.05262795378888,0.00433753613287142,0.15,2,150.0,0.0003429207802986728,8.57301950746682e-05,0.007546523672380158,0.009433154590475197,0.07546523672380158,0.09433154590475197
remnant_post_hepatectomy_with_HABR,236,1318,1209,4.262770392792918,0.0034427047101350853,0.15,1,150.0,0.0001714603901493364,4.28650975373341e-05,0.003773261836190079,0.004716577295237599,0.03773261836190079,0.047165772952375985
remnant_post_hepatectomy_with_HABR,237,1318,1319,4.863252996423788,0.0034427047101350853,0.15,1,150.0,0.0001714603901493364,4.28650975373341e-05,0.003773261836190079,0.004716577295237599,0.03773261836190079,0.047165772952375985
remnant_post_hepatectomy_with_HABR,238,612,656,3.982485144360906,0.004924003453591874,0.15,3,150.0,0.0006858415605973456,0.0001714603901493364,0.015093047344760316,0.018866309180950395,0.15093047344760316,0.18866309180950394
remnant_post_hepatectomy_with_HABR,239,656,613,0.5430661560492126,0.0033554480135806627,0.15,1,150.0,0.0003429207802986728,8.57301950746682e-05,0.007546523672380158,0.009433154590475197,0.07546523672380158,0.09433154590475197
remnant_post_hepatectomy_with_HABR,240,656,1182,7.689170407343751,0.00433753613287142,0.15,2,150.0,0.0003429207802986728,8.57301950746682e-05,0.007546523672380158,0.009433154590475197,0.07546523672380158,0.09433154590475197
remnant_post_hepatectomy_with_HABR,241,1182,657,1.661826867964343,0.0034427047101350853,0.15,1,150.0,0.0001714603901493364,4.28650975373341e-05,0.003773261836190079,0.004716577295237599,0.03773261836190079,0.047165772952375985
remnant_post_hepatectomy_with_HABR,242,1182,1183,2.5738136827174407,0.0034427047101350853,0.15,1,150.0,0.0001714603901493364,4.28650975373341e-05,0.003773261836190079,0.004716577295237599,0.03773261836190079,0.047165772952375985
remnant_post_hepatectomy_with_HABR,243,900,901,2.2655357171662334,0.003194901799432718,0.15,1,150.0,0.0013716831211946913,0.0003429207802986728,0.03018609468952063,0.03773261836190079,0.3018609468952063,0.3773261836190079
remnant_post_hepatectomy_with_HABR,244,204,782,5.00783131571016,0.008678734035745695,0.15,11,150.0,0.005486732484778765,0.0013716831211946913,0.12074437875808253,0.15093047344760316,1.2074437875808253,1.5093047344760315
remnant_post_hepatectomy_with_HABR,245,782,384,8.332358671874509,0.008540509683003142,0.15,10,150.0,0.0027433662423893826,0.0006858415605973456,0.06037218937904126,0.07546523672380158,0.6037218937904126,0.7546523672380158
remnant_post_hepatectomy_with_HABR,246,384,504,1.6008227985101668,0.008005229987062613,0.15,9,150.0,0.0013716831211946913,0.0003429207802986728,0.03018609468952063,0.03773261836190079,0.3018609468952063,0.3773261836190079
remnant_post_hepatectomy_with_HABR,247,504,952,0.19209873582121986,0.004889176288450563,0.15,2,150.0,0.0006858415605973456,0.0001714603901493364,0.015093047344760316,0.018866309180950395,0.15093047344760316,0.18866309180950394
remnant_post_hepatectomy_with_HABR,248,952,205,0.026195282157438538,0.0033317151419055197,0.15,1,150.0,0.0003429207802986728,8.57301950746682e-05,0.007546523672380158,0.009433154590475197,0.07546523672380158,0.09433154590475197
remnant_post_hepatectomy_with_HABR,249,952,1352,5.371604421713605,0.004306857014014238,0.15,1,150.0,0.0003429207802986728,8.57301950746682e-05,0.007546523672380158,0.009433154590475197,0.07546523672380158,0.09433154590475197
remnant_post_hepatectomy_with_HABR,250,1352,953,0.7324915120518588,0.0034183546773614115,0.15,1,150.0,0.0003429207802986728,8.57301950746682e-05,0.007546523672380158,0.009433154590475197,0.07546523672380158,0.09433154590475197
remnant_post_hepatectomy_with_HABR,251,504,948,11.836911805062847,0.0073442469686063085,0.15,7,150.0,0.0006858415605973456,0.0001714603901493364,0.015093047344760316,0.018866309180950395,0.15093047344760316,0.18866309180950394
remnant_post_hepatectomy_with_HABR,252,948,508,2.1644778788396946,0.007116285738218745,0.15,6,150.0,0.0003429207802986728,8.57301950746682e-05,0.007546523672380158,0.009433154590475197,0.07546523672380158,0.09433154590475197
remnant_post_hepatectomy_with_HABR,253,508,638,6.4332431928155485,0.006528701866793793,0.15,6,150.0,0.0003429207802986728,8.57301950746682e-05,0.007546523672380158,0.009433154590475197,0.07546523672380158,0.09433154590475197
remnant_post_hepatectomy_with_HABR,254,638,864,5.459735467684835,0.006200673309141878,0.15,5,150.0,0.0001714603901493364,4.28650975373341e-05,0.003773261836190079,0.004716577295237599,0.03773261836190079,0.047165772952375985
remnant_post_hepatectomy_with_HABR,255,864,509,0.744509381957019,0.003478113040638962,0.15,1,150.0,8.57301950746682e-05,2.143254876866705e-05,0.0018866309180950395,0.0023582886476187994,0.018866309180950395,0.023582886476187993
remnant_post_hepatectomy_with_HABR,256,864,1024,6.0579736043569685,0.005812043748759844,0.15,4,150.0,8.57301950746682e-05,2.143254876866705e-05,0.0018866309180950395,0.0023582886476187994,0.018866309180950395,0.023582886476187993
remnant_post_hepatectomy_with_HABR,257,1024,1162,1.4682033903712157,0.004613022180433289,0.15,2,150.0,4.28650975373341e-05,1.0716274384333526e-05,0.0009433154590475197,0.0011791443238093997,0.009433154590475197,0.011791443238093996
remnant_post_hepatectomy_with_HABR,258,1162,865,9.536516735338173,0.003661358130986221,0.15,1,150.0,2.143254876866705e-05,5.358137192166763e-06,0.00047165772952375987,0.0005895721619046998,0.004716577295237599,0.005895721619046998
remnant_post_hepatectomy_with_HABR,259,1162,1163,5.249546607420599,0.003661358130986221,0.15,1,150.0,2.143254876866705e-05,5.358137192166763e-06,0.00047165772952375987,0.0005895721619046998,0.004716577295237599,0.005895721619046998
remnant_post_hepatectomy_with_HABR,260,1024,1334,3.68305047667224,0.004613022180433289,0.15,2,150.0,4.28650975373341e-05,1.0716274384333526e-05,0.0009433154590475197,0.0011791443238093997,0.009433154590475197,0.011791443238093996
remnant_post_hepatectomy_with_HABR,261,1334,1025,1.9271745254863557,0.003661358130986221,0.15,1,150.0,2.143254876866705e-05,5.358137192166763e-06,0.00047165772952375987,0.0005895721619046998,0.004716577295237599,0.005895721619046998
remnant_post_hepatectomy_with_HABR,262,1334,1335,9.900908734552127,0.003661358130986221,0.15,1,150.0,2.143254876866705e-05,5.358137192166763e-06,0.00047165772952375987,0.0005895721619046998,0.004716577295237599,0.005895721619046998
remnant_post_hepatectomy_with_HABR,263,638,639,2.026446077206355,0.0034163398841783343,0.15,1,150.0,0.0001714603901493364,4.28650975373341e-05,0.003773261836190079,0.004716577295237599,0.03773261836190079,0.047165772952375985
remnant_post_hepatectomy_with_HABR,264,948,949,5.511172484191064,0.003294394505213715,0.15,1,150.0,0.0003429207802986728,8.57301950746682e-05,0.007546523672380158,0.009433154590475197,0.07546523672380158,0.09433154590475197
remnant_post_hepatectomy_with_HABR,265,384,810,6.5444788395527125,0.004790585896270586,0.15,1,150.0,0.0013716831211946913,0.0003429207802986728,0.03018609468952063,0.03773261836190079,0.3018609468952063,0.3773261836190079
remnant_post_hepatectomy_with_HABR,266,810,385,0.8924289326662882,0.0032645310022686707,0.15,1,150.0,0.0013716831211946913,0.0003429207802986728,0.03018609468952063,0.03773261836190079,0.3018609468952063,0.3773261836190079
remnant_post_hepatectomy_with_HABR,267,782,783,6.742501550505515,0.0031325241958937234,0.15,1,150.0,0.0027433662423893826,0.0006858415605973456,0.06037218937904126,0.07546523672380158,0.6037218937904126,0.7546523672380158
remnant_post_hepatectomy_with_HABR,268,452,466,3.060985099035323,0.005073731208556346,0.15,4,150.0,0.01097346496955753,0.0027433662423893826,0.24148875751616505,0.3018609468952063,2.4148875751616505,3.018609468952063
remnant_post_hepatectomy_with_HABR,269,466,453,0.41740705895935726,0.003098769973996412,0.15,1,150.0,0.005486732484778765,0.0013716831211946913,0.12074437875808253,0.15093047344760316,1.2074437875808253,1.5093047344760315
remnant_post_hepatectomy_with_HABR,270,466,840,13.61225927327911,0.004654798813798493,0.15,3,150.0,0.005486732484778765,0.0013716831211946913,0.12074437875808253,0.15093047344760316,1.2074437875808253,1.5093047344760315
remnant_post_hepatectomy_with_HABR,271,840,467,1.856217173628967,0.003171999284847039,0.15,1,150.0,0.0027433662423893826,0.0006858415605973456,0.06037218937904126,0.07546523672380158,0.6037218937904126,0.7546523672380158
remnant_post_hepatectomy_with_HABR,272,840,1058,7.945816344641721,0.004100394777621426,0.15,2,150.0,0.0027433662423893826,0.0006858415605973456,0.06037218937904126,0.07546523672380158,0.6037218937904126,0.7546523672380158
remnant_post_hepatectomy_with_HABR,273,1058,841,8.578202290104185,0.003254485491740583,0.15,1,150.0,0.0013716831211946913,0.0003429207802986728,0.03018609468952063,0.03773261836190079,0.3018609468952063,0.3773261836190079
remnant_post_hepatectomy_with_HABR,274,1058,1059,7.26476240502348,0.003254485491740583,0.15,1,150.0,0.0013716831211946913,0.0003429207802986728,0.03018609468952063,0.03773261836190079,0.3018609468952063,0.3773261836190079
remnant_post_hepatectomy_with_HABR,275,150,334,4.496241792047691,0.009032876491850274,0.15,20,150.0,0.04389385987823012,0.01097346496955753,0.9659550300646602,1.2074437875808253,9.659550300646602,12.074437875808252
remnant_post_hepatectomy_with_HABR,276,334,266,1.5706708153300604,0.005516809090036133,0.15,5,150.0,0.02194692993911506,0.005486732484778765,0.4829775150323301,0.6037218937904126,4.829775150323301,6.037218937904126
remnant_post_hepatectomy_with_HABR,277,266,151,1.081494310210618,0.0030945164633138385,0.15,1,150.0,0.01097346496955753,0.0027433662423893826,0.24148875751616505,0.3018609468952063,2.4148875751616505,3.018609468952063
remnant_post_hepatectomy_with_HABR,278,266,970,2.8204521922109285,0.005171040979948575,0.15,4,150.0,0.01097346496955753,0.0027433662423893826,0.24148875751616505,0.3018609468952063,2.4148875751616505,3.018609468952063
remnant_post_hepatectomy_with_HABR,279,970,288,7.355847699414615,0.004744073824599948,0.15,3,150.0,0.005486732484778765,0.0013716831211946913,0.12074437875808253,0.15093047344760316,1.2074437875808253,1.5093047344760315
remnant_post_hepatectomy_with_HABR,280,288,267,2.9944080432757767,0.0032328354845937352,0.15,1,150.0,0.0027433662423893826,0.0006858415605973456,0.06037218937904126,0.07546523672380158,0.6037218937904126,0.7546523672380158
remnant_post_hepatectomy_with_HABR,281,288,1266,2.2917967438452496,0.004179036799050417,0.15,2,150.0,0.0027433662423893826,0.0006858415605973456,0.06037218937904126,0.07546523672380158,0.6037218937904126,0.7546523672380158
remnant_post_hepatectomy_with_HABR,282,1266,289,0.31251773779707415,0.0033169037055132255,0.15,1,150.0,0.0013716831211946913,0.0003429207802986728,0.03018609468952063,0.03773261836190079,0.3018609468952063,0.3773261836190079
remnant_post_hepatectomy_with_HABR,283,1266,1267,7.137088760532408,0.0033169037055132255,0.15,1,150.0,0.0013716831211946913,0.0003429207802986728,0.03018609468952063,0.03773261836190079,0.3018609468952063,0.3773261836190079
remnant_post_hepatectomy_with_HABR,284,970,971,7.081200306331241,0.0031582016989680018,0.15,1,150.0,0.005486732484778765,0.0013716831211946913,0.12074437875808253,0.15093047344760316,1.2074437875808253,1.5093047344760315
remnant_post_hepatectomy_with_HABR,285,334,476,7.18070538358536,0.008287041833935969,0.15,15,150.0,0.02194692993911506,0.005486732484778765,0.4829775150323301,0.6037218937904126,4.829775150323301,6.037218937904126
remnant_post_hepatectomy_with_HABR,286,476,335,0.9791870977616522,0.003064740622220056,0.15,1,150.0,0.01097346496955753,0.0027433662423893826,0.24148875751616505,0.3018609468952063,2.4148875751616505,3.018609468952063
remnant_post_hepatectomy_with_HABR,287,476,572,3.6889216990029174,0.00814489687394385,0.15,14,150.0,0.01097346496955753,0.0027433662423893826,0.24148875751616505,0.3018609468952063,2.4148875751616505,3.018609468952063
remnant_post_hepatectomy_with_HABR,288,572,1324,0.5704911258974829,0.0040192782307743105,0.15,2,150.0,0.005486732484778765,0.0013716831211946913,0.12074437875808253,0.15093047344760316,1.2074437875808253,1.5093047344760315
remnant_post_hepatectomy_with_HABR,289,1324,477,4.18360158991481,0.003190103245842013,0.15,1,150.0,0.0027433662423893826,0.0006858415605973456,0.06037218937904126,0.07546523672380158,0.6037218937904126,0.7546523672380158
remnant_post_hepatectomy_with_HABR,290,1324,1325,3.1166983219006763,0.003190103245842013,0.15,1,150.0,0.0027433662423893826,0.0006858415605973456,0.06037218937904126,0.07546523672380158,0.6037218937904126,0.7546523672380158
remnant_post_hepatectomy_with_HABR,291,572,1076,6.420168364822608,0.007804628539172805,0.15,12,150.0,0.005486732484778765,0.0013716831211946913,0.12074437875808253,0.15093047344760316,1.2074437875808253,1.5093047344760315
remnant_post_hepatectomy_with_HABR,292,1076,578,1.7950942048501894,0.0074124922316879775,0.15,10,150.0,0.0027433662423893826,0.0006858415605973456,0.06037218937904126,0.07546523672380158,0.6037218937904126,0.7546523672380158
remnant_post_hepatectomy_with_HABR,293,578,812,6.787322943850456,0.007209117402963489,0.15,9,150.0,0.0013716831211946913,0.0003429207802986728,0.03018609468952063,0.03773261836190079,0.3018609468952063,0.3773261836190079
remnant_post_hepatectomy_with_HABR,294,812,968,0.8500739729901653,0.004912632352399767,0.15,3,150.0,0.0006858415605973456,0.0001714603901493364,0.015093047344760316,0.018866309180950395,0.15093047344760316,0.18866309180950394
remnant_post_hepatectomy_with_HABR,295,968,573,0.11591917813502833,0.003347699209326789,0.15,1,150.0,0.0003429207802986728,8.57301950746682e-05,0.007546523672380158,0.009433154590475197,0.07546523672380158,0.09433154590475197
remnant_post_hepatectomy_with_HABR,296,968,1314,8.705801739441236,0.00432751937257542,0.15,2,150.0,0.0003429207802986728,8.57301950746682e-05,0.007546523672380158,0.009433154590475197,0.07546523672380158,0.09433154590475197
remnant_post_hepatectomy_with_HABR,297,1314,969,1.1871547826510827,0.0034347544022194933,0.15,1,150.0,0.0001714603901493364,4.28650975373341e-05,0.003773261836190079,0.004716577295237599,0.03773261836190079,0.047165772952375985
remnant_post_hepatectomy_with_HABR,298,1314,1315,11.580209447942686,0.0034347544022194933,0.15,1,150.0,0.0001714603901493364,4.28650975373341e-05,0.003773261836190079,0.004716577295237599,0.03773261836190079,0.047165772952375985
remnant_post_hepatectomy_with_HABR,299,812,898,7.309540040097259,0.006350484421097667,0.15,6,150.0,0.0006858415605973456,0.0001714603901493364,0.015093047344760316,0.018866309180950395,0.15093047344760316,0.18866309180950394
remnant_post_hepatectomy_with_HABR,300,898,984,5.347428993741025,0.00504038282527905,0.15,3,150.0,0.0003429207802986728,8.57301950746682e-05,0.007546523672380158,0.009433154590475197,0.07546523672380158,0.09433154590475197
remnant_post_hepatectomy_with_HABR,301,984,813,0.7291948627828609,0.003434754402219493,0.15,1,150.0,0.0001714603901493364,4.28650975373341e-05,0.003773261836190079,0.004716577295237599,0.03773261836190079,0.047165772952375985
remnant_post_hepatectomy_with_HABR,302,984,1104,10.71674052311858,0.004440054283918971,0.15,2,150.0,0.0001714603901493364,4.28650975373341e-05,0.003773261836190079,0.004716577295237599,0.03773261836190079,0.047165772952375985
remnant_post_hepatectomy_with_HABR,303,1104,985,6.522021735295191,0.0035240734205444443,0.15,1,150.0,8.57301950746682e-05,2.143254876866705e-05,0.0018866309180950395,0.0023582886476187994,0.018866309180950395,0.023582886476187993
remnant_post_hepatectomy_with_HABR,304,1104,1105,13.719857215748307,0.0035240734205444443,0.15,1,150.0,8.57301950746682e-05,2.143254876866705e-05,0.0018866309180950395,0.0023582886476187994,0.018866309180950395,0.023582886476187993
remnant_post_hepatectomy_with_HABR,305,898,1002,9.379853654366023,0.00504038282527905,0.15,3,150.0,0.0003429207802986728,8.57301950746682e-05,0.007546523672380158,0.009433154590475197,0.07546523672380158,0.09433154590475197
remnant_post_hepatectomy_with_HABR,306,1002,899,1.2790709528681066,0.003434754402219493,0.15,1,150.0,0.0001714603901493364,4.28650975373341e-05,0.003773261836190079,0.004716577295237599,0.03773261836190079,0.047165772952375985
remnant_post_hepatectomy_with_HABR,307,1002,1216,5.8176354391509335,0.004440054283918971,0.15,2,150.0,0.0001714603901493364,4.28650975373341e-05,0.003773261836190079,0.004716577295237599,0.03773261836190079,0.047165772952375985
remnant_post_hepatectomy_with_HABR,308,1216,1003,3.861247458048621,0.0035240734205444443,0.15,1,150.0,8.57301950746682e-05,2.143254876866705e-05,0.0018866309180950395,0.0023582886476187994,0.018866309180950395,0.023582886476187993
remnant_post_hepatectomy_with_HABR,309,1216,1217,3.6555060659818555,0.0035240734205444443,0.15,1,150.0,8.57301950746682e-05,2.143254876866705e-05,0.0018866309180950395,0.0023582886476187994,0.018866309180950395,0.023582886476187993
remnant_post_hepatectomy_with_HABR,310,578,579,10.303612968702565,0.0031949123386315753,0.15,1,150.0,0.0013716831211946913,0.0003429207802986728,0.03018609468952063,0.03773261836190079,0.3018609468952063,0.3773261836190079
remnant_post_hepatectomy_with_HABR,311,1076,1234,4.104228542796233,0.00408400694404303,0.15,2,150.0,0.0027433662423893826,0.0006858415605973456,0.06037218937904126,0.07546523672380158,0.6037218937904126,0.7546523672380158
remnant_post_hepatectomy_with_HABR,312,1234,1077,0.5596675285631267,0.0032414784596096697,0.15,1,150.0,0.0013716831211946913,0.0003429207802986728,0.03018609468952063,0.03773261836190079,0.3018609468952063,0.3773261836190079
remnant_post_hepatectomy_with_HABR,313,1234,1235,4.8976981728080435,0.0032414784596096697,0.15,1,150.0,0.0013716831211946913,0.0003429207802986728,0.03018609468952063,0.03773261836190079,0.3018609468952063,0.3773261836190079
remnant_post_hepatectomy_with_HABR,314,80,428,5.158750896738535,0.013493353767500296,0.17047585200675552,2,150.0,0.17557543951292048,0.04389385987823012,2.632098077153427,3.290122596441784,26.320980771534266,32.90122596441784
remnant_post_hepatectomy_with_HABR,315,428,81,0.7034660313734232,0.00919500717707107,0.15,1,150.0,0.08778771975646024,0.02194692993911506,1.9319100601293204,2.4148875751616505,19.319100601293204,24.148875751616504
remnant_post_hepatectomy_with_HABR,316,428,1230,9.994129968698928,0.011886244612085992,0.15,1,150.0,0.08778771975646024,0.02194692993911506,1.9319100601293204,2.4148875751616505,19.319100601293204,24.148875751616504
remnant_post_hepatectomy_with_HABR,317,1230,429,1.3628359048225775,0.009434118600588326,0.15,1,150.0,0.08778771975646024,0.02194692993911506,1.9319100601293204,2.4148875751616505,19.319100601293204,24.148875751616504
remnant_post_hepatectomy_with_HABR,318,158,159,2.230311605594733,0.011827196238678186,0.21478611444207443,1,150.0,0.35115087902584097,0.08778771975646024,2.632098077153427,3.290122596441784,26.320980771534266,32.90122596441784
remnant_post_hepatectomy_with_HABR,319,174,175,6.5040499723590255,0.013162524305592328,0.2706135468106988,1,150.0,0.7023017580516819,0.17557543951292048,2.632098077153426,3.2901225964417824,26.32098077153426,32.901225964417826
remnant_post_hepatectomy_with_HABR,320,48,64,14.868295913554997,0.06874576686187168,0.340951704013511,43,150.0,1.4046035161033639,0.35115087902584097,2.632098077153428,3.2901225964417855,26.32098077153428,32.901225964417854
remnant_post_hepatectomy_with_HABR,321,64,112,0.27215114276039554,0.06443709975079107,0.340951704013511,43,150.0,1.4046035161033639,0.35115087902584097,2.632098077153428,3.2901225964417855,26.32098077153428,32.901225964417854
remnant_post_hepatectomy_with_HABR,322,112,96,1.5120443668661954,0.04721798712475286,0.2706135468106988,21,150.0,0.7023017580516819,0.17557543951292048,2.632098077153426,3.2901225964417824,26.32098077153426,32.901225964417826
remnant_post_hepatectomy_with_HABR,323,96,49,0.24329938767635534,0.01538673419856308,0.21478611444207443,1,150.0,0.35115087902584097,0.08778771975646024,2.632098077153427,3.290122596441784,26.320980771534266,32.90122596441784
remnant_post_hepatectomy_with_HABR,324,96,186,7.208576250051813,0.04666694947945348,0.21478611444207443,20,150.0,0.35115087902584097,0.08778771975646024,2.632098077153427,3.290122596441784,26.320980771534266,32.90122596441784
remnant_post_hepatectomy_with_HABR,325,186,97,0.9829876704616125,0.015488359562561371,0.17047585200675552,1,150.0,0.17557543951292048,0.04389385987823012,2.632098077153427,3.290122596441784,26.320980771534266,32.90122596441784
remnant_post_hepatectomy_with_HABR,326,186,194,5.195502391788293,0.046091184267211205,0.17047585200675552,19,150.0,0.17557543951292048,0.04389385987823012,2.632098077153427,3.290122596441784,26.320980771534266,32.90122596441784
remnant_post_hepatectomy_with_HABR,327,194,238,0.6234602870145923,0.04097267525196819,0.15,13,150.0,0.08778771975646024,0.02194692993911506,1.9319100601293204,2.4148875751616505,19.319100601293204,24.148875751616504
remnant_post_hepatectomy_with_HABR,328,238,187,0.08501731186563359,0.01599271101607343,0.15,1,150.0,0.04389385987823012,0.01097346496955753,0.9659550300646602,1.2074437875808253,9.659550300646602,12.074437875808252
remnant_post_hepatectomy_with_HABR,329,238,308,3.404782084315907,0.04014383394622968,0.15,12,150.0,0.04389385987823012,0.01097346496955753,0.9659550300646602,1.2074437875808253,9.659550300646602,12.074437875808252
remnant_post_hepatectomy_with_HABR,330,308,560,8.330117217721602,0.03371488147174008,0.15,7,150.0,0.02194692993911506,0.005486732484778765,0.4829775150323301,0.6037218937904126,4.829775150323301,6.037218937904126
remnant_post_hepatectomy_with_HABR,331,560,239,1.1359250751438679,0.016637348667483596,0.15,1,150.0,0.01097346496955753,0.0027433662423893826,0.24148875751616505,0.3018609468952063,2.4148875751616505,3.018609468952063
remnant_post_hepatectomy_with_HABR,332,560,666,2.3668963124713787,0.032306379098666176,0.15,6,150.0,0.01097346496955753,0.0027433662423893826,0.24148875751616505,0.3018609468952063,2.4148875751616505,3.018609468952063
remnant_post_hepatectomy_with_HABR,333,666,690,9.60642449873968,0.03068317510575728,0.15,5,150.0,0.005486732484778765,0.0013716831211946913,0.12074437875808253,0.15093047344760316,1.2074437875808253,1.5093047344760315
remnant_post_hepatectomy_with_HABR,334,690,836,1.1527709398487667,0.022402956711389626,0.15,2,150.0,0.0027433662423893826,0.0006858415605973456,0.06037218937904126,0.07546523672380158,0.6037218937904126,0.7546523672380158
remnant_post_hepatectomy_with_HABR,335,836,561,0.1571960372521053,0.01778123852542897,0.15,1,150.0,0.0013716831211946913,0.0003429207802986728,0.03018609468952063,0.03773261836190079,0.3018609468952063,0.3773261836190079
remnant_post_hepatectomy_with_HABR,336,836,837,13.674421335108146,0.01778123852542897,0.15,1,150.0,0.0013716831211946913,0.0003429207802986728,0.03018609468952063,0.03773261836190079,0.3018609468952063,0.3773261836190079
remnant_post_hepatectomy_with_HABR,337,690,1108,6.386082438670896,0.02603300636398889,0.15,3,150.0,0.0027433662423893826,0.0006858415605973456,0.06037218937904126,0.07546523672380158,0.6037218937904126,0.7546523672380158
remnant_post_hepatectomy_with_HABR,338,1108,691,0.8708294234551176,0.017740117429824096,0.15,1,150.0,0.0013716831211946913,0.0003429207802986728,0.03018609468952063,0.03773261836190079,0.3018609468952063,0.3773261836190079
remnant_post_hepatectomy_with_HABR,339,1108,1244,11.859735855640961,0.022932377447603777,0.15,2,150.0,0.0013716831211946913,0.0003429207802986728,0.03018609468952063,0.03773261836190079,0.3018609468952063,0.3773261836190079
remnant_post_hepatectomy_with_HABR,340,1244,1109,1.6172367075873986,0.018201440042229032,0.15,1,150.0,0.0006858415605973456,0.0001714603901493364,0.015093047344760316,0.018866309180950395,0.15093047344760316,0.18866309180950394
remnant_post_hepatectomy_with_HABR,341,1244,1245,15.754534702569305,0.018201440042229032,0.15,1,150.0,0.0006858415605973456,0.0001714603901493364,0.015093047344760316,0.018866309180950395,0.15093047344760316,0.18866309180950394
remnant_post_hepatectomy_with_HABR,342,666,667,3.8156318700811673,0.016905285871532744,0.15,1,150.0,0.005486732484778765,0.0013716831211946913,0.12074437875808253,0.15093047344760316,1.2074437875808253,1.5093047344760315
remnant_post_hepatectomy_with_HABR,343,308,408,5.908889914199312,0.029764606303449646,0.15,5,150.0,0.02194692993911506,0.005486732484778765,0.4829775150323301,0.6037218937904126,4.829775150323301,6.037218937904126
remnant_post_hepatectomy_with_HABR,344,408,309,0.8057577155726355,0.01669571354144439,0.15,1,150.0,0.01097346496955753,0.0027433662423893826,0.24148875751616505,0.3018609468952063,2.4148875751616505,3.018609468952063
remnant_post_hepatectomy_with_HABR,345,408,996,6.10736553385497,0.027899098271346148,0.15,4,150.0,0.01097346496955753,0.0027433662423893826,0.24148875751616505,0.3018609468952063,2.4148875751616505,3.018609468952063
remnant_post_hepatectomy_with_HABR,346,996,482,1.5738764538279542,0.025595500471232224,0.15,3,150.0,0.005486732484778765,0.0013716831211946913,0.12074437875808253,0.15093047344760316,1.2074437875808253,1.5093047344760315
remnant_post_hepatectomy_with_HABR,347,482,552,0.9217490385219393,0.022546980151265186,0.15,2,150.0,0.0027433662423893826,0.0006858415605973456,0.06037218937904126,0.07546523672380158,0.6037218937904126,0.7546523672380158
remnant_post_hepatectomy_with_HABR,348,552,409,0.1256930507075486,0.01789555000541224,0.15,1,150.0,0.0013716831211946913,0.0003429207802986728,0.03018609468952063,0.03773261836190079,0.3018609468952063,0.3773261836190079
remnant_post_hepatectomy_with_HABR,349,552,553,7.648746693279435,0.01789555000541224,0.15,1,150.0,0.0013716831211946913,0.0003429207802986728,0.03018609468952063,0.03773261836190079,0.3018609468952063,0.3773261836190079
remnant_post_hepatectomy_with_HABR,350,482,483,6.399711996467381,0.017441980295555982,0.15,1,150.0,0.0027433662423893826,0.0006858415605973456,0.06037218937904126,0.07546523672380158,0.6037218937904126,0.7546523672380158
remnant_post_hepatectomy_with_HABR,351,996,997,7.265006172182619,0.01703931179464698,0.15,1,150.0,0.005486732484778765,0.0013716831211946913,0.12074437875808253,0.15093047344760316,1.2074437875808253,1.5093047344760315
remnant_post_hepatectomy_with_HABR,352,194,528,10.947024710309616,0.030769956080418354,0.15,6,150.0,0.08778771975646024,0.02194692993911506,1.9319100601293204,2.4148875751616505,19.319100601293204,24.148875751616504
remnant_post_hepatectomy_with_HABR,353,528,224,1.4927760968604065,0.027105138646546435,0.15,4,150.0,0.04389385987823012,0.01097346496955753,0.9659550300646602,1.2074437875808253,9.659550300646602,12.074437875808252
remnant_post_hepatectomy_with_HABR,354,224,1220,1.492776096860419,0.02151336280063586,0.15,2,150.0,0.02194692993911506,0.005486732484778765,0.4829775150323301,0.6037218937904126,4.829775150323301,6.037218937904126
remnant_post_hepatectomy_with_HABR,355,1220,195,0.2035603768445953,0.017075167370551453,0.15,1,150.0,0.01097346496955753,0.0027433662423893826,0.24148875751616505,0.3018609468952063,2.4148875751616505,3.018609468952063
remnant_post_hepatectomy_with_HABR,356,1220,1221,3.2070463255797406,0.017075167370551453,0.15,1,150.0,0.01097346496955753,0.0027433662423893826,0.24148875751616505,0.3018609468952063,2.4148875751616505,3.018609468952063
remnant_post_hepatectomy_with_HABR,357,224,500,8.751938206887687,0.02151336280063586,0.15,2,150.0,0.02194692993911506,0.005486732484778765,0.4829775150323301,0.6037218937904126,4.829775150323301,6.037218937904126
remnant_post_hepatectomy_with_HABR,358,500,225,1.1934461191210584,0.017075167370551453,0.15,1,150.0,0.01097346496955753,0.0027433662423893826,0.24148875751616505,0.3018609468952063,2.4148875751616505,3.018609468952063
remnant_post_hepatectomy_with_HABR,359,500,501,8.850285625193484,0.017075167370551453,0.15,1,150.0,0.01097346496955753,0.0027433662423893826,0.24148875751616505,0.3018609468952063,2.4148875751616505,3.018609468952063
remnant_post_hepatectomy_with_HABR,360,528,876,3.426222793029094,0.020968098211362796,0.15,2,150.0,0.04389385987823012,0.01097346496955753,0.9659550300646602,1.2074437875808253,9.659550300646602,12.074437875808252
remnant_post_hepatectomy_with_HABR,361,876,529,0.46721219904941963,0.016642390579244916,0.15,1,150.0,0.02194692993911506,0.005486732484778765,0.4829775150323301,0.6037218937904126,4.829775150323301,6.037218937904126
remnant_post_hepatectomy_with_HABR,362,876,877,3.6631942233129693,0.016642390579244916,0.15,1,150.0,0.02194692993911506,0.005486732484778765,0.4829775150323301,0.6037218937904126,4.829775150323301,6.037218937904126
remnant_post_hepatectomy_with_HABR,363,112,114,8.774033580391146,0.05454473076716304,0.2706135468106988,22,150.0,0.7023017580516819,0.17557543951292048,2.632098077153426,3.2901225964417824,26.32098077153426,32.901225964417826
remnant_post_hepatectomy_with_HABR,364,114,1016,0.1435750949518486,0.019924289286603652,0.21478611444207443,2,150.0,0.35115087902584097,0.08778771975646024,2.632098077153427,3.290122596441784,26.320980771534266,32.90122596441784
remnant_post_hepatectomy_with_HABR,365,1016,113,1.0528840296469513,0.015813918886636687,0.17047585200675552,1,150.0,0.17557543951292048,0.04389385987823012,2.632098077153427,3.290122596441784,26.320980771534266,32.90122596441784
remnant_post_hepatectomy_with_HABR,366,1016,1017,6.178782287852983,0.015813918886636687,0.17047585200675552,1,150.0,0.17557543951292048,0.04389385987823012,2.632098077153427,3.290122596441784,26.320980771534266,32.90122596441784
remnant_post_hepatectomy_with_HABR,367,114,632,8.33839575982777,0.05364375074237933,0.21478611444207443,20,150.0,0.35115087902584097,0.08778771975646024,2.632098077153427,3.290122596441784,26.320980771534266,32.90122596441784
remnant_post_hepatectomy_with_HABR,368,632,1188,5.15651321595114,0.0494041676730536,0.17047585200675552,13,150.0,0.17557543951292048,0.04389385987823012,2.632098077153427,3.290122596441784,26.320980771534266,32.90122596441784
remnant_post_hepatectomy_with_HABR,369,1188,118,1.6929799500476308,0.04885737222913959,0.15,12,150.0,0.08778771975646024,0.02194692993911506,1.9319100601293204,2.4148875751616505,19.319100601293204,24.148875751616504
remnant_post_hepatectomy_with_HABR,370,118,115,2.0710757626127183,0.01592095398187652,0.15,1,150.0,0.04389385987823012,0.01097346496955753,0.9659550300646602,1.2074437875808253,9.659550300646602,12.074437875808252
remnant_post_hepatectomy_with_HABR,371,118,256,6.626045843964712,0.04828720282997546,0.15,11,150.0,0.04389385987823012,0.01097346496955753,0.9659550300646602,1.2074437875808253,9.659550300646602,12.074437875808252
remnant_post_hepatectomy_with_HABR,372,256,119,2.570069013729768,0.016026107728131483,0.15,1,150.0,0.02194692993911506,0.005486732484778765,0.4829775150323301,0.6037218937904126,4.829775150323301,6.037218937904126
remnant_post_hepatectomy_with_HABR,373,256,260,4.138583527045098,0.047691447335002995,0.15,10,150.0,0.02194692993911506,0.005486732484778765,0.4829775150323301,0.6037218937904126,4.829775150323301,6.037218937904126
remnant_post_hepatectomy_with_HABR,374,260,257,0.564352299142502,0.016136372176017415,0.15,1,150.0,0.01097346496955753,0.0027433662423893826,0.24148875751616505,0.3018609468952063,2.4148875751616505,3.018609468952063
remnant_post_hepatectomy_with_HABR,375,260,416,6.860137849414981,0.04706755564315004,0.15,9,150.0,0.01097346496955753,0.0027433662423893826,0.24148875751616505,0.3018609468952063,2.4148875751616505,3.018609468952063
remnant_post_hepatectomy_with_HABR,376,416,348,3.43569547542389,0.04019873998646222,0.15,2,150.0,0.005486732484778765,0.0013716831211946913,0.12074437875808253,0.15093047344760316,1.2074437875808253,1.5093047344760315
remnant_post_hepatectomy_with_HABR,377,348,474,1.831654355586394,0.028312332805731234,0.15,1,150.0,0.0027433662423893826,0.0006858415605973456,0.06037218937904126,0.07546523672380158,0.6037218937904126,0.7546523672380158
remnant_post_hepatectomy_with_HABR,378,474,696,0.2197985226703692,0.02247151343974577,0.15,1,150.0,0.0027433662423893826,0.0006858415605973456,0.06037218937904126,0.07546523672380158,0.6037218937904126,0.7546523672380158
remnant_post_hepatectomy_with_HABR,379,696,697,9.847554180431079,0.01783565203678499,0.15,1,150.0,0.0027433662423893826,0.0006858415605973456,0.06037218937904126,0.07546523672380158,0.6037218937904126,0.7546523672380158
remnant_post_hepatectomy_with_HABR,380,348,380,12.073917280523663,0.03483290912915534,0.15,1,150.0,0.0027433662423893826,0.0006858415605973456,0.06037218937904126,0.07546523672380158,0.6037218937904126,0.7546523672380158
remnant_post_hepatectomy_with_HABR,381,380,738,3.4840190388569865,0.033377699054915354,0.15,1,150.0,0.0027433662423893826,0.0006858415605973456,0.06037218937904126,0.07546523672380158,0.6037218937904126,0.7546523672380158
remnant_post_hepatectomy_with_HABR,382,738,602,3.6520280381327153,0.0317006675864681,0.15,1,150.0,0.0027433662423893826,0.0006858415605973456,0.06037218937904126,0.07546523672380158,0.6037218937904126,0.7546523672380158
remnant_post_hepatectomy_with_HABR,383,602,1090,0.856325649238796,0.026896293430413946,0.15,1,150.0,0.0027433662423893826,0.0006858415605973456,0.06037218937904126,0.07546523672380158,0.6037218937904126,0.7546523672380158
remnant_post_hepatectomy_with_HABR,384,1090,1146,10.273128439497052,0.023692843779309487,0.15,1,150.0,0.0027433662423893826,0.0006858415605973456,0.06037218937904126,0.07546523672380158,0.6037218937904126,0.7546523672380158
remnant_post_hepatectomy_with_HABR,385,1146,1147,9.712520996041256,0.01880502256969705,0.15,1,150.0,0.0027433662423893826,0.0006858415605973456,0.06037218937904126,0.07546523672380158,0.6037218937904126,0.7546523672380158
remnant_post_hepatectomy_with_HABR,386,416,478,12.499160806216729,0.03400248988446265,0.15,7,150.0,0.005486732484778765,0.0013716831211946913,0.12074437875808253,0.15093047344760316,1.2074437875808253,1.5093047344760315
remnant_post_hepatectomy_with_HABR,387,478,918,1.499899296745991,0.02547941791542588,0.15,3,150.0,0.0027433662423893826,0.0006858415605973456,0.06037218937904126,0.07546523672380158,0.6037218937904126,0.7546523672380158
remnant_post_hepatectomy_with_HABR,388,918,417,0.20453172228355918,0.017362876171246804,0.15,1,150.0,0.0013716831211946913,0.0003429207802986728,0.03018609468952063,0.03773261836190079,0.3018609468952063,0.3773261836190079
remnant_post_hepatectomy_with_HABR,389,918,1258,5.084290838637149,0.022444723464211325,0.15,2,150.0,0.0013716831211946913,0.0003429207802986728,0.03018609468952063,0.03773261836190079,0.3018609468952063,0.3773261836190079
remnant_post_hepatectomy_with_HABR,390,1258,919,0.6933123870868674,0.017814388819112202,0.15,1,150.0,0.0006858415605973456,0.0001714603901493364,0.015093047344760316,0.018866309180950395,0.15093047344760316,0.18866309180950394
remnant_post_hepatectomy_with_HABR,391,1258,1259,4.656798381403097,0.017814388819112202,0.15,1,150.0,0.0006858415605973456,0.0001714603901493364,0.015093047344760316,0.018866309180950395,0.15093047344760316,0.18866309180950394
remnant_post_hepatectomy_with_HABR,392,478,518,5.464004306428213,0.028344128507430236,0.15,4,150.0,0.0027433662423893826,0.0006858415605973456,0.06037218937904126,0.07546523672380158,0.6037218937904126,0.7546523672380158
remnant_post_hepatectomy_with_HABR,393,518,479,6.3386991732359075,0.017311113014777106,0.15,1,150.0,0.0013716831211946913,0.0003429207802986728,0.03018609468952063,0.03773261836190079,0.3018609468952063,0.3773261836190079
remnant_post_hepatectomy_with_HABR,394,518,590,4.133609605480767,0.026003785051135722,0.15,3,150.0,0.0013716831211946913,0.0003429207802986728,0.03018609468952063,0.03773261836190079,0.3018609468952063,0.3773261836190079
remnant_post_hepatectomy_with_HABR,395,590,519,0.5636740371110145,0.01772020465009283,0.15,1,150.0,0.0006858415605973456,0.0001714603901493364,0.015093047344760316,0.018866309180950395,0.15093047344760316,0.18866309180950394
remnant_post_hepatectomy_with_HABR,396,590,616,12.068854795671507,0.02290663650295475,0.15,2,150.0,0.0006858415605973456,0.0001714603901493364,0.015093047344760316,0.018866309180950395,0.15093047344760316,0.18866309180950394
remnant_post_hepatectomy_with_HABR,397,616,591,1.6457529266824777,0.018181009440921766,0.15,1,150.0,0.0003429207802986728,8.57301950746682e-05,0.007546523672380158,0.009433154590475197,0.07546523672380158,0.09433154590475197
remnant_post_hepatectomy_with_HABR,398,616,617,9.930117275967092,0.018181009440921766,0.15,1,150.0,0.0003429207802986728,8.57301950746682e-05,0.007546523672380158,0.009433154590475197,0.07546523672380158,0.09433154590475197
remnant_post_hepatectomy_with_HABR,399,1188,1189,2.22520112694264,0.0158204653924026,0.15,1,150.0,0.08778771975646024,0.02194692993911506,1.9319100601293204,2.4148875751616505,19.319100601293204,24.148875751616504
remnant_post_hepatectomy_with_HABR,400,632,1238,3.5961019028583845,0.03232728824363703,0.17047585200675552,7,150.0,0.17557543951292048,0.04389385987823012,2.632098077153427,3.290122596441784,26.320980771534266,32.90122596441784
remnant_post_hepatectomy_with_HABR,401,1238,770,4.006726604051755,0.030976755178753708,0.15,6,150.0,0.08778771975646024,0.02194692993911506,1.9319100601293204,2.4148875751616505,19.319100601293204,24.148875751616504
remnant_post_hepatectomy_with_HABR,402,770,1150,3.4796813727399565,0.027287307194909353,0.15,4,150.0,0.04389385987823012,0.01097346496955753,0.9659550300646602,1.2074437875808253,9.659550300646602,12.074437875808252
remnant_post_hepatectomy_with_HABR,403,1150,994,1.6110401342003255,0.02503422430979742,0.15,3,150.0,0.02194692993911506,0.005486732484778765,0.4829775150323301,0.6037218937904126,4.829775150323301,6.037218937904126
remnant_post_hepatectomy_with_HABR,404,994,633,0.694189296400961,0.017059500267118395,0.15,1,150.0,0.01097346496955753,0.0027433662423893826,0.24148875751616505,0.3018609468952063,2.4148875751616505,3.018609468952063
remnant_post_hepatectomy_with_HABR,405,994,1124,6.450654752911891,0.022052554090502188,0.15,2,150.0,0.01097346496955753,0.0027433662423893826,0.24148875751616505,0.3018609468952063,2.4148875751616505,3.018609468952063
remnant_post_hepatectomy_with_HABR,406,1124,995,0.8796347390334385,0.0175031237809244,0.15,1,150.0,0.005486732484778765,0.0013716831211946913,0.12074437875808253,0.15093047344760316,1.2074437875808253,1.5093047344760315
remnant_post_hepatectomy_with_HABR,407,1124,1125,5.064402413274495,0.0175031237809244,0.15,1,150.0,0.005486732484778765,0.0013716831211946913,0.12074437875808253,0.15093047344760316,1.2074437875808253,1.5093047344760315
remnant_post_hepatectomy_with_HABR,408,1150,1151,2.485163191775519,0.01666566176469975,0.15,1,150.0,0.02194692993911506,0.005486732484778765,0.4829775150323301,0.6037218937904126,4.829775150323301,6.037218937904126
remnant_post_hepatectomy_with_HABR,409,770,1054,9.419802118691647,0.02110902086307488,0.15,2,150.0,0.04389385987823012,0.01097346496955753,0.9659550300646602,1.2074437875808253,9.659550300646602,12.074437875808252
remnant_post_hepatectomy_with_HABR,410,1054,771,1.2845184707306767,0.016754240962031874,0.15,1,150.0,0.02194692993911506,0.005486732484778765,0.4829775150323301,0.6037218937904126,4.829775150323301,6.037218937904126
remnant_post_hepatectomy_with_HABR,411,1054,1055,6.513469328577063,0.016754240962031874,0.15,1,150.0,0.02194692993911506,0.005486732484778765,0.4829775150323301,0.6037218937904126,4.829775150323301,6.037218937904126
remnant_post_hepatectomy_with_HABR,412,1238,1239,0.6947488515069442,0.01595261031644,0.15,1,150.0,0.08778771975646024,0.02194692993911506,1.9319100601293204,2.4148875751616505,19.319100601293204,24.148875751616504
remnant_post_hepatectomy_with_HABR,413,98,1268,6.796371056678022,0.06282142202043892,0.5412270936213975,1,150.0,5.6184140644134555,1.4046035161033639,2.632098077153428,3.290122596441785,26.32098077153428,32.90122596441785
remnant_post_hepatectomy_with_HABR,414,1268,99,2.055825916934233,0.04986139570069149,0.5412270936213975,1,150.0,5.6184140644134555,1.4046035161033639,2.632098077153428,3.290122596441785,26.32098077153428,32.90122596441785
remnant_post_hepatectomy_with_HABR,415,70,1214,5.168050738552285,0.06980662768241272,0.681903408027022,1,150.0,11.236828128826911,2.8092070322067277,2.632098077153428,3.2901225964417855,26.32098077153428,32.901225964417854
remnant_post_hepatectomy_with_HABR,416,1214,1215,8.691834774699679,0.055405557108707204,0.681903408027022,1,150.0,11.236828128826911,2.8092070322067277,2.632098077153428,3.2901225964417855,26.32098077153428,32.901225964417854
remnant_post_hepatectomy_with_HABR,417,50,126,7.406397863103988,0.20081209571565142,0.873523899057987,2,150.0,23.62106799775855,5.905266999439638,2.632098077153427,3.290122596441784,26.320980771534266,32.90122596441784
remnant_post_hepatectomy_with_HABR,418,126,526,8.018819061702773,0.19365161049051435,0.873523899057987,2,150.0,23.62106799775855,5.905266999439638,2.632098077153427,3.290122596441784,26.320980771534266,32.90122596441784
remnant_post_hepatectomy_with_HABR,419,526,778,11.392913286322578,0.16142600592088097,0.873523899057987,2,150.0,23.62106799775855,5.905266999439638,2.632098077153427,3.290122596441784,26.320980771534266,32.90122596441784
remnant_post_hepatectomy_with_HABR,420,778,964,5.029871652134148,0.1480972384996615,0.873523899057987,2,150.0,23.62106799775855,5.905266999439638,2.632098077153427,3.290122596441784,26.320980771534266,32.90122596441784
remnant_post_hepatectomy_with_HABR,421,964,1038,7.67333612424204,0.1304583006947666,0.873523899057987,2,150.0,23.62106799775855,5.905266999439638,2.632098077153427,3.290122596441784,26.320980771534266,32.90122596441784
remnant_post_hepatectomy_with_HABR,422,1038,965,4.457611625245277,0.10354482188042813,0.6933163781420059,1,150.0,11.810533998879276,2.952633499719819,2.632098077153427,3.290122596441784,26.320980771534266,32.90122596441784
remnant_post_hepatectomy_with_HABR,423,1038,1039,10.929302832166899,0.10354482188042813,0.6933163781420059,1,150.0,11.810533998879276,2.952633499719819,2.632098077153427,3.290122596441784,26.320980771534266,32.90122596441784
remnant_post_hepatectomy_with_HABR,424,68,434,6.649662584645009,0.26150259914544904,0.7390278121202744,3,150.0,14.304000062025272,3.576000015506318,2.6320980771534273,3.290122596441784,26.320980771534273,32.90122596441784
remnant_post_hepatectomy_with_HABR,425,434,69,2.6946744870778008,0.17820019525142786,0.5036083803619062,1,150.0,4.52641115710379,1.1316027892759475,2.6320980771534273,3.2901225964417846,26.320980771534273,32.90122596441785
remnant_post_hepatectomy_with_HABR,426,434,722,8.638951682112022,0.23035665659530838,0.6510068216808956,2,150.0,9.777588904921481,2.4443972262303704,2.632098077153428,3.290122596441785,26.32098077153428,32.90122596441785
remnant_post_hepatectomy_with_HABR,427,722,435,1.2713326575406743,0.18283419950363494,0.516704456787364,1,150.0,4.888794452460741,1.2221986131151852,2.632098077153426,3.2901225964417824,26.32098077153426,32.901225964417826
remnant_post_hepatectomy_with_HABR,428,722,723,5.006686243651926,0.18283419950363494,0.516704456787364,1,150.0,4.888794452460741,1.2221986131151852,2.632098077153426,3.2901225964417824,26.32098077153426,32.901225964417826
